date,repository,stars,daily_change,observation
2013-01-29,conda/conda,3,3,estimated
2013-01-30,conda/conda,20,17,estimated
2013-01-31,conda/conda,24,4,estimated
2013-02-01,conda/conda,26,2,estimated
2013-02-02,conda/conda,26,0,estimated
2013-02-03,conda/conda,27,1,estimated
2013-02-04,conda/conda,30,3,estimated
2013-02-05,conda/conda,31,1,estimated
2013-02-06,conda/conda,31,0,estimated
2013-02-07,conda/conda,31,0,estimated
2013-02-08,conda/conda,31,0,estimated
2013-02-09,conda/conda,31,0,estimated
2013-02-10,conda/conda,31,0,estimated
2013-02-11,conda/conda,32,1,estimated
2013-02-12,conda/conda,33,1,estimated
2013-02-13,conda/conda,33,0,estimated
2013-02-14,conda/conda,33,0,estimated
2013-02-15,conda/conda,33,0,estimated
2013-02-16,conda/conda,33,0,estimated
2013-02-17,conda/conda,33,0,estimated
2013-02-18,conda/conda,33,0,estimated
2013-02-19,conda/conda,33,0,estimated
2013-02-20,conda/conda,33,0,estimated
2013-02-21,conda/conda,33,0,estimated
2013-02-22,conda/conda,33,0,estimated
2013-02-23,conda/conda,33,0,estimated
2013-02-24,conda/conda,33,0,estimated
2013-02-25,conda/conda,33,0,estimated
2013-02-26,conda/conda,33,0,estimated
2013-02-27,conda/conda,33,0,estimated
2013-02-28,conda/conda,33,0,estimated
2013-03-01,conda/conda,33,0,estimated
2013-03-02,conda/conda,33,0,estimated
2013-03-03,conda/conda,33,0,estimated
2013-03-04,conda/conda,33,0,estimated
2013-03-05,conda/conda,33,0,estimated
2013-03-06,conda/conda,33,0,estimated
2013-03-07,conda/conda,34,1,estimated
2013-03-08,conda/conda,35,1,estimated
2013-03-09,conda/conda,35,0,estimated
2013-03-10,conda/conda,35,0,estimated
2013-03-11,conda/conda,35,0,estimated
2013-03-12,conda/conda,35,0,estimated
2013-03-13,conda/conda,35,0,estimated
2013-03-14,conda/conda,35,0,estimated
2013-03-15,conda/conda,35,0,estimated
2013-03-16,conda/conda,35,0,estimated
2013-03-17,conda/conda,35,0,estimated
2013-03-18,conda/conda,35,0,estimated
2013-03-19,conda/conda,35,0,estimated
2013-03-20,conda/conda,35,0,estimated
2013-03-21,conda/conda,36,1,estimated
2013-03-22,conda/conda,36,0,estimated
2013-03-23,conda/conda,36,0,estimated
2013-03-24,conda/conda,36,0,estimated
2013-03-25,conda/conda,36,0,estimated
2013-03-26,conda/conda,36,0,estimated
2013-03-27,conda/conda,37,1,estimated
2013-03-28,conda/conda,37,0,estimated
2013-03-29,conda/conda,37,0,estimated
2013-03-30,conda/conda,37,0,estimated
2013-03-31,conda/conda,37,0,estimated
2013-04-01,conda/conda,37,0,estimated
2013-04-02,conda/conda,37,0,estimated
2013-04-03,conda/conda,37,0,estimated
2013-04-04,conda/conda,37,0,estimated
2013-04-05,conda/conda,37,0,estimated
2013-04-06,conda/conda,37,0,estimated
2013-04-07,conda/conda,37,0,estimated
2013-04-08,conda/conda,37,0,estimated
2013-04-09,conda/conda,38,1,estimated
2013-04-10,conda/conda,38,0,estimated
2013-04-11,conda/conda,38,0,estimated
2013-04-12,conda/conda,38,0,estimated
2013-04-13,conda/conda,38,0,estimated
2013-04-14,conda/conda,38,0,estimated
2013-04-15,conda/conda,38,0,estimated
2013-04-16,conda/conda,38,0,estimated
2013-04-17,conda/conda,38,0,estimated
2013-04-18,conda/conda,38,0,estimated
2013-04-19,conda/conda,38,0,estimated
2013-04-20,conda/conda,38,0,estimated
2013-04-21,conda/conda,38,0,estimated
2013-04-22,conda/conda,38,0,estimated
2013-04-23,conda/conda,38,0,estimated
2013-04-24,conda/conda,39,1,estimated
2013-04-25,conda/conda,39,0,estimated
2013-04-26,conda/conda,39,0,estimated
2013-04-27,conda/conda,39,0,estimated
2013-04-28,conda/conda,39,0,estimated
2013-04-29,conda/conda,39,0,estimated
2013-04-30,conda/conda,39,0,estimated
2013-05-01,conda/conda,39,0,estimated
2013-05-02,conda/conda,39,0,estimated
2013-05-03,conda/conda,39,0,estimated
2013-05-04,conda/conda,39,0,estimated
2013-05-05,conda/conda,39,0,estimated
2013-05-06,conda/conda,39,0,estimated
2013-05-07,conda/conda,39,0,estimated
2013-05-08,conda/conda,39,0,estimated
2013-05-09,conda/conda,39,0,estimated
2013-05-10,conda/conda,39,0,estimated
2013-05-11,conda/conda,39,0,estimated
2013-05-12,conda/conda,39,0,estimated
2013-05-13,conda/conda,44,5,estimated
2013-05-14,conda/conda,46,2,estimated
2013-05-15,conda/conda,47,1,estimated
2013-05-16,conda/conda,47,0,estimated
2013-05-17,conda/conda,47,0,estimated
2013-05-18,conda/conda,47,0,estimated
2013-05-19,conda/conda,47,0,estimated
2013-05-20,conda/conda,47,0,estimated
2013-05-21,conda/conda,47,0,estimated
2013-05-22,conda/conda,47,0,estimated
2013-05-23,conda/conda,47,0,estimated
2013-05-24,conda/conda,47,0,estimated
2013-05-25,conda/conda,47,0,estimated
2013-05-26,conda/conda,47,0,estimated
2013-05-27,conda/conda,47,0,estimated
2013-05-28,conda/conda,47,0,estimated
2013-05-29,conda/conda,47,0,estimated
2013-05-30,conda/conda,48,1,estimated
2013-05-31,conda/conda,48,0,estimated
2013-06-01,conda/conda,48,0,estimated
2013-06-02,conda/conda,49,1,estimated
2013-06-03,conda/conda,49,0,estimated
2013-06-04,conda/conda,49,0,estimated
2013-06-05,conda/conda,49,0,estimated
2013-06-06,conda/conda,49,0,estimated
2013-06-07,conda/conda,49,0,estimated
2013-06-08,conda/conda,49,0,estimated
2013-06-09,conda/conda,49,0,estimated
2013-06-10,conda/conda,49,0,estimated
2013-06-11,conda/conda,49,0,estimated
2013-06-12,conda/conda,49,0,estimated
2013-06-13,conda/conda,49,0,estimated
2013-06-14,conda/conda,50,1,estimated
2013-06-15,conda/conda,50,0,estimated
2013-06-16,conda/conda,50,0,estimated
2013-06-17,conda/conda,50,0,estimated
2013-06-18,conda/conda,50,0,estimated
2013-06-19,conda/conda,50,0,estimated
2013-06-20,conda/conda,50,0,estimated
2013-06-21,conda/conda,50,0,estimated
2013-06-22,conda/conda,50,0,estimated
2013-06-23,conda/conda,50,0,estimated
2013-06-24,conda/conda,50,0,estimated
2013-06-25,conda/conda,50,0,estimated
2013-06-26,conda/conda,50,0,estimated
2013-06-27,conda/conda,50,0,estimated
2013-06-28,conda/conda,50,0,estimated
2013-06-29,conda/conda,50,0,estimated
2013-06-30,conda/conda,50,0,estimated
2013-07-01,conda/conda,51,1,estimated
2013-07-02,conda/conda,51,0,estimated
2013-07-03,conda/conda,51,0,estimated
2013-07-04,conda/conda,51,0,estimated
2013-07-05,conda/conda,51,0,estimated
2013-07-06,conda/conda,52,1,estimated
2013-07-07,conda/conda,53,1,estimated
2013-07-08,conda/conda,53,0,estimated
2013-07-09,conda/conda,53,0,estimated
2013-07-10,conda/conda,53,0,estimated
2013-07-11,conda/conda,54,1,estimated
2013-07-12,conda/conda,54,0,estimated
2013-07-13,conda/conda,54,0,estimated
2013-07-14,conda/conda,55,1,estimated
2013-07-15,conda/conda,56,1,estimated
2013-07-16,conda/conda,56,0,estimated
2013-07-17,conda/conda,56,0,estimated
2013-07-18,conda/conda,56,0,estimated
2013-07-19,conda/conda,56,0,estimated
2013-07-20,conda/conda,56,0,estimated
2013-07-21,conda/conda,57,1,estimated
2013-07-22,conda/conda,58,1,estimated
2013-07-23,conda/conda,59,1,estimated
2013-07-24,conda/conda,59,0,estimated
2013-07-25,conda/conda,61,2,estimated
2013-07-26,conda/conda,61,0,estimated
2013-07-27,conda/conda,63,2,estimated
2013-07-28,conda/conda,63,0,estimated
2013-07-29,conda/conda,63,0,estimated
2013-07-30,conda/conda,63,0,estimated
2013-07-31,conda/conda,63,0,estimated
2013-08-01,conda/conda,64,1,estimated
2013-08-02,conda/conda,65,1,estimated
2013-08-03,conda/conda,65,0,estimated
2013-08-04,conda/conda,66,1,estimated
2013-08-05,conda/conda,67,1,estimated
2013-08-06,conda/conda,68,1,estimated
2013-08-07,conda/conda,68,0,estimated
2013-08-08,conda/conda,68,0,estimated
2013-08-09,conda/conda,68,0,estimated
2013-08-10,conda/conda,68,0,estimated
2013-08-11,conda/conda,68,0,estimated
2013-08-12,conda/conda,68,0,estimated
2013-08-13,conda/conda,68,0,estimated
2013-08-14,conda/conda,69,1,estimated
2013-08-15,conda/conda,69,0,estimated
2013-08-16,conda/conda,69,0,estimated
2013-08-17,conda/conda,69,0,estimated
2013-08-18,conda/conda,69,0,estimated
2013-08-19,conda/conda,69,0,estimated
2013-08-20,conda/conda,72,3,estimated
2013-08-21,conda/conda,72,0,estimated
2013-08-22,conda/conda,72,0,estimated
2013-08-23,conda/conda,72,0,estimated
2013-08-24,conda/conda,72,0,estimated
2013-08-25,conda/conda,72,0,estimated
2013-08-26,conda/conda,72,0,estimated
2013-08-27,conda/conda,72,0,estimated
2013-08-28,conda/conda,72,0,estimated
2013-08-29,conda/conda,72,0,estimated
2013-08-30,conda/conda,72,0,estimated
2013-08-31,conda/conda,72,0,estimated
2013-09-01,conda/conda,72,0,estimated
2013-09-02,conda/conda,72,0,estimated
2013-09-03,conda/conda,72,0,estimated
2013-09-04,conda/conda,72,0,estimated
2013-09-05,conda/conda,72,0,estimated
2013-09-06,conda/conda,72,0,estimated
2013-09-07,conda/conda,72,0,estimated
2013-09-08,conda/conda,72,0,estimated
2013-09-09,conda/conda,72,0,estimated
2013-09-10,conda/conda,72,0,estimated
2013-09-11,conda/conda,72,0,estimated
2013-09-12,conda/conda,72,0,estimated
2013-09-13,conda/conda,72,0,estimated
2013-09-14,conda/conda,72,0,estimated
2013-09-15,conda/conda,73,1,estimated
2013-09-16,conda/conda,73,0,estimated
2013-09-17,conda/conda,73,0,estimated
2013-09-18,conda/conda,73,0,estimated
2013-09-19,conda/conda,73,0,estimated
2013-09-20,conda/conda,73,0,estimated
2013-09-21,conda/conda,73,0,estimated
2013-09-22,conda/conda,73,0,estimated
2013-09-23,conda/conda,73,0,estimated
2013-09-24,conda/conda,73,0,estimated
2013-09-25,conda/conda,73,0,estimated
2013-09-26,conda/conda,73,0,estimated
2013-09-27,conda/conda,75,2,estimated
2013-09-28,conda/conda,75,0,estimated
2013-09-29,conda/conda,75,0,estimated
2013-09-30,conda/conda,76,1,estimated
2013-10-01,conda/conda,76,0,estimated
2013-10-02,conda/conda,76,0,estimated
2013-10-03,conda/conda,76,0,estimated
2013-10-04,conda/conda,76,0,estimated
2013-10-05,conda/conda,76,0,estimated
2013-10-06,conda/conda,76,0,estimated
2013-10-07,conda/conda,76,0,estimated
2013-10-08,conda/conda,76,0,estimated
2013-10-09,conda/conda,76,0,estimated
2013-10-10,conda/conda,76,0,estimated
2013-10-11,conda/conda,76,0,estimated
2013-10-12,conda/conda,76,0,estimated
2013-10-13,conda/conda,76,0,estimated
2013-10-14,conda/conda,76,0,estimated
2013-10-15,conda/conda,76,0,estimated
2013-10-16,conda/conda,76,0,estimated
2013-10-17,conda/conda,76,0,estimated
2013-10-18,conda/conda,76,0,estimated
2013-10-19,conda/conda,76,0,estimated
2013-10-20,conda/conda,76,0,estimated
2013-10-21,conda/conda,76,0,estimated
2013-10-22,conda/conda,76,0,estimated
2013-10-23,conda/conda,76,0,estimated
2013-10-24,conda/conda,77,1,estimated
2013-10-25,conda/conda,77,0,estimated
2013-10-26,conda/conda,77,0,estimated
2013-10-27,conda/conda,77,0,estimated
2013-10-28,conda/conda,77,0,estimated
2013-10-29,conda/conda,77,0,estimated
2013-10-30,conda/conda,77,0,estimated
2013-10-31,conda/conda,77,0,estimated
2013-11-01,conda/conda,77,0,estimated
2013-11-02,conda/conda,77,0,estimated
2013-11-03,conda/conda,77,0,estimated
2013-11-04,conda/conda,78,1,estimated
2013-11-05,conda/conda,78,0,estimated
2013-11-06,conda/conda,78,0,estimated
2013-11-07,conda/conda,78,0,estimated
2013-11-08,conda/conda,80,2,estimated
2013-11-09,conda/conda,81,1,estimated
2013-11-10,conda/conda,83,2,estimated
2013-11-11,conda/conda,84,1,estimated
2013-11-12,conda/conda,84,0,estimated
2013-11-13,conda/conda,84,0,estimated
2013-11-14,conda/conda,85,1,estimated
2013-11-15,conda/conda,86,1,estimated
2013-11-16,conda/conda,86,0,estimated
2013-11-17,conda/conda,86,0,estimated
2013-11-18,conda/conda,86,0,estimated
2013-11-19,conda/conda,87,1,estimated
2013-11-20,conda/conda,88,1,estimated
2013-11-21,conda/conda,88,0,estimated
2013-11-22,conda/conda,89,1,estimated
2013-11-23,conda/conda,89,0,estimated
2013-11-24,conda/conda,90,1,estimated
2013-11-25,conda/conda,90,0,estimated
2013-11-26,conda/conda,90,0,estimated
2013-11-27,conda/conda,90,0,estimated
2013-11-28,conda/conda,90,0,estimated
2013-11-29,conda/conda,90,0,estimated
2013-11-30,conda/conda,90,0,estimated
2013-12-01,conda/conda,90,0,estimated
2013-12-02,conda/conda,92,2,estimated
2013-12-03,conda/conda,92,0,estimated
2013-12-04,conda/conda,92,0,estimated
2013-12-05,conda/conda,92,0,estimated
2013-12-06,conda/conda,94,2,estimated
2013-12-07,conda/conda,96,2,estimated
2013-12-08,conda/conda,97,1,estimated
2013-12-09,conda/conda,100,3,estimated
2013-12-10,conda/conda,102,2,estimated
2013-12-11,conda/conda,104,2,estimated
2013-12-12,conda/conda,105,1,estimated
2013-12-13,conda/conda,105,0,estimated
2013-12-14,conda/conda,105,0,estimated
2013-12-15,conda/conda,105,0,estimated
2013-12-16,conda/conda,105,0,estimated
2013-12-17,conda/conda,105,0,estimated
2013-12-18,conda/conda,105,0,estimated
2013-12-19,conda/conda,105,0,estimated
2013-12-20,conda/conda,105,0,estimated
2013-12-21,conda/conda,106,1,estimated
2013-12-22,conda/conda,106,0,estimated
2013-12-23,conda/conda,106,0,estimated
2013-12-24,conda/conda,106,0,estimated
2013-12-25,conda/conda,106,0,estimated
2013-12-26,conda/conda,107,1,estimated
2013-12-27,conda/conda,107,0,estimated
2013-12-28,conda/conda,107,0,estimated
2013-12-29,conda/conda,107,0,estimated
2013-12-30,conda/conda,107,0,estimated
2013-12-31,conda/conda,109,2,estimated
2014-01-01,conda/conda,109,0,estimated
2014-01-02,conda/conda,109,0,estimated
2014-01-03,conda/conda,109,0,estimated
2014-01-04,conda/conda,110,1,estimated
2014-01-05,conda/conda,110,0,estimated
2014-01-06,conda/conda,110,0,estimated
2014-01-07,conda/conda,110,0,estimated
2014-01-08,conda/conda,110,0,estimated
2014-01-09,conda/conda,110,0,estimated
2014-01-10,conda/conda,110,0,estimated
2014-01-11,conda/conda,110,0,estimated
2014-01-12,conda/conda,110,0,estimated
2014-01-13,conda/conda,111,1,estimated
2014-01-14,conda/conda,111,0,estimated
2014-01-15,conda/conda,111,0,estimated
2014-01-16,conda/conda,114,3,estimated
2014-01-17,conda/conda,114,0,estimated
2014-01-18,conda/conda,115,1,estimated
2014-01-19,conda/conda,115,0,estimated
2014-01-20,conda/conda,115,0,estimated
2014-01-21,conda/conda,116,1,estimated
2014-01-22,conda/conda,120,4,estimated
2014-01-23,conda/conda,120,0,estimated
2014-01-24,conda/conda,120,0,estimated
2014-01-25,conda/conda,120,0,estimated
2014-01-26,conda/conda,121,1,estimated
2014-01-27,conda/conda,122,1,estimated
2014-01-28,conda/conda,122,0,estimated
2014-01-29,conda/conda,122,0,estimated
2014-01-30,conda/conda,124,2,estimated
2014-01-31,conda/conda,124,0,estimated
2014-02-01,conda/conda,124,0,estimated
2014-02-02,conda/conda,124,0,estimated
2014-02-03,conda/conda,124,0,estimated
2014-02-04,conda/conda,125,1,estimated
2014-02-05,conda/conda,125,0,estimated
2014-02-06,conda/conda,125,0,estimated
2014-02-07,conda/conda,125,0,estimated
2014-02-08,conda/conda,125,0,estimated
2014-02-09,conda/conda,126,1,estimated
2014-02-10,conda/conda,126,0,estimated
2014-02-11,conda/conda,126,0,estimated
2014-02-12,conda/conda,126,0,estimated
2014-02-13,conda/conda,126,0,estimated
2014-02-14,conda/conda,126,0,estimated
2014-02-15,conda/conda,127,1,estimated
2014-02-16,conda/conda,127,0,estimated
2014-02-17,conda/conda,127,0,estimated
2014-02-18,conda/conda,127,0,estimated
2014-02-19,conda/conda,128,1,estimated
2014-02-20,conda/conda,129,1,estimated
2014-02-21,conda/conda,130,1,estimated
2014-02-22,conda/conda,130,0,estimated
2014-02-23,conda/conda,130,0,estimated
2014-02-24,conda/conda,130,0,estimated
2014-02-25,conda/conda,130,0,estimated
2014-02-26,conda/conda,130,0,estimated
2014-02-27,conda/conda,130,0,estimated
2014-02-28,conda/conda,130,0,estimated
2014-03-01,conda/conda,130,0,estimated
2014-03-02,conda/conda,130,0,estimated
2014-03-03,conda/conda,130,0,estimated
2014-03-04,conda/conda,130,0,estimated
2014-03-05,conda/conda,130,0,estimated
2014-03-06,conda/conda,130,0,estimated
2014-03-07,conda/conda,130,0,estimated
2014-03-08,conda/conda,130,0,estimated
2014-03-09,conda/conda,130,0,estimated
2014-03-10,conda/conda,131,1,estimated
2014-03-11,conda/conda,132,1,estimated
2014-03-12,conda/conda,132,0,estimated
2014-03-13,conda/conda,133,1,estimated
2014-03-14,conda/conda,134,1,estimated
2014-03-15,conda/conda,135,1,estimated
2014-03-16,conda/conda,135,0,estimated
2014-03-17,conda/conda,135,0,estimated
2014-03-18,conda/conda,138,3,estimated
2014-03-19,conda/conda,138,0,estimated
2014-03-20,conda/conda,138,0,estimated
2014-03-21,conda/conda,139,1,estimated
2014-03-22,conda/conda,139,0,estimated
2014-03-23,conda/conda,139,0,estimated
2014-03-24,conda/conda,139,0,estimated
2014-03-25,conda/conda,140,1,estimated
2014-03-26,conda/conda,140,0,estimated
2014-03-27,conda/conda,141,1,estimated
2014-03-28,conda/conda,141,0,estimated
2014-03-29,conda/conda,141,0,estimated
2014-03-30,conda/conda,141,0,estimated
2014-03-31,conda/conda,141,0,estimated
2014-04-01,conda/conda,141,0,estimated
2014-04-02,conda/conda,141,0,estimated
2014-04-03,conda/conda,141,0,estimated
2014-04-04,conda/conda,141,0,estimated
2014-04-05,conda/conda,141,0,estimated
2014-04-06,conda/conda,141,0,estimated
2014-04-07,conda/conda,141,0,estimated
2014-04-08,conda/conda,141,0,estimated
2014-04-09,conda/conda,142,1,estimated
2014-04-10,conda/conda,143,1,estimated
2014-04-11,conda/conda,143,0,estimated
2014-04-12,conda/conda,144,1,estimated
2014-04-13,conda/conda,144,0,estimated
2014-04-14,conda/conda,145,1,estimated
2014-04-15,conda/conda,146,1,estimated
2014-04-16,conda/conda,146,0,estimated
2014-04-17,conda/conda,146,0,estimated
2014-04-18,conda/conda,148,2,estimated
2014-04-19,conda/conda,148,0,estimated
2014-04-20,conda/conda,148,0,estimated
2014-04-21,conda/conda,149,1,estimated
2014-04-22,conda/conda,150,1,estimated
2014-04-23,conda/conda,150,0,estimated
2014-04-24,conda/conda,150,0,estimated
2014-04-25,conda/conda,151,1,estimated
2014-04-26,conda/conda,151,0,estimated
2014-04-27,conda/conda,152,1,estimated
2014-04-28,conda/conda,153,1,estimated
2014-04-29,conda/conda,153,0,estimated
2014-04-30,conda/conda,154,1,estimated
2014-05-01,conda/conda,154,0,estimated
2014-05-02,conda/conda,154,0,estimated
2014-05-03,conda/conda,154,0,estimated
2014-05-04,conda/conda,155,1,estimated
2014-05-05,conda/conda,155,0,estimated
2014-05-06,conda/conda,156,1,estimated
2014-05-07,conda/conda,156,0,estimated
2014-05-08,conda/conda,156,0,estimated
2014-05-09,conda/conda,156,0,estimated
2014-05-10,conda/conda,156,0,estimated
2014-05-11,conda/conda,156,0,estimated
2014-05-12,conda/conda,157,1,estimated
2014-05-13,conda/conda,158,1,estimated
2014-05-14,conda/conda,158,0,estimated
2014-05-15,conda/conda,158,0,estimated
2014-05-16,conda/conda,158,0,estimated
2014-05-17,conda/conda,160,2,estimated
2014-05-18,conda/conda,160,0,estimated
2014-05-19,conda/conda,160,0,estimated
2014-05-20,conda/conda,161,1,estimated
2014-05-21,conda/conda,162,1,estimated
2014-05-22,conda/conda,163,1,estimated
2014-05-23,conda/conda,163,0,estimated
2014-05-24,conda/conda,163,0,estimated
2014-05-25,conda/conda,163,0,estimated
2014-05-26,conda/conda,163,0,estimated
2014-05-27,conda/conda,163,0,estimated
2014-05-28,conda/conda,163,0,estimated
2014-05-29,conda/conda,163,0,estimated
2014-05-30,conda/conda,164,1,estimated
2014-05-31,conda/conda,165,1,estimated
2014-06-01,conda/conda,165,0,estimated
2014-06-02,conda/conda,169,4,estimated
2014-06-03,conda/conda,170,1,estimated
2014-06-04,conda/conda,170,0,estimated
2014-06-05,conda/conda,172,2,estimated
2014-06-06,conda/conda,174,2,estimated
2014-06-07,conda/conda,175,1,estimated
2014-06-08,conda/conda,175,0,estimated
2014-06-09,conda/conda,175,0,estimated
2014-06-10,conda/conda,175,0,estimated
2014-06-11,conda/conda,176,1,estimated
2014-06-12,conda/conda,176,0,estimated
2014-06-13,conda/conda,177,1,estimated
2014-06-14,conda/conda,178,1,estimated
2014-06-15,conda/conda,178,0,estimated
2014-06-16,conda/conda,178,0,estimated
2014-06-17,conda/conda,181,3,estimated
2014-06-18,conda/conda,181,0,estimated
2014-06-19,conda/conda,182,1,estimated
2014-06-20,conda/conda,182,0,estimated
2014-06-21,conda/conda,183,1,estimated
2014-06-22,conda/conda,183,0,estimated
2014-06-23,conda/conda,185,2,estimated
2014-06-24,conda/conda,185,0,estimated
2014-06-25,conda/conda,185,0,estimated
2014-06-26,conda/conda,185,0,estimated
2014-06-27,conda/conda,185,0,estimated
2014-06-28,conda/conda,185,0,estimated
2014-06-29,conda/conda,185,0,estimated
2014-06-30,conda/conda,185,0,estimated
2014-07-01,conda/conda,185,0,estimated
2014-07-02,conda/conda,185,0,estimated
2014-07-03,conda/conda,187,2,estimated
2014-07-04,conda/conda,187,0,estimated
2014-07-05,conda/conda,187,0,estimated
2014-07-06,conda/conda,187,0,estimated
2014-07-07,conda/conda,188,1,estimated
2014-07-08,conda/conda,188,0,estimated
2014-07-09,conda/conda,189,1,estimated
2014-07-10,conda/conda,190,1,estimated
2014-07-11,conda/conda,191,1,estimated
2014-07-12,conda/conda,191,0,estimated
2014-07-13,conda/conda,191,0,estimated
2014-07-14,conda/conda,192,1,estimated
2014-07-15,conda/conda,192,0,estimated
2014-07-16,conda/conda,193,1,estimated
2014-07-17,conda/conda,193,0,estimated
2014-07-18,conda/conda,193,0,estimated
2014-07-19,conda/conda,193,0,estimated
2014-07-20,conda/conda,193,0,estimated
2014-07-21,conda/conda,193,0,estimated
2014-07-22,conda/conda,193,0,estimated
2014-07-23,conda/conda,197,4,estimated
2014-07-24,conda/conda,199,2,estimated
2014-07-25,conda/conda,203,4,estimated
2014-07-26,conda/conda,203,0,estimated
2014-07-27,conda/conda,203,0,estimated
2014-07-28,conda/conda,204,1,estimated
2014-07-29,conda/conda,205,1,estimated
2014-07-30,conda/conda,205,0,estimated
2014-07-31,conda/conda,206,1,estimated
2014-08-01,conda/conda,207,1,estimated
2014-08-02,conda/conda,208,1,estimated
2014-08-03,conda/conda,208,0,estimated
2014-08-04,conda/conda,208,0,estimated
2014-08-05,conda/conda,210,2,estimated
2014-08-06,conda/conda,211,1,estimated
2014-08-07,conda/conda,211,0,estimated
2014-08-08,conda/conda,211,0,estimated
2014-08-09,conda/conda,211,0,estimated
2014-08-10,conda/conda,212,1,estimated
2014-08-11,conda/conda,212,0,estimated
2014-08-12,conda/conda,212,0,estimated
2014-08-13,conda/conda,213,1,estimated
2014-08-14,conda/conda,213,0,estimated
2014-08-15,conda/conda,213,0,estimated
2014-08-16,conda/conda,213,0,estimated
2014-08-17,conda/conda,213,0,estimated
2014-08-18,conda/conda,213,0,estimated
2014-08-19,conda/conda,213,0,estimated
2014-08-20,conda/conda,213,0,estimated
2014-08-21,conda/conda,213,0,estimated
2014-08-22,conda/conda,213,0,estimated
2014-08-23,conda/conda,213,0,estimated
2014-08-24,conda/conda,214,1,estimated
2014-08-25,conda/conda,215,1,estimated
2014-08-26,conda/conda,215,0,estimated
2014-08-27,conda/conda,216,1,estimated
2014-08-28,conda/conda,216,0,estimated
2014-08-29,conda/conda,217,1,estimated
2014-08-30,conda/conda,217,0,estimated
2014-08-31,conda/conda,217,0,estimated
2014-09-01,conda/conda,219,2,estimated
2014-09-02,conda/conda,219,0,estimated
2014-09-03,conda/conda,219,0,estimated
2014-09-04,conda/conda,219,0,estimated
2014-09-05,conda/conda,219,0,estimated
2014-09-06,conda/conda,219,0,estimated
2014-09-07,conda/conda,221,2,estimated
2014-09-08,conda/conda,222,1,estimated
2014-09-09,conda/conda,224,2,estimated
2014-09-10,conda/conda,224,0,estimated
2014-09-11,conda/conda,224,0,estimated
2014-09-12,conda/conda,224,0,estimated
2014-09-13,conda/conda,224,0,estimated
2014-09-14,conda/conda,225,1,estimated
2014-09-15,conda/conda,225,0,estimated
2014-09-16,conda/conda,226,1,estimated
2014-09-17,conda/conda,227,1,estimated
2014-09-18,conda/conda,227,0,estimated
2014-09-19,conda/conda,227,0,estimated
2014-09-20,conda/conda,227,0,estimated
2014-09-21,conda/conda,227,0,estimated
2014-09-22,conda/conda,227,0,estimated
2014-09-23,conda/conda,230,3,estimated
2014-09-24,conda/conda,230,0,estimated
2014-09-25,conda/conda,230,0,estimated
2014-09-26,conda/conda,231,1,estimated
2014-09-27,conda/conda,232,1,estimated
2014-09-28,conda/conda,233,1,estimated
2014-09-29,conda/conda,234,1,estimated
2014-09-30,conda/conda,234,0,estimated
2014-10-01,conda/conda,235,1,estimated
2014-10-02,conda/conda,235,0,estimated
2014-10-03,conda/conda,236,1,estimated
2014-10-04,conda/conda,237,1,estimated
2014-10-05,conda/conda,237,0,estimated
2014-10-06,conda/conda,237,0,estimated
2014-10-07,conda/conda,237,0,estimated
2014-10-08,conda/conda,237,0,estimated
2014-10-09,conda/conda,237,0,estimated
2014-10-10,conda/conda,238,1,estimated
2014-10-11,conda/conda,238,0,estimated
2014-10-12,conda/conda,238,0,estimated
2014-10-13,conda/conda,238,0,estimated
2014-10-14,conda/conda,238,0,estimated
2014-10-15,conda/conda,238,0,estimated
2014-10-16,conda/conda,238,0,estimated
2014-10-17,conda/conda,238,0,estimated
2014-10-18,conda/conda,239,1,estimated
2014-10-19,conda/conda,240,1,estimated
2014-10-20,conda/conda,241,1,estimated
2014-10-21,conda/conda,243,2,estimated
2014-10-22,conda/conda,244,1,estimated
2014-10-23,conda/conda,245,1,estimated
2014-10-24,conda/conda,245,0,estimated
2014-10-25,conda/conda,245,0,estimated
2014-10-26,conda/conda,247,2,estimated
2014-10-27,conda/conda,247,0,estimated
2014-10-28,conda/conda,247,0,estimated
2014-10-29,conda/conda,247,0,estimated
2014-10-30,conda/conda,247,0,estimated
2014-10-31,conda/conda,247,0,estimated
2014-11-01,conda/conda,247,0,estimated
2014-11-02,conda/conda,247,0,estimated
2014-11-03,conda/conda,247,0,estimated
2014-11-04,conda/conda,249,2,estimated
2014-11-05,conda/conda,249,0,estimated
2014-11-06,conda/conda,249,0,estimated
2014-11-07,conda/conda,249,0,estimated
2014-11-08,conda/conda,249,0,estimated
2014-11-09,conda/conda,249,0,estimated
2014-11-10,conda/conda,251,2,estimated
2014-11-11,conda/conda,253,2,estimated
2014-11-12,conda/conda,254,1,estimated
2014-11-13,conda/conda,255,1,estimated
2014-11-14,conda/conda,255,0,estimated
2014-11-15,conda/conda,255,0,estimated
2014-11-16,conda/conda,255,0,estimated
2014-11-17,conda/conda,257,2,estimated
2014-11-18,conda/conda,258,1,estimated
2014-11-19,conda/conda,259,1,estimated
2014-11-20,conda/conda,259,0,estimated
2014-11-21,conda/conda,260,1,estimated
2014-11-22,conda/conda,261,1,estimated
2014-11-23,conda/conda,261,0,estimated
2014-11-24,conda/conda,261,0,estimated
2014-11-25,conda/conda,261,0,estimated
2014-11-26,conda/conda,262,1,estimated
2014-11-27,conda/conda,262,0,estimated
2014-11-28,conda/conda,263,1,estimated
2014-11-29,conda/conda,263,0,estimated
2014-11-30,conda/conda,264,1,estimated
2014-12-01,conda/conda,264,0,estimated
2014-12-02,conda/conda,264,0,estimated
2014-12-03,conda/conda,266,2,estimated
2014-12-04,conda/conda,266,0,estimated
2014-12-05,conda/conda,266,0,estimated
2014-12-06,conda/conda,266,0,estimated
2014-12-07,conda/conda,267,1,estimated
2014-12-08,conda/conda,267,0,estimated
2014-12-09,conda/conda,267,0,estimated
2014-12-10,conda/conda,267,0,estimated
2014-12-11,conda/conda,268,1,estimated
2014-12-12,conda/conda,268,0,estimated
2014-12-13,conda/conda,268,0,estimated
2014-12-14,conda/conda,268,0,estimated
2014-12-15,conda/conda,268,0,estimated
2014-12-16,conda/conda,269,1,estimated
2014-12-17,conda/conda,269,0,estimated
2014-12-18,conda/conda,270,1,estimated
2014-12-19,conda/conda,270,0,estimated
2014-12-20,conda/conda,270,0,estimated
2014-12-21,conda/conda,270,0,estimated
2014-12-22,conda/conda,272,2,estimated
2014-12-23,conda/conda,273,1,estimated
2014-12-24,conda/conda,274,1,estimated
2014-12-25,conda/conda,274,0,estimated
2014-12-26,conda/conda,274,0,estimated
2014-12-27,conda/conda,275,1,estimated
2014-12-28,conda/conda,275,0,estimated
2014-12-29,conda/conda,275,0,estimated
2014-12-30,conda/conda,275,0,estimated
2014-12-31,conda/conda,275,0,estimated
2015-01-01,conda/conda,276,1,estimated
2015-01-02,conda/conda,276,0,estimated
2015-01-03,conda/conda,277,1,estimated
2015-01-04,conda/conda,277,0,estimated
2015-01-05,conda/conda,277,0,estimated
2015-01-06,conda/conda,277,0,estimated
2015-01-07,conda/conda,280,3,estimated
2015-01-08,conda/conda,281,1,estimated
2015-01-09,conda/conda,282,1,estimated
2015-01-10,conda/conda,282,0,estimated
2015-01-11,conda/conda,282,0,estimated
2015-01-12,conda/conda,282,0,estimated
2015-01-13,conda/conda,283,1,estimated
2015-01-14,conda/conda,283,0,estimated
2015-01-15,conda/conda,285,2,estimated
2015-01-16,conda/conda,286,1,estimated
2015-01-17,conda/conda,286,0,estimated
2015-01-18,conda/conda,286,0,estimated
2015-01-19,conda/conda,286,0,estimated
2015-01-20,conda/conda,287,1,estimated
2015-01-21,conda/conda,287,0,estimated
2015-01-22,conda/conda,287,0,estimated
2015-01-23,conda/conda,287,0,estimated
2015-01-24,conda/conda,289,2,estimated
2015-01-25,conda/conda,289,0,estimated
2015-01-26,conda/conda,291,2,estimated
2015-01-27,conda/conda,291,0,estimated
2015-01-28,conda/conda,291,0,estimated
2015-01-29,conda/conda,292,1,estimated
2015-01-30,conda/conda,292,0,estimated
2015-01-31,conda/conda,293,1,estimated
2015-02-01,conda/conda,293,0,estimated
2015-02-02,conda/conda,294,1,estimated
2015-02-03,conda/conda,295,1,estimated
2015-02-04,conda/conda,295,0,estimated
2015-02-05,conda/conda,296,1,estimated
2015-02-06,conda/conda,296,0,estimated
2015-02-07,conda/conda,296,0,estimated
2015-02-08,conda/conda,297,1,estimated
2015-02-09,conda/conda,297,0,estimated
2015-02-10,conda/conda,297,0,estimated
2015-02-11,conda/conda,297,0,estimated
2015-02-12,conda/conda,297,0,estimated
2015-02-13,conda/conda,298,1,estimated
2015-02-14,conda/conda,299,1,estimated
2015-02-15,conda/conda,302,3,estimated
2015-02-16,conda/conda,304,2,estimated
2015-02-17,conda/conda,306,2,estimated
2015-02-18,conda/conda,307,1,estimated
2015-02-19,conda/conda,307,0,estimated
2015-02-20,conda/conda,308,1,estimated
2015-02-21,conda/conda,308,0,estimated
2015-02-22,conda/conda,308,0,estimated
2015-02-23,conda/conda,308,0,estimated
2015-02-24,conda/conda,308,0,estimated
2015-02-25,conda/conda,308,0,estimated
2015-02-26,conda/conda,311,3,estimated
2015-02-27,conda/conda,311,0,estimated
2015-02-28,conda/conda,311,0,estimated
2015-03-01,conda/conda,311,0,estimated
2015-03-02,conda/conda,312,1,estimated
2015-03-03,conda/conda,316,4,estimated
2015-03-04,conda/conda,316,0,estimated
2015-03-05,conda/conda,317,1,estimated
2015-03-06,conda/conda,317,0,estimated
2015-03-07,conda/conda,318,1,estimated
2015-03-08,conda/conda,318,0,estimated
2015-03-09,conda/conda,318,0,estimated
2015-03-10,conda/conda,318,0,estimated
2015-03-11,conda/conda,319,1,estimated
2015-03-12,conda/conda,320,1,estimated
2015-03-13,conda/conda,320,0,estimated
2015-03-14,conda/conda,320,0,estimated
2015-03-15,conda/conda,320,0,estimated
2015-03-16,conda/conda,322,2,estimated
2015-03-17,conda/conda,323,1,estimated
2015-03-18,conda/conda,325,2,estimated
2015-03-19,conda/conda,326,1,estimated
2015-03-20,conda/conda,327,1,estimated
2015-03-21,conda/conda,328,1,estimated
2015-03-22,conda/conda,328,0,estimated
2015-03-23,conda/conda,329,1,estimated
2015-03-24,conda/conda,332,3,estimated
2015-03-25,conda/conda,335,3,estimated
2015-03-26,conda/conda,336,1,estimated
2015-03-27,conda/conda,337,1,estimated
2015-03-28,conda/conda,337,0,estimated
2015-03-29,conda/conda,337,0,estimated
2015-03-30,conda/conda,338,1,estimated
2015-03-31,conda/conda,339,1,estimated
2015-04-01,conda/conda,340,1,estimated
2015-04-02,conda/conda,340,0,estimated
2015-04-03,conda/conda,340,0,estimated
2015-04-04,conda/conda,340,0,estimated
2015-04-05,conda/conda,343,3,estimated
2015-04-06,conda/conda,344,1,estimated
2015-04-07,conda/conda,344,0,estimated
2015-04-08,conda/conda,345,1,estimated
2015-04-09,conda/conda,345,0,estimated
2015-04-10,conda/conda,346,1,estimated
2015-04-11,conda/conda,347,1,estimated
2015-04-12,conda/conda,347,0,estimated
2015-04-13,conda/conda,347,0,estimated
2015-04-14,conda/conda,348,1,estimated
2015-04-15,conda/conda,349,1,estimated
2015-04-16,conda/conda,349,0,estimated
2015-04-17,conda/conda,349,0,estimated
2015-04-18,conda/conda,350,1,estimated
2015-04-19,conda/conda,350,0,estimated
2015-04-20,conda/conda,350,0,estimated
2015-04-21,conda/conda,352,2,estimated
2015-04-22,conda/conda,352,0,estimated
2015-04-23,conda/conda,353,1,estimated
2015-04-24,conda/conda,353,0,estimated
2015-04-25,conda/conda,353,0,estimated
2015-04-26,conda/conda,353,0,estimated
2015-04-27,conda/conda,354,1,estimated
2015-04-28,conda/conda,354,0,estimated
2015-04-29,conda/conda,354,0,estimated
2015-04-30,conda/conda,354,0,estimated
2015-05-01,conda/conda,355,1,estimated
2015-05-02,conda/conda,356,1,estimated
2015-05-03,conda/conda,356,0,estimated
2015-05-04,conda/conda,357,1,estimated
2015-05-05,conda/conda,358,1,estimated
2015-05-06,conda/conda,358,0,estimated
2015-05-07,conda/conda,359,1,estimated
2015-05-08,conda/conda,359,0,estimated
2015-05-09,conda/conda,361,2,estimated
2015-05-10,conda/conda,361,0,estimated
2015-05-11,conda/conda,362,1,estimated
2015-05-12,conda/conda,364,2,estimated
2015-05-13,conda/conda,364,0,estimated
2015-05-14,conda/conda,365,1,estimated
2015-05-15,conda/conda,366,1,estimated
2015-05-16,conda/conda,367,1,estimated
2015-05-17,conda/conda,367,0,estimated
2015-05-18,conda/conda,367,0,estimated
2015-05-19,conda/conda,367,0,estimated
2015-05-20,conda/conda,367,0,estimated
2015-05-21,conda/conda,367,0,estimated
2015-05-22,conda/conda,367,0,estimated
2015-05-23,conda/conda,368,1,estimated
2015-05-24,conda/conda,369,1,estimated
2015-05-25,conda/conda,369,0,estimated
2015-05-26,conda/conda,369,0,estimated
2015-05-27,conda/conda,369,0,estimated
2015-05-28,conda/conda,369,0,estimated
2015-05-29,conda/conda,369,0,estimated
2015-05-30,conda/conda,369,0,estimated
2015-05-31,conda/conda,369,0,estimated
2015-06-01,conda/conda,369,0,estimated
2015-06-02,conda/conda,369,0,estimated
2015-06-03,conda/conda,370,1,estimated
2015-06-04,conda/conda,371,1,estimated
2015-06-05,conda/conda,372,1,estimated
2015-06-06,conda/conda,373,1,estimated
2015-06-07,conda/conda,374,1,estimated
2015-06-08,conda/conda,375,1,estimated
2015-06-09,conda/conda,377,2,estimated
2015-06-10,conda/conda,377,0,estimated
2015-06-11,conda/conda,377,0,estimated
2015-06-12,conda/conda,377,0,estimated
2015-06-13,conda/conda,377,0,estimated
2015-06-14,conda/conda,377,0,estimated
2015-06-15,conda/conda,377,0,estimated
2015-06-16,conda/conda,377,0,estimated
2015-06-17,conda/conda,379,2,estimated
2015-06-18,conda/conda,380,1,estimated
2015-06-19,conda/conda,380,0,estimated
2015-06-20,conda/conda,380,0,estimated
2015-06-21,conda/conda,381,1,estimated
2015-06-22,conda/conda,381,0,estimated
2015-06-23,conda/conda,381,0,estimated
2015-06-24,conda/conda,382,1,estimated
2015-06-25,conda/conda,384,2,estimated
2015-06-26,conda/conda,385,1,estimated
2015-06-27,conda/conda,387,2,estimated
2015-06-28,conda/conda,387,0,estimated
2015-06-29,conda/conda,387,0,estimated
2015-06-30,conda/conda,387,0,estimated
2015-07-01,conda/conda,389,2,estimated
2015-07-02,conda/conda,390,1,estimated
2015-07-03,conda/conda,390,0,estimated
2015-07-04,conda/conda,390,0,estimated
2015-07-05,conda/conda,390,0,estimated
2015-07-06,conda/conda,390,0,estimated
2015-07-07,conda/conda,390,0,estimated
2015-07-08,conda/conda,391,1,estimated
2015-07-09,conda/conda,392,1,estimated
2015-07-10,conda/conda,393,1,estimated
2015-07-11,conda/conda,394,1,estimated
2015-07-12,conda/conda,394,0,estimated
2015-07-13,conda/conda,395,1,estimated
2015-07-14,conda/conda,395,0,estimated
2015-07-15,conda/conda,395,0,estimated
2015-07-16,conda/conda,397,2,estimated
2015-07-17,conda/conda,398,1,estimated
2015-07-18,conda/conda,399,1,estimated
2015-07-19,conda/conda,399,0,estimated
2015-07-20,conda/conda,399,0,estimated
2015-07-21,conda/conda,399,0,estimated
2015-07-22,conda/conda,400,1,estimated
2015-07-23,conda/conda,400,0,estimated
2015-07-24,conda/conda,401,1,estimated
2015-07-25,conda/conda,404,3,estimated
2015-07-26,conda/conda,405,1,estimated
2015-07-27,conda/conda,407,2,estimated
2015-07-28,conda/conda,408,1,estimated
2015-07-29,conda/conda,409,1,estimated
2015-07-30,conda/conda,410,1,estimated
2015-07-31,conda/conda,410,0,estimated
2015-08-01,conda/conda,411,1,estimated
2015-08-02,conda/conda,411,0,estimated
2015-08-03,conda/conda,411,0,estimated
2015-08-04,conda/conda,411,0,estimated
2015-08-05,conda/conda,413,2,estimated
2015-08-06,conda/conda,415,2,estimated
2015-08-07,conda/conda,415,0,estimated
2015-08-08,conda/conda,415,0,estimated
2015-08-09,conda/conda,415,0,estimated
2015-08-10,conda/conda,415,0,estimated
2015-08-11,conda/conda,415,0,estimated
2015-08-12,conda/conda,421,6,estimated
2015-08-13,conda/conda,421,0,estimated
2015-08-14,conda/conda,423,2,estimated
2015-08-15,conda/conda,424,1,estimated
2015-08-16,conda/conda,424,0,estimated
2015-08-17,conda/conda,424,0,estimated
2015-08-18,conda/conda,425,1,estimated
2015-08-19,conda/conda,426,1,estimated
2015-08-20,conda/conda,428,2,estimated
2015-08-21,conda/conda,429,1,estimated
2015-08-22,conda/conda,429,0,estimated
2015-08-23,conda/conda,430,1,estimated
2015-08-24,conda/conda,430,0,estimated
2015-08-25,conda/conda,431,1,estimated
2015-08-26,conda/conda,432,1,estimated
2015-08-27,conda/conda,434,2,estimated
2015-08-28,conda/conda,435,1,estimated
2015-08-29,conda/conda,435,0,estimated
2015-08-30,conda/conda,435,0,estimated
2015-08-31,conda/conda,435,0,estimated
2015-09-01,conda/conda,435,0,estimated
2015-09-02,conda/conda,438,3,estimated
2015-09-03,conda/conda,439,1,estimated
2015-09-04,conda/conda,439,0,estimated
2015-09-05,conda/conda,439,0,estimated
2015-09-06,conda/conda,441,2,estimated
2015-09-07,conda/conda,441,0,estimated
2015-09-08,conda/conda,442,1,estimated
2015-09-09,conda/conda,442,0,estimated
2015-09-10,conda/conda,442,0,estimated
2015-09-11,conda/conda,442,0,estimated
2015-09-12,conda/conda,442,0,estimated
2015-09-13,conda/conda,442,0,estimated
2015-09-14,conda/conda,445,3,estimated
2015-09-15,conda/conda,447,2,estimated
2015-09-16,conda/conda,447,0,estimated
2015-09-17,conda/conda,448,1,estimated
2015-09-18,conda/conda,449,1,estimated
2015-09-19,conda/conda,449,0,estimated
2015-09-20,conda/conda,451,2,estimated
2015-09-21,conda/conda,453,2,estimated
2015-09-22,conda/conda,453,0,estimated
2015-09-23,conda/conda,453,0,estimated
2015-09-24,conda/conda,453,0,estimated
2015-09-25,conda/conda,454,1,estimated
2015-09-26,conda/conda,455,1,estimated
2015-09-27,conda/conda,456,1,estimated
2015-09-28,conda/conda,456,0,estimated
2015-09-29,conda/conda,456,0,estimated
2015-09-30,conda/conda,457,1,estimated
2015-10-01,conda/conda,457,0,estimated
2015-10-02,conda/conda,460,3,estimated
2015-10-03,conda/conda,463,3,estimated
2015-10-04,conda/conda,464,1,estimated
2015-10-05,conda/conda,466,2,estimated
2015-10-06,conda/conda,467,1,estimated
2015-10-07,conda/conda,468,1,estimated
2015-10-08,conda/conda,469,1,estimated
2015-10-09,conda/conda,471,2,estimated
2015-10-10,conda/conda,472,1,estimated
2015-10-11,conda/conda,472,0,estimated
2015-10-12,conda/conda,472,0,estimated
2015-10-13,conda/conda,474,2,estimated
2015-10-14,conda/conda,475,1,estimated
2015-10-15,conda/conda,477,2,estimated
2015-10-16,conda/conda,479,2,estimated
2015-10-17,conda/conda,479,0,estimated
2015-10-18,conda/conda,479,0,estimated
2015-10-19,conda/conda,484,5,estimated
2015-10-20,conda/conda,484,0,estimated
2015-10-21,conda/conda,484,0,estimated
2015-10-22,conda/conda,485,1,estimated
2015-10-23,conda/conda,487,2,estimated
2015-10-24,conda/conda,488,1,estimated
2015-10-25,conda/conda,489,1,estimated
2015-10-26,conda/conda,490,1,estimated
2015-10-27,conda/conda,491,1,estimated
2015-10-28,conda/conda,492,1,estimated
2015-10-29,conda/conda,494,2,estimated
2015-10-30,conda/conda,494,0,estimated
2015-10-31,conda/conda,496,2,estimated
2015-11-01,conda/conda,497,1,estimated
2015-11-02,conda/conda,502,5,estimated
2015-11-03,conda/conda,505,3,estimated
2015-11-04,conda/conda,507,2,estimated
2015-11-05,conda/conda,509,2,estimated
2015-11-06,conda/conda,511,2,estimated
2015-11-07,conda/conda,511,0,estimated
2015-11-08,conda/conda,514,3,estimated
2015-11-09,conda/conda,516,2,estimated
2015-11-10,conda/conda,517,1,estimated
2015-11-11,conda/conda,521,4,estimated
2015-11-12,conda/conda,521,0,estimated
2015-11-13,conda/conda,522,1,estimated
2015-11-14,conda/conda,522,0,estimated
2015-11-15,conda/conda,523,1,estimated
2015-11-16,conda/conda,524,1,estimated
2015-11-17,conda/conda,525,1,estimated
2015-11-18,conda/conda,526,1,estimated
2015-11-19,conda/conda,530,4,estimated
2015-11-20,conda/conda,530,0,estimated
2015-11-21,conda/conda,532,2,estimated
2015-11-22,conda/conda,532,0,estimated
2015-11-23,conda/conda,532,0,estimated
2015-11-24,conda/conda,534,2,estimated
2015-11-25,conda/conda,534,0,estimated
2015-11-26,conda/conda,536,2,estimated
2015-11-27,conda/conda,537,1,estimated
2015-11-28,conda/conda,538,1,estimated
2015-11-29,conda/conda,539,1,estimated
2015-11-30,conda/conda,540,1,estimated
2015-12-01,conda/conda,541,1,estimated
2015-12-02,conda/conda,542,1,estimated
2015-12-03,conda/conda,542,0,estimated
2015-12-04,conda/conda,543,1,estimated
2015-12-05,conda/conda,543,0,estimated
2015-12-06,conda/conda,545,2,estimated
2015-12-07,conda/conda,545,0,estimated
2015-12-08,conda/conda,547,2,estimated
2015-12-09,conda/conda,547,0,estimated
2015-12-10,conda/conda,547,0,estimated
2015-12-11,conda/conda,548,1,estimated
2015-12-12,conda/conda,549,1,estimated
2015-12-13,conda/conda,549,0,estimated
2015-12-14,conda/conda,550,1,estimated
2015-12-15,conda/conda,553,3,estimated
2015-12-16,conda/conda,554,1,estimated
2015-12-17,conda/conda,556,2,estimated
2015-12-18,conda/conda,556,0,estimated
2015-12-19,conda/conda,558,2,estimated
2015-12-20,conda/conda,560,2,estimated
2015-12-21,conda/conda,560,0,estimated
2015-12-22,conda/conda,561,1,estimated
2015-12-23,conda/conda,563,2,estimated
2015-12-24,conda/conda,565,2,estimated
2015-12-25,conda/conda,567,2,estimated
2015-12-26,conda/conda,568,1,estimated
2015-12-27,conda/conda,569,1,estimated
2015-12-28,conda/conda,570,1,estimated
2015-12-29,conda/conda,570,0,estimated
2015-12-30,conda/conda,571,1,estimated
2015-12-31,conda/conda,572,1,estimated
2016-01-01,conda/conda,573,1,estimated
2016-01-02,conda/conda,575,2,estimated
2016-01-03,conda/conda,575,0,estimated
2016-01-04,conda/conda,577,2,estimated
2016-01-05,conda/conda,578,1,estimated
2016-01-06,conda/conda,579,1,estimated
2016-01-07,conda/conda,579,0,estimated
2016-01-08,conda/conda,579,0,estimated
2016-01-09,conda/conda,582,3,estimated
2016-01-10,conda/conda,584,2,estimated
2016-01-11,conda/conda,585,1,estimated
2016-01-12,conda/conda,585,0,estimated
2016-01-13,conda/conda,586,1,estimated
2016-01-14,conda/conda,588,2,estimated
2016-01-15,conda/conda,589,1,estimated
2016-01-16,conda/conda,591,2,estimated
2016-01-17,conda/conda,592,1,estimated
2016-01-18,conda/conda,595,3,estimated
2016-01-19,conda/conda,596,1,estimated
2016-01-20,conda/conda,596,0,estimated
2016-01-21,conda/conda,597,1,estimated
2016-01-22,conda/conda,598,1,estimated
2016-01-23,conda/conda,598,0,estimated
2016-01-24,conda/conda,598,0,estimated
2016-01-25,conda/conda,601,3,estimated
2016-01-26,conda/conda,604,3,estimated
2016-01-27,conda/conda,606,2,estimated
2016-01-28,conda/conda,606,0,estimated
2016-01-29,conda/conda,607,1,estimated
2016-01-30,conda/conda,608,1,estimated
2016-01-31,conda/conda,608,0,estimated
2016-02-01,conda/conda,608,0,estimated
2016-02-02,conda/conda,608,0,estimated
2016-02-03,conda/conda,609,1,estimated
2016-02-04,conda/conda,609,0,estimated
2016-02-05,conda/conda,609,0,estimated
2016-02-06,conda/conda,609,0,estimated
2016-02-07,conda/conda,609,0,estimated
2016-02-08,conda/conda,610,1,estimated
2016-02-09,conda/conda,611,1,estimated
2016-02-10,conda/conda,611,0,estimated
2016-02-11,conda/conda,612,1,estimated
2016-02-12,conda/conda,612,0,estimated
2016-02-13,conda/conda,612,0,estimated
2016-02-14,conda/conda,612,0,estimated
2016-02-15,conda/conda,612,0,estimated
2016-02-16,conda/conda,614,2,estimated
2016-02-17,conda/conda,615,1,estimated
2016-02-18,conda/conda,617,2,estimated
2016-02-19,conda/conda,619,2,estimated
2016-02-20,conda/conda,619,0,estimated
2016-02-21,conda/conda,619,0,estimated
2016-02-22,conda/conda,620,1,estimated
2016-02-23,conda/conda,620,0,estimated
2016-02-24,conda/conda,622,2,estimated
2016-02-25,conda/conda,623,1,estimated
2016-02-26,conda/conda,624,1,estimated
2016-02-27,conda/conda,627,3,estimated
2016-02-28,conda/conda,630,3,estimated
2016-02-29,conda/conda,634,4,estimated
2016-03-01,conda/conda,636,2,estimated
2016-03-02,conda/conda,637,1,estimated
2016-03-03,conda/conda,639,2,estimated
2016-03-04,conda/conda,640,1,estimated
2016-03-05,conda/conda,642,2,estimated
2016-03-06,conda/conda,643,1,estimated
2016-03-07,conda/conda,647,4,estimated
2016-03-08,conda/conda,648,1,estimated
2016-03-09,conda/conda,649,1,estimated
2016-03-10,conda/conda,649,0,estimated
2016-03-11,conda/conda,650,1,estimated
2016-03-12,conda/conda,650,0,estimated
2016-03-13,conda/conda,651,1,estimated
2016-03-14,conda/conda,651,0,estimated
2016-03-15,conda/conda,652,1,estimated
2016-03-16,conda/conda,653,1,estimated
2016-03-17,conda/conda,659,6,estimated
2016-03-18,conda/conda,661,2,estimated
2016-03-19,conda/conda,661,0,estimated
2016-03-20,conda/conda,662,1,estimated
2016-03-21,conda/conda,662,0,estimated
2016-03-22,conda/conda,662,0,estimated
2016-03-23,conda/conda,663,1,estimated
2016-03-24,conda/conda,663,0,estimated
2016-03-25,conda/conda,663,0,estimated
2016-03-26,conda/conda,664,1,estimated
2016-03-27,conda/conda,664,0,estimated
2016-03-28,conda/conda,664,0,estimated
2016-03-29,conda/conda,665,1,estimated
2016-03-30,conda/conda,666,1,estimated
2016-03-31,conda/conda,667,1,estimated
2016-04-01,conda/conda,668,1,estimated
2016-04-02,conda/conda,668,0,estimated
2016-04-03,conda/conda,668,0,estimated
2016-04-04,conda/conda,668,0,estimated
2016-04-05,conda/conda,670,2,estimated
2016-04-06,conda/conda,670,0,estimated
2016-04-07,conda/conda,670,0,estimated
2016-04-08,conda/conda,671,1,estimated
2016-04-09,conda/conda,674,3,estimated
2016-04-10,conda/conda,674,0,estimated
2016-04-11,conda/conda,678,4,estimated
2016-04-12,conda/conda,680,2,estimated
2016-04-13,conda/conda,681,1,estimated
2016-04-14,conda/conda,681,0,estimated
2016-04-15,conda/conda,682,1,estimated
2016-04-16,conda/conda,682,0,estimated
2016-04-17,conda/conda,685,3,estimated
2016-04-18,conda/conda,687,2,estimated
2016-04-19,conda/conda,688,1,estimated
2016-04-20,conda/conda,690,2,estimated
2016-04-21,conda/conda,694,4,estimated
2016-04-22,conda/conda,694,0,estimated
2016-04-23,conda/conda,694,0,estimated
2016-04-24,conda/conda,696,2,estimated
2016-04-25,conda/conda,696,0,estimated
2016-04-26,conda/conda,698,2,estimated
2016-04-27,conda/conda,699,1,estimated
2016-04-28,conda/conda,700,1,estimated
2016-04-29,conda/conda,700,0,estimated
2016-04-30,conda/conda,701,1,estimated
2016-05-01,conda/conda,703,2,estimated
2016-05-02,conda/conda,703,0,estimated
2016-05-03,conda/conda,704,1,estimated
2016-05-04,conda/conda,707,3,estimated
2016-05-05,conda/conda,708,1,estimated
2016-05-06,conda/conda,709,1,estimated
2016-05-07,conda/conda,710,1,estimated
2016-05-08,conda/conda,710,0,estimated
2016-05-09,conda/conda,713,3,estimated
2016-05-10,conda/conda,714,1,estimated
2016-05-11,conda/conda,715,1,estimated
2016-05-12,conda/conda,717,2,estimated
2016-05-13,conda/conda,717,0,estimated
2016-05-14,conda/conda,717,0,estimated
2016-05-15,conda/conda,717,0,estimated
2016-05-16,conda/conda,720,3,estimated
2016-05-17,conda/conda,723,3,estimated
2016-05-18,conda/conda,723,0,estimated
2016-05-19,conda/conda,723,0,estimated
2016-05-20,conda/conda,725,2,estimated
2016-05-21,conda/conda,725,0,estimated
2016-05-22,conda/conda,726,1,estimated
2016-05-23,conda/conda,726,0,estimated
2016-05-24,conda/conda,726,0,estimated
2016-05-25,conda/conda,728,2,estimated
2016-05-26,conda/conda,728,0,estimated
2016-05-27,conda/conda,730,2,estimated
2016-05-28,conda/conda,731,1,estimated
2016-05-29,conda/conda,732,1,estimated
2016-05-30,conda/conda,732,0,estimated
2016-05-31,conda/conda,733,1,estimated
2016-06-01,conda/conda,734,1,estimated
2016-06-02,conda/conda,734,0,estimated
2016-06-03,conda/conda,734,0,estimated
2016-06-04,conda/conda,734,0,estimated
2016-06-05,conda/conda,735,1,estimated
2016-06-06,conda/conda,737,2,estimated
2016-06-07,conda/conda,738,1,estimated
2016-06-08,conda/conda,738,0,estimated
2016-06-09,conda/conda,739,1,estimated
2016-06-10,conda/conda,742,3,estimated
2016-06-11,conda/conda,742,0,estimated
2016-06-12,conda/conda,747,5,estimated
2016-06-13,conda/conda,748,1,estimated
2016-06-14,conda/conda,750,2,estimated
2016-06-15,conda/conda,751,1,estimated
2016-06-16,conda/conda,752,1,estimated
2016-06-17,conda/conda,755,3,estimated
2016-06-18,conda/conda,756,1,estimated
2016-06-19,conda/conda,756,0,estimated
2016-06-20,conda/conda,759,3,estimated
2016-06-21,conda/conda,761,2,estimated
2016-06-22,conda/conda,764,3,estimated
2016-06-23,conda/conda,767,3,estimated
2016-06-24,conda/conda,770,3,estimated
2016-06-25,conda/conda,771,1,estimated
2016-06-26,conda/conda,773,2,estimated
2016-06-27,conda/conda,776,3,estimated
2016-06-28,conda/conda,777,1,estimated
2016-06-29,conda/conda,778,1,estimated
2016-06-30,conda/conda,780,2,estimated
2016-07-01,conda/conda,783,3,estimated
2016-07-02,conda/conda,784,1,estimated
2016-07-03,conda/conda,784,0,estimated
2016-07-04,conda/conda,784,0,estimated
2016-07-05,conda/conda,786,2,estimated
2016-07-06,conda/conda,788,2,estimated
2016-07-07,conda/conda,790,2,estimated
2016-07-08,conda/conda,791,1,estimated
2016-07-09,conda/conda,792,1,estimated
2016-07-10,conda/conda,795,3,estimated
2016-07-11,conda/conda,796,1,estimated
2016-07-12,conda/conda,798,2,estimated
2016-07-13,conda/conda,799,1,estimated
2016-07-14,conda/conda,800,1,estimated
2016-07-15,conda/conda,800,0,estimated
2016-07-16,conda/conda,800,0,estimated
2016-07-17,conda/conda,800,0,estimated
2016-07-18,conda/conda,801,1,estimated
2016-07-19,conda/conda,801,0,estimated
2016-07-20,conda/conda,802,1,estimated
2016-07-21,conda/conda,803,1,estimated
2016-07-22,conda/conda,804,1,estimated
2016-07-23,conda/conda,806,2,estimated
2016-07-24,conda/conda,807,1,estimated
2016-07-25,conda/conda,807,0,estimated
2016-07-26,conda/conda,807,0,estimated
2016-07-27,conda/conda,809,2,estimated
2016-07-28,conda/conda,812,3,estimated
2016-07-29,conda/conda,812,0,estimated
2016-07-30,conda/conda,812,0,estimated
2016-07-31,conda/conda,812,0,estimated
2016-08-01,conda/conda,817,5,estimated
2016-08-02,conda/conda,820,3,estimated
2016-08-03,conda/conda,822,2,estimated
2016-08-04,conda/conda,824,2,estimated
2016-08-05,conda/conda,825,1,estimated
2016-08-06,conda/conda,825,0,estimated
2016-08-07,conda/conda,826,1,estimated
2016-08-08,conda/conda,827,1,estimated
2016-08-09,conda/conda,827,0,estimated
2016-08-10,conda/conda,827,0,estimated
2016-08-11,conda/conda,827,0,estimated
2016-08-12,conda/conda,827,0,estimated
2016-08-13,conda/conda,827,0,estimated
2016-08-14,conda/conda,827,0,estimated
2016-08-15,conda/conda,827,0,estimated
2016-08-16,conda/conda,827,0,estimated
2016-08-17,conda/conda,827,0,estimated
2016-08-18,conda/conda,829,2,estimated
2016-08-19,conda/conda,830,1,estimated
2016-08-20,conda/conda,830,0,estimated
2016-08-21,conda/conda,830,0,estimated
2016-08-22,conda/conda,832,2,estimated
2016-08-23,conda/conda,833,1,estimated
2016-08-24,conda/conda,833,0,estimated
2016-08-25,conda/conda,833,0,estimated
2016-08-26,conda/conda,835,2,estimated
2016-08-27,conda/conda,837,2,estimated
2016-08-28,conda/conda,838,1,estimated
2016-08-29,conda/conda,840,2,estimated
2016-08-30,conda/conda,841,1,estimated
2016-08-31,conda/conda,842,1,estimated
2016-09-01,conda/conda,845,3,estimated
2016-09-02,conda/conda,846,1,estimated
2016-09-03,conda/conda,846,0,estimated
2016-09-04,conda/conda,847,1,estimated
2016-09-05,conda/conda,848,1,estimated
2016-09-06,conda/conda,848,0,estimated
2016-09-07,conda/conda,849,1,estimated
2016-09-08,conda/conda,852,3,estimated
2016-09-09,conda/conda,852,0,estimated
2016-09-10,conda/conda,853,1,estimated
2016-09-11,conda/conda,854,1,estimated
2016-09-12,conda/conda,855,1,estimated
2016-09-13,conda/conda,857,2,estimated
2016-09-14,conda/conda,858,1,estimated
2016-09-15,conda/conda,859,1,estimated
2016-09-16,conda/conda,859,0,estimated
2016-09-17,conda/conda,859,0,estimated
2016-09-18,conda/conda,864,5,estimated
2016-09-19,conda/conda,867,3,estimated
2016-09-20,conda/conda,867,0,estimated
2016-09-21,conda/conda,869,2,estimated
2016-09-22,conda/conda,869,0,estimated
2016-09-23,conda/conda,871,2,estimated
2016-09-24,conda/conda,874,3,estimated
2016-09-25,conda/conda,874,0,estimated
2016-09-26,conda/conda,875,1,estimated
2016-09-27,conda/conda,881,6,estimated
2016-09-28,conda/conda,884,3,estimated
2016-09-29,conda/conda,888,4,estimated
2016-09-30,conda/conda,890,2,estimated
2016-10-01,conda/conda,891,1,estimated
2016-10-02,conda/conda,891,0,estimated
2016-10-03,conda/conda,893,2,estimated
2016-10-04,conda/conda,893,0,estimated
2016-10-05,conda/conda,895,2,estimated
2016-10-06,conda/conda,895,0,estimated
2016-10-07,conda/conda,895,0,estimated
2016-10-08,conda/conda,896,1,estimated
2016-10-09,conda/conda,897,1,estimated
2016-10-10,conda/conda,898,1,estimated
2016-10-11,conda/conda,899,1,estimated
2016-10-12,conda/conda,901,2,estimated
2016-10-13,conda/conda,902,1,estimated
2016-10-14,conda/conda,904,2,estimated
2016-10-15,conda/conda,906,2,estimated
2016-10-16,conda/conda,906,0,estimated
2016-10-17,conda/conda,907,1,estimated
2016-10-18,conda/conda,908,1,estimated
2016-10-19,conda/conda,909,1,estimated
2016-10-20,conda/conda,911,2,estimated
2016-10-21,conda/conda,914,3,estimated
2016-10-22,conda/conda,914,0,estimated
2016-10-23,conda/conda,916,2,estimated
2016-10-24,conda/conda,916,0,estimated
2016-10-25,conda/conda,916,0,estimated
2016-10-26,conda/conda,920,4,estimated
2016-10-27,conda/conda,923,3,estimated
2016-10-28,conda/conda,925,2,estimated
2016-10-29,conda/conda,925,0,estimated
2016-10-30,conda/conda,925,0,estimated
2016-10-31,conda/conda,925,0,estimated
2016-11-01,conda/conda,926,1,estimated
2016-11-02,conda/conda,928,2,estimated
2016-11-03,conda/conda,929,1,estimated
2016-11-04,conda/conda,930,1,estimated
2016-11-05,conda/conda,931,1,estimated
2016-11-06,conda/conda,933,2,estimated
2016-11-07,conda/conda,936,3,estimated
2016-11-08,conda/conda,936,0,estimated
2016-11-09,conda/conda,938,2,estimated
2016-11-10,conda/conda,940,2,estimated
2016-11-11,conda/conda,941,1,estimated
2016-11-12,conda/conda,941,0,estimated
2016-11-13,conda/conda,942,1,estimated
2016-11-14,conda/conda,944,2,estimated
2016-11-15,conda/conda,945,1,estimated
2016-11-16,conda/conda,947,2,estimated
2016-11-17,conda/conda,951,4,estimated
2016-11-18,conda/conda,951,0,estimated
2016-11-19,conda/conda,952,1,estimated
2016-11-20,conda/conda,953,1,estimated
2016-11-21,conda/conda,954,1,estimated
2016-11-22,conda/conda,955,1,estimated
2016-11-23,conda/conda,955,0,estimated
2016-11-24,conda/conda,958,3,estimated
2016-11-25,conda/conda,958,0,estimated
2016-11-26,conda/conda,960,2,estimated
2016-11-27,conda/conda,960,0,estimated
2016-11-28,conda/conda,963,3,estimated
2016-11-29,conda/conda,965,2,estimated
2016-11-30,conda/conda,969,4,estimated
2016-12-01,conda/conda,972,3,estimated
2016-12-02,conda/conda,972,0,estimated
2016-12-03,conda/conda,973,1,estimated
2016-12-04,conda/conda,974,1,estimated
2016-12-05,conda/conda,974,0,estimated
2016-12-06,conda/conda,975,1,estimated
2016-12-07,conda/conda,976,1,estimated
2016-12-08,conda/conda,977,1,estimated
2016-12-09,conda/conda,980,3,estimated
2016-12-10,conda/conda,981,1,estimated
2016-12-11,conda/conda,983,2,estimated
2016-12-12,conda/conda,984,1,estimated
2016-12-13,conda/conda,987,3,estimated
2016-12-14,conda/conda,991,4,estimated
2016-12-15,conda/conda,1000,9,estimated
2016-12-16,conda/conda,1001,1,estimated
2016-12-17,conda/conda,1001,0,estimated
2016-12-18,conda/conda,1002,1,estimated
2016-12-19,conda/conda,1004,2,estimated
2016-12-20,conda/conda,1006,2,estimated
2016-12-21,conda/conda,1008,2,estimated
2016-12-22,conda/conda,1011,3,estimated
2016-12-23,conda/conda,1013,2,estimated
2016-12-24,conda/conda,1014,1,estimated
2016-12-25,conda/conda,1014,0,estimated
2016-12-26,conda/conda,1014,0,estimated
2016-12-27,conda/conda,1015,1,estimated
2016-12-28,conda/conda,1017,2,estimated
2016-12-29,conda/conda,1019,2,estimated
2016-12-30,conda/conda,1021,2,estimated
2016-12-31,conda/conda,1022,1,estimated
2017-01-01,conda/conda,1023,1,estimated
2017-01-02,conda/conda,1024,1,estimated
2017-01-03,conda/conda,1025,1,estimated
2017-01-04,conda/conda,1027,2,estimated
2017-01-05,conda/conda,1027,0,estimated
2017-01-06,conda/conda,1028,1,estimated
2017-01-07,conda/conda,1032,4,estimated
2017-01-08,conda/conda,1037,5,estimated
2017-01-09,conda/conda,1038,1,estimated
2017-01-10,conda/conda,1041,3,estimated
2017-01-11,conda/conda,1043,2,estimated
2017-01-12,conda/conda,1043,0,estimated
2017-01-13,conda/conda,1046,3,estimated
2017-01-14,conda/conda,1046,0,estimated
2017-01-15,conda/conda,1047,1,estimated
2017-01-16,conda/conda,1048,1,estimated
2017-01-17,conda/conda,1049,1,estimated
2017-01-18,conda/conda,1053,4,estimated
2017-01-19,conda/conda,1057,4,estimated
2017-01-20,conda/conda,1060,3,estimated
2017-01-21,conda/conda,1062,2,estimated
2017-01-22,conda/conda,1064,2,estimated
2017-01-23,conda/conda,1064,0,estimated
2017-01-24,conda/conda,1066,2,estimated
2017-01-25,conda/conda,1068,2,estimated
2017-01-26,conda/conda,1070,2,estimated
2017-01-27,conda/conda,1072,2,wayback
2017-01-28,conda/conda,1072,0,estimated
2017-01-29,conda/conda,1074,2,estimated
2017-01-30,conda/conda,1075,1,estimated
2017-01-31,conda/conda,1077,2,estimated
2017-02-01,conda/conda,1078,1,estimated
2017-02-02,conda/conda,1081,3,estimated
2017-02-03,conda/conda,1084,3,estimated
2017-02-04,conda/conda,1088,4,estimated
2017-02-05,conda/conda,1088,0,estimated
2017-02-06,conda/conda,1091,3,estimated
2017-02-07,conda/conda,1091,0,estimated
2017-02-08,conda/conda,1091,0,estimated
2017-02-09,conda/conda,1094,3,estimated
2017-02-10,conda/conda,1098,4,estimated
2017-02-11,conda/conda,1099,1,estimated
2017-02-12,conda/conda,1100,1,estimated
2017-02-13,conda/conda,1102,2,estimated
2017-02-14,conda/conda,1104,2,estimated
2017-02-15,conda/conda,1108,4,estimated
2017-02-16,conda/conda,1110,2,estimated
2017-02-17,conda/conda,1114,4,estimated
2017-02-18,conda/conda,1117,3,estimated
2017-02-19,conda/conda,1118,1,estimated
2017-02-20,conda/conda,1119,1,estimated
2017-02-21,conda/conda,1121,2,estimated
2017-02-22,conda/conda,1125,4,estimated
2017-02-23,conda/conda,1127,2,estimated
2017-02-24,conda/conda,1130,3,estimated
2017-02-25,conda/conda,1132,2,estimated
2017-02-26,conda/conda,1133,1,estimated
2017-02-27,conda/conda,1135,2,estimated
2017-02-28,conda/conda,1138,3,estimated
2017-03-01,conda/conda,1140,2,estimated
2017-03-02,conda/conda,1142,2,estimated
2017-03-03,conda/conda,1144,2,estimated
2017-03-04,conda/conda,1145,1,estimated
2017-03-05,conda/conda,1146,1,estimated
2017-03-06,conda/conda,1148,2,estimated
2017-03-07,conda/conda,1149,1,estimated
2017-03-08,conda/conda,1150,1,estimated
2017-03-09,conda/conda,1154,4,estimated
2017-03-10,conda/conda,1154,0,estimated
2017-03-11,conda/conda,1155,1,estimated
2017-03-12,conda/conda,1155,0,estimated
2017-03-13,conda/conda,1156,1,estimated
2017-03-14,conda/conda,1162,6,estimated
2017-03-15,conda/conda,1166,4,estimated
2017-03-16,conda/conda,1168,2,estimated
2017-03-17,conda/conda,1169,1,estimated
2017-03-18,conda/conda,1170,1,estimated
2017-03-19,conda/conda,1171,1,estimated
2017-03-20,conda/conda,1173,2,estimated
2017-03-21,conda/conda,1176,3,estimated
2017-03-22,conda/conda,1179,3,estimated
2017-03-23,conda/conda,1182,3,estimated
2017-03-24,conda/conda,1189,7,estimated
2017-03-25,conda/conda,1190,1,estimated
2017-03-26,conda/conda,1194,4,estimated
2017-03-27,conda/conda,1196,2,estimated
2017-03-28,conda/conda,1198,2,estimated
2017-03-29,conda/conda,1203,5,estimated
2017-03-30,conda/conda,1206,3,estimated
2017-03-31,conda/conda,1209,3,estimated
2017-04-01,conda/conda,1211,2,estimated
2017-04-02,conda/conda,1211,0,estimated
2017-04-03,conda/conda,1215,4,estimated
2017-04-04,conda/conda,1215,0,estimated
2017-04-05,conda/conda,1217,2,estimated
2017-04-06,conda/conda,1223,6,estimated
2017-04-07,conda/conda,1226,3,estimated
2017-04-08,conda/conda,1228,2,estimated
2017-04-09,conda/conda,1231,3,estimated
2017-04-10,conda/conda,1234,3,estimated
2017-04-11,conda/conda,1235,1,estimated
2017-04-12,conda/conda,1242,7,estimated
2017-04-13,conda/conda,1244,2,estimated
2017-04-14,conda/conda,1245,1,estimated
2017-04-15,conda/conda,1246,1,estimated
2017-04-16,conda/conda,1247,1,estimated
2017-04-17,conda/conda,1248,1,estimated
2017-04-18,conda/conda,1251,3,estimated
2017-04-19,conda/conda,1254,3,estimated
2017-04-20,conda/conda,1258,4,estimated
2017-04-21,conda/conda,1261,3,estimated
2017-04-22,conda/conda,1262,1,estimated
2017-04-23,conda/conda,1262,0,estimated
2017-04-24,conda/conda,1263,1,estimated
2017-04-25,conda/conda,1264,1,wayback
2017-04-26,conda/conda,1266,2,estimated
2017-04-27,conda/conda,1267,1,estimated
2017-04-28,conda/conda,1270,3,estimated
2017-04-29,conda/conda,1270,0,estimated
2017-04-30,conda/conda,1270,0,estimated
2017-05-01,conda/conda,1271,1,estimated
2017-05-02,conda/conda,1273,2,estimated
2017-05-03,conda/conda,1276,3,estimated
2017-05-04,conda/conda,1280,4,estimated
2017-05-05,conda/conda,1282,2,estimated
2017-05-06,conda/conda,1283,1,estimated
2017-05-07,conda/conda,1283,0,estimated
2017-05-08,conda/conda,1283,0,estimated
2017-05-09,conda/conda,1285,2,estimated
2017-05-10,conda/conda,1288,3,estimated
2017-05-11,conda/conda,1289,1,estimated
2017-05-12,conda/conda,1291,2,estimated
2017-05-13,conda/conda,1295,4,estimated
2017-05-14,conda/conda,1295,0,estimated
2017-05-15,conda/conda,1296,1,estimated
2017-05-16,conda/conda,1297,1,estimated
2017-05-17,conda/conda,1300,3,estimated
2017-05-18,conda/conda,1301,1,estimated
2017-05-19,conda/conda,1301,0,estimated
2017-05-20,conda/conda,1302,1,estimated
2017-05-21,conda/conda,1303,1,estimated
2017-05-22,conda/conda,1304,1,estimated
2017-05-23,conda/conda,1305,1,estimated
2017-05-24,conda/conda,1308,3,estimated
2017-05-25,conda/conda,1309,1,estimated
2017-05-26,conda/conda,1309,0,estimated
2017-05-27,conda/conda,1310,1,estimated
2017-05-28,conda/conda,1310,0,estimated
2017-05-29,conda/conda,1310,0,estimated
2017-05-30,conda/conda,1311,1,wayback
2017-05-31,conda/conda,1312,1,estimated
2017-06-01,conda/conda,1313,1,estimated
2017-06-02,conda/conda,1314,1,estimated
2017-06-03,conda/conda,1315,1,estimated
2017-06-04,conda/conda,1316,1,estimated
2017-06-05,conda/conda,1318,2,estimated
2017-06-06,conda/conda,1321,3,estimated
2017-06-07,conda/conda,1323,2,estimated
2017-06-08,conda/conda,1324,1,estimated
2017-06-09,conda/conda,1325,1,estimated
2017-06-10,conda/conda,1326,1,estimated
2017-06-11,conda/conda,1327,1,estimated
2017-06-12,conda/conda,1327,0,estimated
2017-06-13,conda/conda,1331,4,estimated
2017-06-14,conda/conda,1333,2,estimated
2017-06-15,conda/conda,1334,1,estimated
2017-06-16,conda/conda,1335,1,estimated
2017-06-17,conda/conda,1337,2,estimated
2017-06-18,conda/conda,1341,4,estimated
2017-06-19,conda/conda,1342,1,estimated
2017-06-20,conda/conda,1343,1,estimated
2017-06-21,conda/conda,1345,2,estimated
2017-06-22,conda/conda,1346,1,estimated
2017-06-23,conda/conda,1348,2,estimated
2017-06-24,conda/conda,1348,0,estimated
2017-06-25,conda/conda,1348,0,estimated
2017-06-26,conda/conda,1350,2,estimated
2017-06-27,conda/conda,1350,0,estimated
2017-06-28,conda/conda,1352,2,estimated
2017-06-29,conda/conda,1355,3,estimated
2017-06-30,conda/conda,1357,2,estimated
2017-07-01,conda/conda,1357,0,estimated
2017-07-02,conda/conda,1358,1,estimated
2017-07-03,conda/conda,1360,2,estimated
2017-07-04,conda/conda,1362,2,estimated
2017-07-05,conda/conda,1365,3,estimated
2017-07-06,conda/conda,1366,1,estimated
2017-07-07,conda/conda,1366,0,estimated
2017-07-08,conda/conda,1368,2,estimated
2017-07-09,conda/conda,1368,0,estimated
2017-07-10,conda/conda,1370,2,estimated
2017-07-11,conda/conda,1374,4,estimated
2017-07-12,conda/conda,1380,6,estimated
2017-07-13,conda/conda,1381,1,estimated
2017-07-14,conda/conda,1383,2,estimated
2017-07-15,conda/conda,1384,1,estimated
2017-07-16,conda/conda,1386,2,estimated
2017-07-17,conda/conda,1386,0,estimated
2017-07-18,conda/conda,1388,2,estimated
2017-07-19,conda/conda,1392,4,estimated
2017-07-20,conda/conda,1396,4,estimated
2017-07-21,conda/conda,1399,3,estimated
2017-07-22,conda/conda,1399,0,estimated
2017-07-23,conda/conda,1400,1,estimated
2017-07-24,conda/conda,1402,2,estimated
2017-07-25,conda/conda,1404,2,estimated
2017-07-26,conda/conda,1405,1,estimated
2017-07-27,conda/conda,1406,1,estimated
2017-07-28,conda/conda,1409,3,estimated
2017-07-29,conda/conda,1411,2,estimated
2017-07-30,conda/conda,1413,2,estimated
2017-07-31,conda/conda,1414,1,estimated
2017-08-01,conda/conda,1414,0,estimated
2017-08-02,conda/conda,1416,2,estimated
2017-08-03,conda/conda,1419,3,estimated
2017-08-04,conda/conda,1420,1,estimated
2017-08-05,conda/conda,1423,3,estimated
2017-08-06,conda/conda,1424,1,estimated
2017-08-07,conda/conda,1425,1,estimated
2017-08-08,conda/conda,1425,0,estimated
2017-08-09,conda/conda,1429,4,estimated
2017-08-10,conda/conda,1429,0,estimated
2017-08-11,conda/conda,1430,1,estimated
2017-08-12,conda/conda,1433,3,estimated
2017-08-13,conda/conda,1433,0,estimated
2017-08-14,conda/conda,1433,0,estimated
2017-08-15,conda/conda,1436,3,estimated
2017-08-16,conda/conda,1438,2,estimated
2017-08-17,conda/conda,1441,3,wayback
2017-08-18,conda/conda,1444,3,estimated
2017-08-19,conda/conda,1445,1,estimated
2017-08-20,conda/conda,1446,1,estimated
2017-08-21,conda/conda,1448,2,estimated
2017-08-22,conda/conda,1449,1,estimated
2017-08-23,conda/conda,1450,1,estimated
2017-08-24,conda/conda,1450,0,estimated
2017-08-25,conda/conda,1452,2,estimated
2017-08-26,conda/conda,1453,1,estimated
2017-08-27,conda/conda,1453,0,estimated
2017-08-28,conda/conda,1457,4,estimated
2017-08-29,conda/conda,1460,3,estimated
2017-08-30,conda/conda,1463,3,estimated
2017-08-31,conda/conda,1465,2,estimated
2017-09-01,conda/conda,1467,2,estimated
2017-09-02,conda/conda,1469,2,estimated
2017-09-03,conda/conda,1472,3,estimated
2017-09-04,conda/conda,1474,2,estimated
2017-09-05,conda/conda,1478,4,estimated
2017-09-06,conda/conda,1483,5,estimated
2017-09-07,conda/conda,1485,2,estimated
2017-09-08,conda/conda,1488,3,estimated
2017-09-09,conda/conda,1490,2,estimated
2017-09-10,conda/conda,1490,0,estimated
2017-09-11,conda/conda,1492,2,estimated
2017-09-12,conda/conda,1495,3,estimated
2017-09-13,conda/conda,1497,2,estimated
2017-09-14,conda/conda,1501,4,estimated
2017-09-15,conda/conda,1504,3,estimated
2017-09-16,conda/conda,1506,2,estimated
2017-09-17,conda/conda,1508,2,estimated
2017-09-18,conda/conda,1509,1,estimated
2017-09-19,conda/conda,1513,4,estimated
2017-09-20,conda/conda,1514,1,estimated
2017-09-21,conda/conda,1523,9,estimated
2017-09-22,conda/conda,1524,1,estimated
2017-09-23,conda/conda,1526,2,estimated
2017-09-24,conda/conda,1528,2,estimated
2017-09-25,conda/conda,1528,0,estimated
2017-09-26,conda/conda,1530,2,estimated
2017-09-27,conda/conda,1532,2,estimated
2017-09-28,conda/conda,1534,2,estimated
2017-09-29,conda/conda,1536,2,estimated
2017-09-30,conda/conda,1537,1,estimated
2017-10-01,conda/conda,1539,2,estimated
2017-10-02,conda/conda,1541,2,estimated
2017-10-03,conda/conda,1544,3,estimated
2017-10-04,conda/conda,1546,2,estimated
2017-10-05,conda/conda,1546,0,estimated
2017-10-06,conda/conda,1547,1,estimated
2017-10-07,conda/conda,1549,2,estimated
2017-10-08,conda/conda,1551,2,estimated
2017-10-09,conda/conda,1553,2,estimated
2017-10-10,conda/conda,1555,2,estimated
2017-10-11,conda/conda,1559,4,estimated
2017-10-12,conda/conda,1563,4,estimated
2017-10-13,conda/conda,1563,0,estimated
2017-10-14,conda/conda,1566,3,estimated
2017-10-15,conda/conda,1568,2,estimated
2017-10-16,conda/conda,1570,2,estimated
2017-10-17,conda/conda,1573,3,estimated
2017-10-18,conda/conda,1575,2,estimated
2017-10-19,conda/conda,1577,2,estimated
2017-10-20,conda/conda,1578,1,estimated
2017-10-21,conda/conda,1582,4,estimated
2017-10-22,conda/conda,1584,2,estimated
2017-10-23,conda/conda,1585,1,estimated
2017-10-24,conda/conda,1589,4,estimated
2017-10-25,conda/conda,1592,3,estimated
2017-10-26,conda/conda,1597,5,estimated
2017-10-27,conda/conda,1598,1,estimated
2017-10-28,conda/conda,1600,2,estimated
2017-10-29,conda/conda,1601,1,estimated
2017-10-30,conda/conda,1602,1,estimated
2017-10-31,conda/conda,1604,2,estimated
2017-11-01,conda/conda,1606,2,estimated
2017-11-02,conda/conda,1607,1,estimated
2017-11-03,conda/conda,1611,4,estimated
2017-11-04,conda/conda,1612,1,estimated
2017-11-05,conda/conda,1613,1,estimated
2017-11-06,conda/conda,1616,3,estimated
2017-11-07,conda/conda,1618,2,estimated
2017-11-08,conda/conda,1620,2,estimated
2017-11-09,conda/conda,1622,2,estimated
2017-11-10,conda/conda,1625,3,estimated
2017-11-11,conda/conda,1625,0,estimated
2017-11-12,conda/conda,1626,1,estimated
2017-11-13,conda/conda,1627,1,estimated
2017-11-14,conda/conda,1628,1,estimated
2017-11-15,conda/conda,1631,3,estimated
2017-11-16,conda/conda,1634,3,estimated
2017-11-17,conda/conda,1637,3,estimated
2017-11-18,conda/conda,1640,3,estimated
2017-11-19,conda/conda,1641,1,estimated
2017-11-20,conda/conda,1643,2,estimated
2017-11-21,conda/conda,1646,3,estimated
2017-11-22,conda/conda,1649,3,estimated
2017-11-23,conda/conda,1651,2,estimated
2017-11-24,conda/conda,1652,1,estimated
2017-11-25,conda/conda,1654,2,estimated
2017-11-26,conda/conda,1654,0,estimated
2017-11-27,conda/conda,1660,6,estimated
2017-11-28,conda/conda,1663,3,estimated
2017-11-29,conda/conda,1664,1,estimated
2017-11-30,conda/conda,1668,4,estimated
2017-12-01,conda/conda,1671,3,estimated
2017-12-02,conda/conda,1673,2,estimated
2017-12-03,conda/conda,1677,4,estimated
2017-12-04,conda/conda,1678,1,estimated
2017-12-05,conda/conda,1682,4,estimated
2017-12-06,conda/conda,1686,4,estimated
2017-12-07,conda/conda,1688,2,estimated
2017-12-08,conda/conda,1692,4,estimated
2017-12-09,conda/conda,1694,2,estimated
2017-12-10,conda/conda,1695,1,estimated
2017-12-11,conda/conda,1698,3,estimated
2017-12-12,conda/conda,1700,2,estimated
2017-12-13,conda/conda,1701,1,estimated
2017-12-14,conda/conda,1703,2,estimated
2017-12-15,conda/conda,1704,1,estimated
2017-12-16,conda/conda,1706,2,estimated
2017-12-17,conda/conda,1708,2,estimated
2017-12-18,conda/conda,1710,2,estimated
2017-12-19,conda/conda,1710,0,estimated
2017-12-20,conda/conda,1712,2,estimated
2017-12-21,conda/conda,1714,2,estimated
2017-12-22,conda/conda,1719,5,estimated
2017-12-23,conda/conda,1722,3,estimated
2017-12-24,conda/conda,1723,1,estimated
2017-12-25,conda/conda,1724,1,estimated
2017-12-26,conda/conda,1729,5,estimated
2017-12-27,conda/conda,1731,2,estimated
2017-12-28,conda/conda,1732,1,estimated
2017-12-29,conda/conda,1736,4,estimated
2017-12-30,conda/conda,1739,3,estimated
2017-12-31,conda/conda,1741,2,estimated
2018-01-01,conda/conda,1747,6,estimated
2018-01-02,conda/conda,1750,3,estimated
2018-01-03,conda/conda,1755,5,estimated
2018-01-04,conda/conda,1759,4,estimated
2018-01-05,conda/conda,1763,4,estimated
2018-01-06,conda/conda,1766,3,estimated
2018-01-07,conda/conda,1768,2,estimated
2018-01-08,conda/conda,1772,4,estimated
2018-01-09,conda/conda,1778,6,estimated
2018-01-10,conda/conda,1780,2,estimated
2018-01-11,conda/conda,1785,5,estimated
2018-01-12,conda/conda,1786,1,estimated
2018-01-13,conda/conda,1789,3,estimated
2018-01-14,conda/conda,1790,1,estimated
2018-01-15,conda/conda,1793,3,estimated
2018-01-16,conda/conda,1800,7,estimated
2018-01-17,conda/conda,1804,4,estimated
2018-01-18,conda/conda,1807,3,estimated
2018-01-19,conda/conda,1810,3,estimated
2018-01-20,conda/conda,1813,3,estimated
2018-01-21,conda/conda,1813,0,estimated
2018-01-22,conda/conda,1817,4,estimated
2018-01-23,conda/conda,1819,2,estimated
2018-01-24,conda/conda,1822,3,estimated
2018-01-25,conda/conda,1827,5,estimated
2018-01-26,conda/conda,1830,3,estimated
2018-01-27,conda/conda,1832,2,estimated
2018-01-28,conda/conda,1837,5,estimated
2018-01-29,conda/conda,1853,16,estimated
2018-01-30,conda/conda,1875,22,estimated
2018-01-31,conda/conda,1891,16,estimated
2018-02-01,conda/conda,1908,17,estimated
2018-02-02,conda/conda,1910,2,estimated
2018-02-03,conda/conda,1911,1,estimated
2018-02-04,conda/conda,1912,1,estimated
2018-02-05,conda/conda,1915,3,estimated
2018-02-06,conda/conda,1918,3,estimated
2018-02-07,conda/conda,1920,2,estimated
2018-02-08,conda/conda,1923,3,estimated
2018-02-09,conda/conda,1925,2,estimated
2018-02-10,conda/conda,1927,2,estimated
2018-02-11,conda/conda,1927,0,estimated
2018-02-12,conda/conda,1928,1,estimated
2018-02-13,conda/conda,1930,2,estimated
2018-02-14,conda/conda,1931,1,estimated
2018-02-15,conda/conda,1933,2,estimated
2018-02-16,conda/conda,1936,3,estimated
2018-02-17,conda/conda,1942,6,estimated
2018-02-18,conda/conda,1943,1,estimated
2018-02-19,conda/conda,1944,1,estimated
2018-02-20,conda/conda,1948,4,estimated
2018-02-21,conda/conda,1950,2,estimated
2018-02-22,conda/conda,1954,4,estimated
2018-02-23,conda/conda,1958,4,estimated
2018-02-24,conda/conda,1962,4,estimated
2018-02-25,conda/conda,1963,1,estimated
2018-02-26,conda/conda,1964,1,estimated
2018-02-27,conda/conda,1965,1,estimated
2018-02-28,conda/conda,1966,1,estimated
2018-03-01,conda/conda,1966,0,estimated
2018-03-02,conda/conda,1968,2,estimated
2018-03-03,conda/conda,1969,1,estimated
2018-03-04,conda/conda,1969,0,estimated
2018-03-05,conda/conda,1969,0,estimated
2018-03-06,conda/conda,1972,3,estimated
2018-03-07,conda/conda,1977,5,estimated
2018-03-08,conda/conda,1988,11,estimated
2018-03-09,conda/conda,1990,2,estimated
2018-03-10,conda/conda,1992,2,estimated
2018-03-11,conda/conda,1995,3,estimated
2018-03-12,conda/conda,2000,5,estimated
2018-03-13,conda/conda,2002,2,estimated
2018-03-14,conda/conda,2003,1,estimated
2018-03-15,conda/conda,2006,3,estimated
2018-03-16,conda/conda,2009,3,estimated
2018-03-17,conda/conda,2010,1,estimated
2018-03-18,conda/conda,2013,3,estimated
2018-03-19,conda/conda,2018,5,estimated
2018-03-20,conda/conda,2024,6,estimated
2018-03-21,conda/conda,2033,9,estimated
2018-03-22,conda/conda,2036,3,estimated
2018-03-23,conda/conda,2037,1,estimated
2018-03-24,conda/conda,2039,2,estimated
2018-03-25,conda/conda,2041,2,estimated
2018-03-26,conda/conda,2042,1,estimated
2018-03-27,conda/conda,2044,2,estimated
2018-03-28,conda/conda,2050,6,estimated
2018-03-29,conda/conda,2053,3,estimated
2018-03-30,conda/conda,2056,3,estimated
2018-03-31,conda/conda,2059,3,estimated
2018-04-01,conda/conda,2059,0,estimated
2018-04-02,conda/conda,2061,2,estimated
2018-04-03,conda/conda,2062,1,estimated
2018-04-04,conda/conda,2064,2,estimated
2018-04-05,conda/conda,2066,2,estimated
2018-04-06,conda/conda,2071,5,estimated
2018-04-07,conda/conda,2071,0,estimated
2018-04-08,conda/conda,2072,1,estimated
2018-04-09,conda/conda,2075,3,estimated
2018-04-10,conda/conda,2077,2,estimated
2018-04-11,conda/conda,2083,6,estimated
2018-04-12,conda/conda,2084,1,estimated
2018-04-13,conda/conda,2089,5,estimated
2018-04-14,conda/conda,2091,2,estimated
2018-04-15,conda/conda,2095,4,estimated
2018-04-16,conda/conda,2100,5,estimated
2018-04-17,conda/conda,2101,1,estimated
2018-04-18,conda/conda,2101,0,estimated
2018-04-19,conda/conda,2102,1,estimated
2018-04-20,conda/conda,2107,5,estimated
2018-04-21,conda/conda,2109,2,estimated
2018-04-22,conda/conda,2110,1,estimated
2018-04-23,conda/conda,2113,3,estimated
2018-04-24,conda/conda,2117,4,estimated
2018-04-25,conda/conda,2120,3,estimated
2018-04-26,conda/conda,2122,2,estimated
2018-04-27,conda/conda,2123,1,estimated
2018-04-28,conda/conda,2124,1,estimated
2018-04-29,conda/conda,2124,0,estimated
2018-04-30,conda/conda,2126,2,estimated
2018-05-01,conda/conda,2130,4,estimated
2018-05-02,conda/conda,2137,7,estimated
2018-05-03,conda/conda,2140,3,estimated
2018-05-04,conda/conda,2142,2,estimated
2018-05-05,conda/conda,2143,1,estimated
2018-05-06,conda/conda,2143,0,estimated
2018-05-07,conda/conda,2143,0,estimated
2018-05-08,conda/conda,2148,5,estimated
2018-05-09,conda/conda,2148,0,estimated
2018-05-10,conda/conda,2149,1,estimated
2018-05-11,conda/conda,2151,2,estimated
2018-05-12,conda/conda,2151,0,estimated
2018-05-13,conda/conda,2151,0,estimated
2018-05-14,conda/conda,2156,5,estimated
2018-05-15,conda/conda,2157,1,estimated
2018-05-16,conda/conda,2158,1,estimated
2018-05-17,conda/conda,2161,3,estimated
2018-05-18,conda/conda,2162,1,estimated
2018-05-19,conda/conda,2163,1,estimated
2018-05-20,conda/conda,2164,1,estimated
2018-05-21,conda/conda,2166,2,estimated
2018-05-22,conda/conda,2169,3,estimated
2018-05-23,conda/conda,2169,0,estimated
2018-05-24,conda/conda,2171,2,estimated
2018-05-25,conda/conda,2173,2,estimated
2018-05-26,conda/conda,2175,2,estimated
2018-05-27,conda/conda,2175,0,estimated
2018-05-28,conda/conda,2178,3,estimated
2018-05-29,conda/conda,2179,1,estimated
2018-05-30,conda/conda,2180,1,estimated
2018-05-31,conda/conda,2184,4,estimated
2018-06-01,conda/conda,2184,0,estimated
2018-06-02,conda/conda,2187,3,estimated
2018-06-03,conda/conda,2187,0,estimated
2018-06-04,conda/conda,2188,1,estimated
2018-06-05,conda/conda,2190,2,estimated
2018-06-06,conda/conda,2192,2,estimated
2018-06-07,conda/conda,2194,2,estimated
2018-06-08,conda/conda,2196,2,estimated
2018-06-09,conda/conda,2198,2,estimated
2018-06-10,conda/conda,2200,2,estimated
2018-06-11,conda/conda,2203,3,wayback
2018-06-12,conda/conda,2203,0,estimated
2018-06-13,conda/conda,2204,1,estimated
2018-06-14,conda/conda,2205,1,estimated
2018-06-15,conda/conda,2206,1,estimated
2018-06-16,conda/conda,2209,3,estimated
2018-06-17,conda/conda,2210,1,estimated
2018-06-18,conda/conda,2210,0,estimated
2018-06-19,conda/conda,2213,3,estimated
2018-06-20,conda/conda,2215,2,estimated
2018-06-21,conda/conda,2217,2,estimated
2018-06-22,conda/conda,2219,2,estimated
2018-06-23,conda/conda,2220,1,estimated
2018-06-24,conda/conda,2222,2,estimated
2018-06-25,conda/conda,2222,0,estimated
2018-06-26,conda/conda,2223,1,estimated
2018-06-27,conda/conda,2224,1,estimated
2018-06-28,conda/conda,2225,1,estimated
2018-06-29,conda/conda,2227,2,estimated
2018-06-30,conda/conda,2227,0,estimated
2018-07-01,conda/conda,2229,2,estimated
2018-07-02,conda/conda,2230,1,estimated
2018-07-03,conda/conda,2232,2,estimated
2018-07-04,conda/conda,2234,2,estimated
2018-07-05,conda/conda,2234,0,estimated
2018-07-06,conda/conda,2237,3,estimated
2018-07-07,conda/conda,2237,0,estimated
2018-07-08,conda/conda,2239,2,estimated
2018-07-09,conda/conda,2242,3,estimated
2018-07-10,conda/conda,2245,3,estimated
2018-07-11,conda/conda,2247,2,estimated
2018-07-12,conda/conda,2249,2,estimated
2018-07-13,conda/conda,2253,4,estimated
2018-07-14,conda/conda,2253,0,estimated
2018-07-15,conda/conda,2255,2,estimated
2018-07-16,conda/conda,2255,0,estimated
2018-07-17,conda/conda,2256,1,estimated
2018-07-18,conda/conda,2258,2,estimated
2018-07-19,conda/conda,2259,1,estimated
2018-07-20,conda/conda,2262,3,estimated
2018-07-21,conda/conda,2264,2,estimated
2018-07-22,conda/conda,2264,0,estimated
2018-07-23,conda/conda,2264,0,estimated
2018-07-24,conda/conda,2267,3,estimated
2018-07-25,conda/conda,2267,0,estimated
2018-07-26,conda/conda,2271,4,estimated
2018-07-27,conda/conda,2275,4,estimated
2018-07-28,conda/conda,2275,0,estimated
2018-07-29,conda/conda,2276,1,estimated
2018-07-30,conda/conda,2277,1,estimated
2018-07-31,conda/conda,2280,3,estimated
2018-08-01,conda/conda,2281,1,estimated
2018-08-02,conda/conda,2285,4,estimated
2018-08-03,conda/conda,2288,3,estimated
2018-08-04,conda/conda,2291,3,estimated
2018-08-05,conda/conda,2292,1,estimated
2018-08-06,conda/conda,2295,3,estimated
2018-08-07,conda/conda,2296,1,estimated
2018-08-08,conda/conda,2298,2,estimated
2018-08-09,conda/conda,2299,1,estimated
2018-08-10,conda/conda,2302,3,estimated
2018-08-11,conda/conda,2303,1,estimated
2018-08-12,conda/conda,2303,0,estimated
2018-08-13,conda/conda,2305,2,estimated
2018-08-14,conda/conda,2306,1,estimated
2018-08-15,conda/conda,2313,7,estimated
2018-08-16,conda/conda,2314,1,estimated
2018-08-17,conda/conda,2316,2,estimated
2018-08-18,conda/conda,2317,1,estimated
2018-08-19,conda/conda,2318,1,estimated
2018-08-20,conda/conda,2321,3,estimated
2018-08-21,conda/conda,2325,4,estimated
2018-08-22,conda/conda,2328,3,estimated
2018-08-23,conda/conda,2329,1,estimated
2018-08-24,conda/conda,2332,3,estimated
2018-08-25,conda/conda,2332,0,estimated
2018-08-26,conda/conda,2334,2,estimated
2018-08-27,conda/conda,2335,1,estimated
2018-08-28,conda/conda,2336,1,estimated
2018-08-29,conda/conda,2339,3,estimated
2018-08-30,conda/conda,2341,2,estimated
2018-08-31,conda/conda,2343,2,estimated
2018-09-01,conda/conda,2344,1,estimated
2018-09-02,conda/conda,2345,1,estimated
2018-09-03,conda/conda,2348,3,estimated
2018-09-04,conda/conda,2356,8,estimated
2018-09-05,conda/conda,2359,3,estimated
2018-09-06,conda/conda,2360,1,estimated
2018-09-07,conda/conda,2364,4,estimated
2018-09-08,conda/conda,2365,1,estimated
2018-09-09,conda/conda,2365,0,estimated
2018-09-10,conda/conda,2366,1,estimated
2018-09-11,conda/conda,2372,6,estimated
2018-09-12,conda/conda,2372,0,estimated
2018-09-13,conda/conda,2372,0,estimated
2018-09-14,conda/conda,2375,3,estimated
2018-09-15,conda/conda,2377,2,estimated
2018-09-16,conda/conda,2377,0,estimated
2018-09-17,conda/conda,2378,1,estimated
2018-09-18,conda/conda,2380,2,estimated
2018-09-19,conda/conda,2382,2,estimated
2018-09-20,conda/conda,2383,1,estimated
2018-09-21,conda/conda,2383,0,estimated
2018-09-22,conda/conda,2384,1,estimated
2018-09-23,conda/conda,2384,0,estimated
2018-09-24,conda/conda,2384,0,estimated
2018-09-25,conda/conda,2384,0,estimated
2018-09-26,conda/conda,2387,3,estimated
2018-09-27,conda/conda,2390,3,estimated
2018-09-28,conda/conda,2394,4,estimated
2018-09-29,conda/conda,2395,1,estimated
2018-09-30,conda/conda,2396,1,estimated
2018-10-01,conda/conda,2403,7,estimated
2018-10-02,conda/conda,2404,1,estimated
2018-10-03,conda/conda,2406,2,estimated
2018-10-04,conda/conda,2407,1,estimated
2018-10-05,conda/conda,2407,0,estimated
2018-10-06,conda/conda,2408,1,estimated
2018-10-07,conda/conda,2410,2,estimated
2018-10-08,conda/conda,2412,2,estimated
2018-10-09,conda/conda,2416,4,estimated
2018-10-10,conda/conda,2419,3,estimated
2018-10-11,conda/conda,2422,3,estimated
2018-10-12,conda/conda,2430,8,estimated
2018-10-13,conda/conda,2430,0,estimated
2018-10-14,conda/conda,2435,5,estimated
2018-10-15,conda/conda,2436,1,estimated
2018-10-16,conda/conda,2439,3,estimated
2018-10-17,conda/conda,2443,4,estimated
2018-10-18,conda/conda,2447,4,estimated
2018-10-19,conda/conda,2447,0,estimated
2018-10-20,conda/conda,2448,1,estimated
2018-10-21,conda/conda,2449,1,estimated
2018-10-22,conda/conda,2450,1,estimated
2018-10-23,conda/conda,2452,2,estimated
2018-10-24,conda/conda,2456,4,estimated
2018-10-25,conda/conda,2461,5,estimated
2018-10-26,conda/conda,2462,1,estimated
2018-10-27,conda/conda,2464,2,estimated
2018-10-28,conda/conda,2465,1,estimated
2018-10-29,conda/conda,2470,5,estimated
2018-10-30,conda/conda,2472,2,estimated
2018-10-31,conda/conda,2474,2,wayback
2018-11-01,conda/conda,2477,3,estimated
2018-11-02,conda/conda,2478,1,estimated
2018-11-03,conda/conda,2478,0,estimated
2018-11-04,conda/conda,2481,3,estimated
2018-11-05,conda/conda,2481,0,estimated
2018-11-06,conda/conda,2481,0,estimated
2018-11-07,conda/conda,2482,1,estimated
2018-11-08,conda/conda,2483,1,estimated
2018-11-09,conda/conda,2486,3,estimated
2018-11-10,conda/conda,2487,1,estimated
2018-11-11,conda/conda,2487,0,estimated
2018-11-12,conda/conda,2491,4,estimated
2018-11-13,conda/conda,2491,0,estimated
2018-11-14,conda/conda,2497,6,estimated
2018-11-15,conda/conda,2498,1,estimated
2018-11-16,conda/conda,2503,5,estimated
2018-11-17,conda/conda,2503,0,estimated
2018-11-18,conda/conda,2504,1,estimated
2018-11-19,conda/conda,2508,4,estimated
2018-11-20,conda/conda,2512,4,estimated
2018-11-21,conda/conda,2513,1,estimated
2018-11-22,conda/conda,2515,2,estimated
2018-11-23,conda/conda,2516,1,estimated
2018-11-24,conda/conda,2518,2,estimated
2018-11-25,conda/conda,2521,3,estimated
2018-11-26,conda/conda,2528,7,estimated
2018-11-27,conda/conda,2531,3,estimated
2018-11-28,conda/conda,2532,1,estimated
2018-11-29,conda/conda,2534,2,estimated
2018-11-30,conda/conda,2537,3,estimated
2018-12-01,conda/conda,2537,0,estimated
2018-12-02,conda/conda,2540,3,estimated
2018-12-03,conda/conda,2542,2,estimated
2018-12-04,conda/conda,2543,1,estimated
2018-12-05,conda/conda,2547,4,estimated
2018-12-06,conda/conda,2549,2,estimated
2018-12-07,conda/conda,2555,6,estimated
2018-12-08,conda/conda,2559,4,estimated
2018-12-09,conda/conda,2562,3,estimated
2018-12-10,conda/conda,2563,1,estimated
2018-12-11,conda/conda,2564,1,estimated
2018-12-12,conda/conda,2565,1,estimated
2018-12-13,conda/conda,2569,4,estimated
2018-12-14,conda/conda,2574,5,estimated
2018-12-15,conda/conda,2575,1,estimated
2018-12-16,conda/conda,2576,1,estimated
2018-12-17,conda/conda,2580,4,estimated
2018-12-18,conda/conda,2580,0,estimated
2018-12-19,conda/conda,2581,1,estimated
2018-12-20,conda/conda,2584,3,estimated
2018-12-21,conda/conda,2589,5,estimated
2018-12-22,conda/conda,2590,1,estimated
2018-12-23,conda/conda,2590,0,estimated
2018-12-24,conda/conda,2592,2,estimated
2018-12-25,conda/conda,2595,3,estimated
2018-12-26,conda/conda,2597,2,estimated
2018-12-27,conda/conda,2599,2,estimated
2018-12-28,conda/conda,2603,4,estimated
2018-12-29,conda/conda,2604,1,estimated
2018-12-30,conda/conda,2605,1,estimated
2018-12-31,conda/conda,2608,3,estimated
2019-01-01,conda/conda,2609,1,estimated
2019-01-02,conda/conda,2609,0,estimated
2019-01-03,conda/conda,2616,7,estimated
2019-01-04,conda/conda,2617,1,estimated
2019-01-05,conda/conda,2619,2,estimated
2019-01-06,conda/conda,2622,3,estimated
2019-01-07,conda/conda,2626,4,estimated
2019-01-08,conda/conda,2626,0,estimated
2019-01-09,conda/conda,2629,3,estimated
2019-01-10,conda/conda,2631,2,estimated
2019-01-11,conda/conda,2633,2,estimated
2019-01-12,conda/conda,2633,0,estimated
2019-01-13,conda/conda,2636,3,estimated
2019-01-14,conda/conda,2636,0,estimated
2019-01-15,conda/conda,2641,5,estimated
2019-01-16,conda/conda,2641,0,estimated
2019-01-17,conda/conda,2643,2,estimated
2019-01-18,conda/conda,2645,2,estimated
2019-01-19,conda/conda,2646,1,estimated
2019-01-20,conda/conda,2649,3,estimated
2019-01-21,conda/conda,2650,1,estimated
2019-01-22,conda/conda,2652,2,estimated
2019-01-23,conda/conda,2652,0,estimated
2019-01-24,conda/conda,2652,0,estimated
2019-01-25,conda/conda,2652,0,estimated
2019-01-26,conda/conda,2652,0,estimated
2019-01-27,conda/conda,2654,2,estimated
2019-01-28,conda/conda,2658,4,estimated
2019-01-29,conda/conda,2659,1,estimated
2019-01-30,conda/conda,2659,0,estimated
2019-01-31,conda/conda,2663,4,estimated
2019-02-01,conda/conda,2663,0,estimated
2019-02-02,conda/conda,2665,2,estimated
2019-02-03,conda/conda,2665,0,estimated
2019-02-04,conda/conda,2670,5,estimated
2019-02-05,conda/conda,2676,6,estimated
2019-02-06,conda/conda,2680,4,estimated
2019-02-07,conda/conda,2685,5,estimated
2019-02-08,conda/conda,2686,1,estimated
2019-02-09,conda/conda,2688,2,estimated
2019-02-10,conda/conda,2693,5,estimated
2019-02-11,conda/conda,2697,4,estimated
2019-02-12,conda/conda,2699,2,estimated
2019-02-13,conda/conda,2701,2,estimated
2019-02-14,conda/conda,2708,7,estimated
2019-02-15,conda/conda,2712,4,estimated
2019-02-16,conda/conda,2712,0,wayback
2019-02-17,conda/conda,2714,2,estimated
2019-02-18,conda/conda,2718,4,estimated
2019-02-19,conda/conda,2720,2,estimated
2019-02-20,conda/conda,2723,3,estimated
2019-02-21,conda/conda,2728,5,estimated
2019-02-22,conda/conda,2731,3,estimated
2019-02-23,conda/conda,2734,3,estimated
2019-02-24,conda/conda,2736,2,estimated
2019-02-25,conda/conda,2738,2,estimated
2019-02-26,conda/conda,2743,5,estimated
2019-02-27,conda/conda,2747,4,estimated
2019-02-28,conda/conda,2748,1,estimated
2019-03-01,conda/conda,2751,3,estimated
2019-03-02,conda/conda,2752,1,estimated
2019-03-03,conda/conda,2753,1,estimated
2019-03-04,conda/conda,2753,0,estimated
2019-03-05,conda/conda,2758,5,estimated
2019-03-06,conda/conda,2759,1,estimated
2019-03-07,conda/conda,2764,5,estimated
2019-03-08,conda/conda,2767,3,estimated
2019-03-09,conda/conda,2768,1,estimated
2019-03-10,conda/conda,2769,1,estimated
2019-03-11,conda/conda,2772,3,estimated
2019-03-12,conda/conda,2774,2,estimated
2019-03-13,conda/conda,2777,3,estimated
2019-03-14,conda/conda,2780,3,estimated
2019-03-15,conda/conda,2784,4,estimated
2019-03-16,conda/conda,2789,5,estimated
2019-03-17,conda/conda,2790,1,estimated
2019-03-18,conda/conda,2792,2,estimated
2019-03-19,conda/conda,2794,2,estimated
2019-03-20,conda/conda,2796,2,estimated
2019-03-21,conda/conda,2797,1,estimated
2019-03-22,conda/conda,2798,1,estimated
2019-03-23,conda/conda,2800,2,estimated
2019-03-24,conda/conda,2801,1,estimated
2019-03-25,conda/conda,2801,0,estimated
2019-03-25,mamba-org/mamba,5,5,estimated
2019-03-26,conda/conda,2803,2,estimated
2019-03-26,mamba-org/mamba,13,8,estimated
2019-03-27,conda/conda,2807,4,estimated
2019-03-27,mamba-org/mamba,15,2,estimated
2019-03-28,conda/conda,2809,2,estimated
2019-03-28,mamba-org/mamba,15,0,estimated
2019-03-29,conda/conda,2812,3,estimated
2019-03-29,mamba-org/mamba,20,5,estimated
2019-03-30,conda/conda,2812,0,estimated
2019-03-30,mamba-org/mamba,20,0,estimated
2019-03-31,conda/conda,2815,3,wayback
2019-03-31,mamba-org/mamba,23,3,estimated
2019-04-01,conda/conda,2817,2,estimated
2019-04-01,mamba-org/mamba,24,1,estimated
2019-04-02,conda/conda,2821,4,estimated
2019-04-02,mamba-org/mamba,24,0,estimated
2019-04-03,conda/conda,2822,1,estimated
2019-04-03,mamba-org/mamba,24,0,estimated
2019-04-04,conda/conda,2824,2,estimated
2019-04-04,mamba-org/mamba,24,0,estimated
2019-04-05,conda/conda,2827,3,estimated
2019-04-05,mamba-org/mamba,24,0,estimated
2019-04-06,conda/conda,2828,1,estimated
2019-04-06,mamba-org/mamba,24,0,estimated
2019-04-07,conda/conda,2828,0,estimated
2019-04-07,mamba-org/mamba,24,0,estimated
2019-04-08,conda/conda,2835,7,estimated
2019-04-08,mamba-org/mamba,24,0,estimated
2019-04-09,conda/conda,2838,3,estimated
2019-04-09,mamba-org/mamba,24,0,estimated
2019-04-10,conda/conda,2840,2,estimated
2019-04-10,mamba-org/mamba,24,0,estimated
2019-04-11,conda/conda,2843,3,estimated
2019-04-11,mamba-org/mamba,24,0,estimated
2019-04-12,conda/conda,2845,2,estimated
2019-04-12,mamba-org/mamba,25,1,estimated
2019-04-13,conda/conda,2846,1,estimated
2019-04-13,mamba-org/mamba,26,1,estimated
2019-04-14,conda/conda,2848,2,estimated
2019-04-14,mamba-org/mamba,27,1,estimated
2019-04-15,conda/conda,2849,1,estimated
2019-04-15,mamba-org/mamba,30,3,estimated
2019-04-16,conda/conda,2853,4,estimated
2019-04-16,mamba-org/mamba,32,2,estimated
2019-04-17,conda/conda,2859,6,estimated
2019-04-17,mamba-org/mamba,32,0,estimated
2019-04-18,conda/conda,2866,7,estimated
2019-04-18,mamba-org/mamba,32,0,estimated
2019-04-19,conda/conda,2868,2,estimated
2019-04-19,mamba-org/mamba,33,1,estimated
2019-04-20,conda/conda,2872,4,estimated
2019-04-20,mamba-org/mamba,33,0,estimated
2019-04-21,conda/conda,2873,1,estimated
2019-04-21,mamba-org/mamba,33,0,estimated
2019-04-22,conda/conda,2875,2,estimated
2019-04-22,mamba-org/mamba,33,0,estimated
2019-04-23,conda/conda,2876,1,estimated
2019-04-23,mamba-org/mamba,33,0,estimated
2019-04-24,conda/conda,2878,2,estimated
2019-04-24,mamba-org/mamba,33,0,estimated
2019-04-25,conda/conda,2881,3,estimated
2019-04-25,mamba-org/mamba,33,0,estimated
2019-04-26,conda/conda,2883,2,estimated
2019-04-26,mamba-org/mamba,35,2,estimated
2019-04-27,conda/conda,2885,2,estimated
2019-04-27,mamba-org/mamba,35,0,estimated
2019-04-28,conda/conda,2886,1,estimated
2019-04-28,mamba-org/mamba,35,0,estimated
2019-04-29,conda/conda,2887,1,estimated
2019-04-29,mamba-org/mamba,35,0,estimated
2019-04-30,conda/conda,2887,0,estimated
2019-04-30,mamba-org/mamba,35,0,estimated
2019-05-01,conda/conda,2888,1,estimated
2019-05-01,mamba-org/mamba,35,0,estimated
2019-05-02,conda/conda,2891,3,estimated
2019-05-02,mamba-org/mamba,35,0,estimated
2019-05-03,conda/conda,2892,1,estimated
2019-05-03,mamba-org/mamba,36,1,estimated
2019-05-04,conda/conda,2892,0,estimated
2019-05-04,mamba-org/mamba,37,1,estimated
2019-05-05,conda/conda,2892,0,estimated
2019-05-05,mamba-org/mamba,37,0,estimated
2019-05-06,conda/conda,2895,3,estimated
2019-05-06,mamba-org/mamba,38,1,estimated
2019-05-07,conda/conda,2898,3,estimated
2019-05-07,mamba-org/mamba,38,0,estimated
2019-05-08,conda/conda,2900,2,estimated
2019-05-08,mamba-org/mamba,38,0,estimated
2019-05-09,conda/conda,2902,2,estimated
2019-05-09,mamba-org/mamba,38,0,estimated
2019-05-10,conda/conda,2903,1,estimated
2019-05-10,mamba-org/mamba,38,0,estimated
2019-05-11,conda/conda,2906,3,estimated
2019-05-11,mamba-org/mamba,38,0,estimated
2019-05-12,conda/conda,2907,1,estimated
2019-05-12,mamba-org/mamba,38,0,estimated
2019-05-13,conda/conda,2909,2,estimated
2019-05-13,mamba-org/mamba,38,0,estimated
2019-05-14,conda/conda,2910,1,estimated
2019-05-14,mamba-org/mamba,38,0,estimated
2019-05-15,conda/conda,2911,1,estimated
2019-05-15,mamba-org/mamba,38,0,estimated
2019-05-16,conda/conda,2912,1,estimated
2019-05-16,mamba-org/mamba,38,0,estimated
2019-05-17,conda/conda,2912,0,estimated
2019-05-17,mamba-org/mamba,38,0,estimated
2019-05-18,conda/conda,2913,1,estimated
2019-05-18,mamba-org/mamba,38,0,estimated
2019-05-19,conda/conda,2913,0,estimated
2019-05-19,mamba-org/mamba,38,0,estimated
2019-05-20,conda/conda,2916,3,wayback
2019-05-20,mamba-org/mamba,38,0,estimated
2019-05-21,conda/conda,2920,4,estimated
2019-05-21,mamba-org/mamba,38,0,estimated
2019-05-22,conda/conda,2920,0,estimated
2019-05-22,mamba-org/mamba,38,0,estimated
2019-05-23,conda/conda,2922,2,estimated
2019-05-23,mamba-org/mamba,38,0,estimated
2019-05-24,conda/conda,2924,2,estimated
2019-05-24,mamba-org/mamba,38,0,estimated
2019-05-25,conda/conda,2928,4,estimated
2019-05-25,mamba-org/mamba,40,2,estimated
2019-05-26,conda/conda,2929,1,estimated
2019-05-26,mamba-org/mamba,40,0,estimated
2019-05-27,conda/conda,2932,3,estimated
2019-05-27,mamba-org/mamba,40,0,estimated
2019-05-28,conda/conda,2933,1,estimated
2019-05-28,mamba-org/mamba,40,0,estimated
2019-05-29,conda/conda,2934,1,estimated
2019-05-29,mamba-org/mamba,40,0,estimated
2019-05-30,conda/conda,2935,1,estimated
2019-05-30,mamba-org/mamba,40,0,estimated
2019-05-31,conda/conda,2937,2,estimated
2019-05-31,mamba-org/mamba,40,0,estimated
2019-06-01,conda/conda,2938,1,estimated
2019-06-01,mamba-org/mamba,40,0,estimated
2019-06-02,conda/conda,2938,0,estimated
2019-06-02,mamba-org/mamba,40,0,estimated
2019-06-03,conda/conda,2940,2,estimated
2019-06-03,mamba-org/mamba,40,0,estimated
2019-06-04,conda/conda,2940,0,estimated
2019-06-04,mamba-org/mamba,40,0,estimated
2019-06-05,conda/conda,2940,0,estimated
2019-06-05,mamba-org/mamba,40,0,estimated
2019-06-06,conda/conda,2943,3,estimated
2019-06-06,mamba-org/mamba,40,0,estimated
2019-06-07,conda/conda,2944,1,estimated
2019-06-07,mamba-org/mamba,40,0,estimated
2019-06-08,conda/conda,2946,2,estimated
2019-06-08,mamba-org/mamba,41,1,estimated
2019-06-09,conda/conda,2947,1,estimated
2019-06-09,mamba-org/mamba,41,0,estimated
2019-06-10,conda/conda,2951,4,estimated
2019-06-10,mamba-org/mamba,50,9,estimated
2019-06-11,conda/conda,2953,2,estimated
2019-06-11,mamba-org/mamba,75,25,wayback
2019-06-12,conda/conda,2955,2,estimated
2019-06-12,mamba-org/mamba,101,26,estimated
2019-06-13,conda/conda,2955,0,estimated
2019-06-13,mamba-org/mamba,110,9,estimated
2019-06-14,conda/conda,2957,2,estimated
2019-06-14,mamba-org/mamba,116,6,estimated
2019-06-15,conda/conda,2976,19,estimated
2019-06-15,mamba-org/mamba,119,3,estimated
2019-06-16,conda/conda,2997,21,estimated
2019-06-16,mamba-org/mamba,120,1,estimated
2019-06-17,conda/conda,3000,3,estimated
2019-06-17,mamba-org/mamba,121,1,estimated
2019-06-18,conda/conda,3002,2,estimated
2019-06-18,mamba-org/mamba,121,0,estimated
2019-06-19,conda/conda,3003,1,estimated
2019-06-19,mamba-org/mamba,125,4,estimated
2019-06-20,conda/conda,3005,2,estimated
2019-06-20,mamba-org/mamba,129,4,estimated
2019-06-21,conda/conda,3005,0,estimated
2019-06-21,mamba-org/mamba,129,0,estimated
2019-06-22,conda/conda,3008,3,estimated
2019-06-22,mamba-org/mamba,129,0,estimated
2019-06-23,conda/conda,3009,1,estimated
2019-06-23,mamba-org/mamba,129,0,estimated
2019-06-24,conda/conda,3014,5,estimated
2019-06-24,mamba-org/mamba,133,4,estimated
2019-06-25,conda/conda,3016,2,estimated
2019-06-25,mamba-org/mamba,135,2,estimated
2019-06-26,conda/conda,3017,1,estimated
2019-06-26,mamba-org/mamba,137,2,estimated
2019-06-27,conda/conda,3022,5,estimated
2019-06-27,mamba-org/mamba,141,4,estimated
2019-06-28,conda/conda,3024,2,estimated
2019-06-28,mamba-org/mamba,141,0,estimated
2019-06-29,conda/conda,3025,1,estimated
2019-06-29,mamba-org/mamba,141,0,estimated
2019-06-30,conda/conda,3025,0,estimated
2019-06-30,mamba-org/mamba,141,0,estimated
2019-07-01,conda/conda,3027,2,estimated
2019-07-01,mamba-org/mamba,141,0,estimated
2019-07-02,conda/conda,3031,4,estimated
2019-07-02,mamba-org/mamba,141,0,estimated
2019-07-03,conda/conda,3036,5,estimated
2019-07-03,mamba-org/mamba,144,3,estimated
2019-07-04,conda/conda,3036,0,estimated
2019-07-04,mamba-org/mamba,144,0,estimated
2019-07-05,conda/conda,3037,1,estimated
2019-07-05,mamba-org/mamba,145,1,estimated
2019-07-06,conda/conda,3038,1,estimated
2019-07-06,mamba-org/mamba,146,1,estimated
2019-07-07,conda/conda,3038,0,estimated
2019-07-07,mamba-org/mamba,149,3,estimated
2019-07-08,conda/conda,3039,1,estimated
2019-07-08,mamba-org/mamba,149,0,estimated
2019-07-09,conda/conda,3041,2,estimated
2019-07-09,mamba-org/mamba,152,3,estimated
2019-07-10,conda/conda,3046,5,estimated
2019-07-10,mamba-org/mamba,154,2,estimated
2019-07-11,conda/conda,3049,3,estimated
2019-07-11,mamba-org/mamba,155,1,estimated
2019-07-12,conda/conda,3051,2,estimated
2019-07-12,mamba-org/mamba,155,0,estimated
2019-07-13,conda/conda,3054,3,estimated
2019-07-13,mamba-org/mamba,155,0,estimated
2019-07-14,conda/conda,3057,3,wayback
2019-07-14,mamba-org/mamba,155,0,estimated
2019-07-15,conda/conda,3058,1,estimated
2019-07-15,mamba-org/mamba,155,0,estimated
2019-07-16,conda/conda,3059,1,estimated
2019-07-16,mamba-org/mamba,158,3,estimated
2019-07-17,conda/conda,3061,2,estimated
2019-07-17,mamba-org/mamba,160,2,wayback
2019-07-18,conda/conda,3063,2,estimated
2019-07-18,mamba-org/mamba,162,2,estimated
2019-07-19,conda/conda,3064,1,estimated
2019-07-19,mamba-org/mamba,162,0,estimated
2019-07-20,conda/conda,3064,0,estimated
2019-07-20,mamba-org/mamba,162,0,estimated
2019-07-21,conda/conda,3068,4,estimated
2019-07-21,mamba-org/mamba,163,1,estimated
2019-07-22,conda/conda,3069,1,estimated
2019-07-22,mamba-org/mamba,165,2,estimated
2019-07-23,conda/conda,3071,2,estimated
2019-07-23,mamba-org/mamba,167,2,estimated
2019-07-24,conda/conda,3071,0,estimated
2019-07-24,mamba-org/mamba,168,1,estimated
2019-07-25,conda/conda,3073,2,estimated
2019-07-25,mamba-org/mamba,169,1,estimated
2019-07-26,conda/conda,3075,2,estimated
2019-07-26,mamba-org/mamba,172,3,estimated
2019-07-27,conda/conda,3079,4,estimated
2019-07-27,mamba-org/mamba,172,0,estimated
2019-07-28,conda/conda,3079,0,estimated
2019-07-28,mamba-org/mamba,172,0,estimated
2019-07-29,conda/conda,3081,2,estimated
2019-07-29,mamba-org/mamba,172,0,estimated
2019-07-30,conda/conda,3081,0,estimated
2019-07-30,mamba-org/mamba,172,0,estimated
2019-07-31,conda/conda,3084,3,estimated
2019-07-31,mamba-org/mamba,172,0,estimated
2019-08-01,conda/conda,3086,2,estimated
2019-08-01,mamba-org/mamba,172,0,estimated
2019-08-02,conda/conda,3087,1,estimated
2019-08-02,mamba-org/mamba,173,1,estimated
2019-08-03,conda/conda,3088,1,estimated
2019-08-03,mamba-org/mamba,173,0,estimated
2019-08-04,conda/conda,3091,3,estimated
2019-08-04,mamba-org/mamba,173,0,estimated
2019-08-05,conda/conda,3091,0,estimated
2019-08-05,mamba-org/mamba,174,1,estimated
2019-08-06,conda/conda,3094,3,estimated
2019-08-06,mamba-org/mamba,174,0,estimated
2019-08-07,conda/conda,3096,2,estimated
2019-08-07,mamba-org/mamba,175,1,estimated
2019-08-08,conda/conda,3097,1,estimated
2019-08-08,mamba-org/mamba,175,0,estimated
2019-08-09,conda/conda,3100,3,estimated
2019-08-09,mamba-org/mamba,175,0,estimated
2019-08-10,conda/conda,3102,2,estimated
2019-08-10,mamba-org/mamba,175,0,estimated
2019-08-11,conda/conda,3104,2,estimated
2019-08-11,mamba-org/mamba,175,0,estimated
2019-08-12,conda/conda,3105,1,estimated
2019-08-12,mamba-org/mamba,175,0,estimated
2019-08-13,conda/conda,3107,2,estimated
2019-08-13,mamba-org/mamba,176,1,estimated
2019-08-14,conda/conda,3108,1,estimated
2019-08-14,mamba-org/mamba,176,0,estimated
2019-08-15,conda/conda,3111,3,estimated
2019-08-15,mamba-org/mamba,176,0,estimated
2019-08-16,conda/conda,3114,3,estimated
2019-08-16,mamba-org/mamba,176,0,estimated
2019-08-17,conda/conda,3116,2,estimated
2019-08-17,mamba-org/mamba,176,0,estimated
2019-08-18,conda/conda,3117,1,estimated
2019-08-18,mamba-org/mamba,176,0,estimated
2019-08-19,conda/conda,3119,2,estimated
2019-08-19,mamba-org/mamba,177,1,estimated
2019-08-20,conda/conda,3122,3,estimated
2019-08-20,mamba-org/mamba,177,0,estimated
2019-08-21,conda/conda,3123,1,estimated
2019-08-21,mamba-org/mamba,177,0,estimated
2019-08-22,conda/conda,3123,0,estimated
2019-08-22,mamba-org/mamba,177,0,estimated
2019-08-23,conda/conda,3124,1,estimated
2019-08-23,mamba-org/mamba,177,0,estimated
2019-08-24,conda/conda,3126,2,estimated
2019-08-24,mamba-org/mamba,177,0,estimated
2019-08-25,conda/conda,3128,2,wayback
2019-08-25,mamba-org/mamba,177,0,estimated
2019-08-26,conda/conda,3128,0,estimated
2019-08-26,mamba-org/mamba,177,0,estimated
2019-08-27,conda/conda,3130,2,estimated
2019-08-27,mamba-org/mamba,177,0,estimated
2019-08-28,conda/conda,3130,0,estimated
2019-08-28,mamba-org/mamba,177,0,estimated
2019-08-29,conda/conda,3131,1,estimated
2019-08-29,mamba-org/mamba,179,2,estimated
2019-08-30,conda/conda,3136,5,estimated
2019-08-30,mamba-org/mamba,179,0,estimated
2019-08-31,conda/conda,3136,0,estimated
2019-08-31,mamba-org/mamba,179,0,estimated
2019-09-01,conda/conda,3138,2,estimated
2019-09-01,mamba-org/mamba,179,0,estimated
2019-09-02,conda/conda,3140,2,estimated
2019-09-02,mamba-org/mamba,179,0,estimated
2019-09-03,conda/conda,3141,1,estimated
2019-09-03,mamba-org/mamba,179,0,estimated
2019-09-04,conda/conda,3145,4,estimated
2019-09-04,mamba-org/mamba,179,0,estimated
2019-09-05,conda/conda,3147,2,estimated
2019-09-05,mamba-org/mamba,179,0,estimated
2019-09-06,conda/conda,3150,3,estimated
2019-09-06,mamba-org/mamba,180,1,estimated
2019-09-07,conda/conda,3150,0,estimated
2019-09-07,mamba-org/mamba,181,1,estimated
2019-09-08,conda/conda,3150,0,estimated
2019-09-08,mamba-org/mamba,181,0,estimated
2019-09-09,conda/conda,3155,5,estimated
2019-09-09,mamba-org/mamba,182,1,estimated
2019-09-10,conda/conda,3157,2,estimated
2019-09-10,mamba-org/mamba,182,0,estimated
2019-09-11,conda/conda,3159,2,estimated
2019-09-11,mamba-org/mamba,182,0,estimated
2019-09-12,conda/conda,3159,0,estimated
2019-09-12,mamba-org/mamba,182,0,estimated
2019-09-13,conda/conda,3160,1,estimated
2019-09-13,mamba-org/mamba,182,0,estimated
2019-09-14,conda/conda,3161,1,estimated
2019-09-14,mamba-org/mamba,182,0,estimated
2019-09-15,conda/conda,3162,1,estimated
2019-09-15,mamba-org/mamba,183,1,estimated
2019-09-16,conda/conda,3165,3,estimated
2019-09-16,mamba-org/mamba,183,0,estimated
2019-09-17,conda/conda,3167,2,estimated
2019-09-17,mamba-org/mamba,184,1,estimated
2019-09-18,conda/conda,3167,0,estimated
2019-09-18,mamba-org/mamba,184,0,estimated
2019-09-19,conda/conda,3171,4,estimated
2019-09-19,mamba-org/mamba,185,1,estimated
2019-09-20,conda/conda,3173,2,estimated
2019-09-20,mamba-org/mamba,186,1,estimated
2019-09-21,conda/conda,3175,2,estimated
2019-09-21,mamba-org/mamba,186,0,estimated
2019-09-22,conda/conda,3177,2,estimated
2019-09-22,mamba-org/mamba,186,0,estimated
2019-09-23,conda/conda,3178,1,estimated
2019-09-23,mamba-org/mamba,187,1,estimated
2019-09-24,conda/conda,3178,0,estimated
2019-09-24,mamba-org/mamba,187,0,estimated
2019-09-25,conda/conda,3181,3,estimated
2019-09-25,mamba-org/mamba,188,1,estimated
2019-09-26,conda/conda,3182,1,estimated
2019-09-26,mamba-org/mamba,189,1,estimated
2019-09-27,conda/conda,3184,2,estimated
2019-09-27,mamba-org/mamba,189,0,estimated
2019-09-28,conda/conda,3186,2,estimated
2019-09-28,mamba-org/mamba,189,0,estimated
2019-09-29,conda/conda,3186,0,estimated
2019-09-29,mamba-org/mamba,190,1,estimated
2019-09-30,conda/conda,3188,2,estimated
2019-09-30,mamba-org/mamba,190,0,estimated
2019-10-01,conda/conda,3189,1,estimated
2019-10-01,mamba-org/mamba,190,0,estimated
2019-10-02,conda/conda,3189,0,estimated
2019-10-02,mamba-org/mamba,191,1,estimated
2019-10-03,conda/conda,3191,2,estimated
2019-10-03,mamba-org/mamba,191,0,estimated
2019-10-04,conda/conda,3191,0,estimated
2019-10-04,mamba-org/mamba,191,0,estimated
2019-10-05,conda/conda,3194,3,estimated
2019-10-05,mamba-org/mamba,191,0,estimated
2019-10-06,conda/conda,3197,3,estimated
2019-10-06,mamba-org/mamba,191,0,estimated
2019-10-07,conda/conda,3198,1,estimated
2019-10-07,mamba-org/mamba,193,2,estimated
2019-10-08,conda/conda,3198,0,estimated
2019-10-08,mamba-org/mamba,195,2,estimated
2019-10-09,conda/conda,3200,2,estimated
2019-10-09,mamba-org/mamba,196,1,estimated
2019-10-10,conda/conda,3203,3,estimated
2019-10-10,mamba-org/mamba,196,0,estimated
2019-10-11,conda/conda,3204,1,estimated
2019-10-11,mamba-org/mamba,196,0,estimated
2019-10-12,conda/conda,3204,0,estimated
2019-10-12,mamba-org/mamba,196,0,estimated
2019-10-13,conda/conda,3205,1,estimated
2019-10-13,mamba-org/mamba,196,0,estimated
2019-10-14,conda/conda,3207,2,estimated
2019-10-14,mamba-org/mamba,197,1,estimated
2019-10-15,conda/conda,3207,0,estimated
2019-10-15,mamba-org/mamba,198,1,estimated
2019-10-16,conda/conda,3209,2,estimated
2019-10-16,mamba-org/mamba,199,1,estimated
2019-10-17,conda/conda,3213,4,estimated
2019-10-17,mamba-org/mamba,199,0,estimated
2019-10-18,conda/conda,3214,1,estimated
2019-10-18,mamba-org/mamba,199,0,estimated
2019-10-19,conda/conda,3214,0,estimated
2019-10-19,mamba-org/mamba,199,0,estimated
2019-10-20,conda/conda,3214,0,estimated
2019-10-20,mamba-org/mamba,199,0,estimated
2019-10-21,conda/conda,3215,1,estimated
2019-10-21,mamba-org/mamba,199,0,estimated
2019-10-22,conda/conda,3219,4,estimated
2019-10-22,mamba-org/mamba,199,0,estimated
2019-10-23,conda/conda,3224,5,estimated
2019-10-23,mamba-org/mamba,199,0,estimated
2019-10-24,conda/conda,3227,3,estimated
2019-10-24,mamba-org/mamba,200,1,estimated
2019-10-25,conda/conda,3227,0,estimated
2019-10-25,mamba-org/mamba,200,0,estimated
2019-10-26,conda/conda,3228,1,estimated
2019-10-26,mamba-org/mamba,200,0,estimated
2019-10-27,conda/conda,3230,2,estimated
2019-10-27,mamba-org/mamba,200,0,estimated
2019-10-28,conda/conda,3231,1,estimated
2019-10-28,mamba-org/mamba,200,0,estimated
2019-10-29,conda/conda,3234,3,estimated
2019-10-29,mamba-org/mamba,200,0,estimated
2019-10-30,conda/conda,3237,3,estimated
2019-10-30,mamba-org/mamba,200,0,estimated
2019-10-31,conda/conda,3240,3,estimated
2019-10-31,mamba-org/mamba,200,0,estimated
2019-11-01,conda/conda,3240,0,estimated
2019-11-01,mamba-org/mamba,200,0,estimated
2019-11-02,conda/conda,3240,0,estimated
2019-11-02,mamba-org/mamba,201,1,estimated
2019-11-03,conda/conda,3241,1,estimated
2019-11-03,mamba-org/mamba,201,0,estimated
2019-11-04,conda/conda,3244,3,estimated
2019-11-04,mamba-org/mamba,201,0,estimated
2019-11-05,conda/conda,3250,6,estimated
2019-11-05,mamba-org/mamba,202,1,estimated
2019-11-06,conda/conda,3255,5,estimated
2019-11-06,mamba-org/mamba,202,0,estimated
2019-11-07,conda/conda,3255,0,estimated
2019-11-07,mamba-org/mamba,202,0,estimated
2019-11-08,conda/conda,3258,3,estimated
2019-11-08,mamba-org/mamba,203,1,estimated
2019-11-09,conda/conda,3260,2,estimated
2019-11-09,mamba-org/mamba,203,0,estimated
2019-11-10,conda/conda,3260,0,estimated
2019-11-10,mamba-org/mamba,203,0,estimated
2019-11-11,conda/conda,3263,3,estimated
2019-11-11,mamba-org/mamba,203,0,estimated
2019-11-12,conda/conda,3265,2,estimated
2019-11-12,mamba-org/mamba,203,0,estimated
2019-11-13,conda/conda,3266,1,estimated
2019-11-13,mamba-org/mamba,203,0,estimated
2019-11-14,conda/conda,3266,0,estimated
2019-11-14,mamba-org/mamba,203,0,estimated
2019-11-15,conda/conda,3266,0,estimated
2019-11-15,mamba-org/mamba,203,0,estimated
2019-11-16,conda/conda,3266,0,estimated
2019-11-16,mamba-org/mamba,203,0,estimated
2019-11-17,conda/conda,3266,0,estimated
2019-11-17,mamba-org/mamba,203,0,estimated
2019-11-18,conda/conda,3268,2,estimated
2019-11-18,mamba-org/mamba,203,0,estimated
2019-11-19,conda/conda,3269,1,estimated
2019-11-19,mamba-org/mamba,203,0,estimated
2019-11-20,conda/conda,3273,4,estimated
2019-11-20,mamba-org/mamba,203,0,estimated
2019-11-21,conda/conda,3274,1,estimated
2019-11-21,mamba-org/mamba,204,1,estimated
2019-11-22,conda/conda,3275,1,estimated
2019-11-22,mamba-org/mamba,204,0,estimated
2019-11-23,conda/conda,3275,0,estimated
2019-11-23,mamba-org/mamba,205,1,estimated
2019-11-24,conda/conda,3277,2,estimated
2019-11-24,mamba-org/mamba,206,1,estimated
2019-11-25,conda/conda,3282,5,estimated
2019-11-25,mamba-org/mamba,207,1,estimated
2019-11-26,conda/conda,3286,4,estimated
2019-11-26,mamba-org/mamba,207,0,estimated
2019-11-27,conda/conda,3286,0,estimated
2019-11-27,mamba-org/mamba,207,0,estimated
2019-11-28,conda/conda,3289,3,estimated
2019-11-28,mamba-org/mamba,207,0,estimated
2019-11-29,conda/conda,3292,3,estimated
2019-11-29,mamba-org/mamba,207,0,estimated
2019-11-30,conda/conda,3292,0,estimated
2019-11-30,mamba-org/mamba,207,0,estimated
2019-12-01,conda/conda,3296,4,estimated
2019-12-01,mamba-org/mamba,207,0,estimated
2019-12-02,conda/conda,3298,2,estimated
2019-12-02,mamba-org/mamba,207,0,estimated
2019-12-03,conda/conda,3298,0,estimated
2019-12-03,mamba-org/mamba,207,0,estimated
2019-12-04,conda/conda,3301,3,estimated
2019-12-04,mamba-org/mamba,207,0,estimated
2019-12-05,conda/conda,3305,4,estimated
2019-12-05,mamba-org/mamba,209,2,estimated
2019-12-06,conda/conda,3307,2,estimated
2019-12-06,mamba-org/mamba,212,3,estimated
2019-12-07,conda/conda,3309,2,estimated
2019-12-07,mamba-org/mamba,212,0,estimated
2019-12-08,conda/conda,3309,0,estimated
2019-12-08,mamba-org/mamba,212,0,estimated
2019-12-09,conda/conda,3311,2,estimated
2019-12-09,mamba-org/mamba,213,1,estimated
2019-12-10,conda/conda,3312,1,estimated
2019-12-10,mamba-org/mamba,213,0,estimated
2019-12-11,conda/conda,3314,2,estimated
2019-12-11,mamba-org/mamba,213,0,estimated
2019-12-12,conda/conda,3316,2,estimated
2019-12-12,mamba-org/mamba,216,3,estimated
2019-12-13,conda/conda,3318,2,estimated
2019-12-13,mamba-org/mamba,216,0,estimated
2019-12-14,conda/conda,3319,1,estimated
2019-12-14,mamba-org/mamba,219,3,estimated
2019-12-15,conda/conda,3320,1,estimated
2019-12-15,mamba-org/mamba,219,0,estimated
2019-12-16,conda/conda,3320,0,estimated
2019-12-16,mamba-org/mamba,219,0,estimated
2019-12-17,conda/conda,3323,3,estimated
2019-12-17,mamba-org/mamba,220,1,estimated
2019-12-18,conda/conda,3327,4,estimated
2019-12-18,mamba-org/mamba,220,0,estimated
2019-12-19,conda/conda,3327,0,estimated
2019-12-19,mamba-org/mamba,220,0,estimated
2019-12-20,conda/conda,3329,2,estimated
2019-12-20,mamba-org/mamba,220,0,estimated
2019-12-21,conda/conda,3330,1,estimated
2019-12-21,mamba-org/mamba,220,0,estimated
2019-12-22,conda/conda,3331,1,estimated
2019-12-22,mamba-org/mamba,220,0,estimated
2019-12-23,conda/conda,3333,2,estimated
2019-12-23,mamba-org/mamba,221,1,estimated
2019-12-24,conda/conda,3337,4,estimated
2019-12-24,mamba-org/mamba,222,1,estimated
2019-12-25,conda/conda,3338,1,estimated
2019-12-25,mamba-org/mamba,222,0,estimated
2019-12-26,conda/conda,3340,2,estimated
2019-12-26,mamba-org/mamba,223,1,estimated
2019-12-27,conda/conda,3342,2,estimated
2019-12-27,mamba-org/mamba,223,0,estimated
2019-12-28,conda/conda,3344,2,estimated
2019-12-28,mamba-org/mamba,223,0,estimated
2019-12-29,conda/conda,3347,3,estimated
2019-12-29,mamba-org/mamba,223,0,estimated
2019-12-30,conda/conda,3349,2,estimated
2019-12-30,mamba-org/mamba,223,0,estimated
2019-12-31,conda/conda,3352,3,estimated
2019-12-31,mamba-org/mamba,223,0,estimated
2020-01-01,conda/conda,3353,1,estimated
2020-01-01,mamba-org/mamba,224,1,estimated
2020-01-02,conda/conda,3353,0,estimated
2020-01-02,mamba-org/mamba,224,0,estimated
2020-01-03,conda/conda,3355,2,estimated
2020-01-03,mamba-org/mamba,227,3,wayback
2020-01-04,conda/conda,3357,2,estimated
2020-01-04,mamba-org/mamba,227,0,estimated
2020-01-05,conda/conda,3359,2,estimated
2020-01-05,mamba-org/mamba,227,0,estimated
2020-01-06,conda/conda,3364,5,estimated
2020-01-06,mamba-org/mamba,228,1,estimated
2020-01-07,conda/conda,3366,2,estimated
2020-01-07,mamba-org/mamba,229,1,estimated
2020-01-08,conda/conda,3371,5,estimated
2020-01-08,mamba-org/mamba,229,0,estimated
2020-01-09,conda/conda,3375,4,estimated
2020-01-09,mamba-org/mamba,230,1,estimated
2020-01-10,conda/conda,3380,5,estimated
2020-01-10,mamba-org/mamba,232,2,estimated
2020-01-11,conda/conda,3380,0,estimated
2020-01-11,mamba-org/mamba,232,0,estimated
2020-01-12,conda/conda,3380,0,estimated
2020-01-12,mamba-org/mamba,232,0,estimated
2020-01-13,conda/conda,3381,1,estimated
2020-01-13,mamba-org/mamba,233,1,estimated
2020-01-14,conda/conda,3383,2,estimated
2020-01-14,mamba-org/mamba,234,1,estimated
2020-01-15,conda/conda,3385,2,estimated
2020-01-15,mamba-org/mamba,235,1,estimated
2020-01-16,conda/conda,3385,0,estimated
2020-01-16,mamba-org/mamba,236,1,estimated
2020-01-17,conda/conda,3386,1,estimated
2020-01-17,mamba-org/mamba,236,0,estimated
2020-01-18,conda/conda,3389,3,estimated
2020-01-18,mamba-org/mamba,238,2,estimated
2020-01-19,conda/conda,3390,1,estimated
2020-01-19,mamba-org/mamba,239,1,estimated
2020-01-20,conda/conda,3391,1,estimated
2020-01-20,mamba-org/mamba,239,0,estimated
2020-01-21,conda/conda,3394,3,estimated
2020-01-21,mamba-org/mamba,239,0,estimated
2020-01-22,conda/conda,3395,1,estimated
2020-01-22,mamba-org/mamba,243,4,estimated
2020-01-23,conda/conda,3399,4,estimated
2020-01-23,mamba-org/mamba,243,0,estimated
2020-01-24,conda/conda,3401,2,estimated
2020-01-24,mamba-org/mamba,243,0,estimated
2020-01-25,conda/conda,3401,0,estimated
2020-01-25,mamba-org/mamba,243,0,estimated
2020-01-26,conda/conda,3401,0,estimated
2020-01-26,mamba-org/mamba,243,0,estimated
2020-01-27,conda/conda,3403,2,estimated
2020-01-27,mamba-org/mamba,243,0,estimated
2020-01-28,conda/conda,3406,3,estimated
2020-01-28,mamba-org/mamba,243,0,estimated
2020-01-29,conda/conda,3407,1,estimated
2020-01-29,mamba-org/mamba,243,0,estimated
2020-01-30,conda/conda,3408,1,estimated
2020-01-30,mamba-org/mamba,243,0,estimated
2020-01-31,conda/conda,3410,2,estimated
2020-01-31,mamba-org/mamba,243,0,estimated
2020-02-01,conda/conda,3411,1,estimated
2020-02-01,mamba-org/mamba,243,0,estimated
2020-02-02,conda/conda,3412,1,estimated
2020-02-02,mamba-org/mamba,243,0,estimated
2020-02-03,conda/conda,3414,2,estimated
2020-02-03,mamba-org/mamba,244,1,estimated
2020-02-04,conda/conda,3415,1,estimated
2020-02-04,mamba-org/mamba,244,0,estimated
2020-02-05,conda/conda,3416,1,estimated
2020-02-05,mamba-org/mamba,245,1,estimated
2020-02-06,conda/conda,3417,1,estimated
2020-02-06,mamba-org/mamba,245,0,estimated
2020-02-07,conda/conda,3421,4,estimated
2020-02-07,mamba-org/mamba,245,0,estimated
2020-02-08,conda/conda,3421,0,estimated
2020-02-08,mamba-org/mamba,245,0,estimated
2020-02-09,conda/conda,3422,1,estimated
2020-02-09,mamba-org/mamba,245,0,estimated
2020-02-10,conda/conda,3423,1,estimated
2020-02-10,mamba-org/mamba,246,1,estimated
2020-02-11,conda/conda,3424,1,estimated
2020-02-11,mamba-org/mamba,247,1,estimated
2020-02-12,conda/conda,3424,0,wayback
2020-02-12,mamba-org/mamba,247,0,estimated
2020-02-13,conda/conda,3424,0,estimated
2020-02-13,mamba-org/mamba,248,1,estimated
2020-02-14,conda/conda,3424,0,estimated
2020-02-14,mamba-org/mamba,248,0,estimated
2020-02-15,conda/conda,3427,3,estimated
2020-02-15,mamba-org/mamba,248,0,estimated
2020-02-16,conda/conda,3428,1,estimated
2020-02-16,mamba-org/mamba,248,0,estimated
2020-02-17,conda/conda,3429,1,estimated
2020-02-17,mamba-org/mamba,248,0,estimated
2020-02-18,conda/conda,3435,6,estimated
2020-02-18,mamba-org/mamba,248,0,estimated
2020-02-19,conda/conda,3435,0,estimated
2020-02-19,mamba-org/mamba,248,0,estimated
2020-02-20,conda/conda,3436,1,estimated
2020-02-20,mamba-org/mamba,248,0,estimated
2020-02-21,conda/conda,3439,3,estimated
2020-02-21,mamba-org/mamba,248,0,estimated
2020-02-22,conda/conda,3441,2,estimated
2020-02-22,mamba-org/mamba,249,1,estimated
2020-02-23,conda/conda,3441,0,estimated
2020-02-23,mamba-org/mamba,249,0,estimated
2020-02-24,conda/conda,3441,0,estimated
2020-02-24,mamba-org/mamba,249,0,estimated
2020-02-25,conda/conda,3443,2,estimated
2020-02-25,mamba-org/mamba,250,1,estimated
2020-02-26,conda/conda,3446,3,estimated
2020-02-26,mamba-org/mamba,251,1,estimated
2020-02-27,conda/conda,3447,1,estimated
2020-02-27,mamba-org/mamba,251,0,estimated
2020-02-28,conda/conda,3450,3,estimated
2020-02-28,mamba-org/mamba,252,1,estimated
2020-02-29,conda/conda,3452,2,estimated
2020-02-29,mamba-org/mamba,252,0,estimated
2020-03-01,conda/conda,3453,1,estimated
2020-03-01,mamba-org/mamba,252,0,estimated
2020-03-02,conda/conda,3456,3,estimated
2020-03-02,mamba-org/mamba,252,0,estimated
2020-03-03,conda/conda,3457,1,estimated
2020-03-03,mamba-org/mamba,252,0,estimated
2020-03-04,conda/conda,3460,3,estimated
2020-03-04,mamba-org/mamba,252,0,estimated
2020-03-05,conda/conda,3461,1,estimated
2020-03-05,mamba-org/mamba,252,0,estimated
2020-03-06,conda/conda,3464,3,estimated
2020-03-06,mamba-org/mamba,252,0,estimated
2020-03-07,conda/conda,3465,1,estimated
2020-03-07,mamba-org/mamba,252,0,estimated
2020-03-08,conda/conda,3466,1,estimated
2020-03-08,mamba-org/mamba,252,0,estimated
2020-03-09,conda/conda,3470,4,estimated
2020-03-09,mamba-org/mamba,253,1,estimated
2020-03-10,conda/conda,3471,1,estimated
2020-03-10,mamba-org/mamba,255,2,estimated
2020-03-11,conda/conda,3471,0,estimated
2020-03-11,mamba-org/mamba,257,2,estimated
2020-03-12,conda/conda,3474,3,estimated
2020-03-12,mamba-org/mamba,259,2,estimated
2020-03-13,conda/conda,3475,1,estimated
2020-03-13,mamba-org/mamba,259,0,estimated
2020-03-14,conda/conda,3476,1,estimated
2020-03-14,mamba-org/mamba,261,2,estimated
2020-03-15,conda/conda,3477,1,estimated
2020-03-15,mamba-org/mamba,261,0,estimated
2020-03-16,conda/conda,3480,3,estimated
2020-03-16,mamba-org/mamba,261,0,estimated
2020-03-17,conda/conda,3481,1,estimated
2020-03-17,mamba-org/mamba,261,0,estimated
2020-03-18,conda/conda,3486,5,estimated
2020-03-18,mamba-org/mamba,261,0,estimated
2020-03-19,conda/conda,3489,3,estimated
2020-03-19,mamba-org/mamba,262,1,estimated
2020-03-20,conda/conda,3491,2,estimated
2020-03-20,mamba-org/mamba,263,1,estimated
2020-03-21,conda/conda,3494,3,estimated
2020-03-21,mamba-org/mamba,263,0,estimated
2020-03-22,conda/conda,3495,1,estimated
2020-03-22,mamba-org/mamba,263,0,estimated
2020-03-23,conda/conda,3496,1,estimated
2020-03-23,mamba-org/mamba,264,1,estimated
2020-03-24,conda/conda,3497,1,estimated
2020-03-24,mamba-org/mamba,264,0,estimated
2020-03-25,conda/conda,3499,2,estimated
2020-03-25,mamba-org/mamba,264,0,estimated
2020-03-26,conda/conda,3501,2,estimated
2020-03-26,mamba-org/mamba,265,1,estimated
2020-03-27,conda/conda,3502,1,estimated
2020-03-27,mamba-org/mamba,265,0,estimated
2020-03-28,conda/conda,3506,4,estimated
2020-03-28,mamba-org/mamba,265,0,estimated
2020-03-29,conda/conda,3508,2,estimated
2020-03-29,mamba-org/mamba,265,0,estimated
2020-03-30,conda/conda,3510,2,estimated
2020-03-30,mamba-org/mamba,265,0,estimated
2020-03-31,conda/conda,3512,2,estimated
2020-03-31,mamba-org/mamba,266,1,estimated
2020-04-01,conda/conda,3515,3,estimated
2020-04-01,mamba-org/mamba,267,1,estimated
2020-04-02,conda/conda,3519,4,estimated
2020-04-02,mamba-org/mamba,267,0,estimated
2020-04-03,conda/conda,3520,1,estimated
2020-04-03,mamba-org/mamba,268,1,estimated
2020-04-04,conda/conda,3520,0,estimated
2020-04-04,mamba-org/mamba,268,0,estimated
2020-04-05,conda/conda,3520,0,estimated
2020-04-05,mamba-org/mamba,268,0,estimated
2020-04-06,conda/conda,3520,0,estimated
2020-04-06,mamba-org/mamba,269,1,estimated
2020-04-07,conda/conda,3524,4,estimated
2020-04-07,mamba-org/mamba,269,0,estimated
2020-04-08,conda/conda,3526,2,estimated
2020-04-08,mamba-org/mamba,269,0,estimated
2020-04-09,conda/conda,3530,4,estimated
2020-04-09,mamba-org/mamba,269,0,estimated
2020-04-10,conda/conda,3531,1,estimated
2020-04-10,mamba-org/mamba,270,1,estimated
2020-04-11,conda/conda,3531,0,estimated
2020-04-11,mamba-org/mamba,270,0,estimated
2020-04-12,conda/conda,3531,0,estimated
2020-04-12,mamba-org/mamba,270,0,estimated
2020-04-13,conda/conda,3533,2,estimated
2020-04-13,mamba-org/mamba,271,1,estimated
2020-04-14,conda/conda,3534,1,estimated
2020-04-14,mamba-org/mamba,273,2,estimated
2020-04-15,conda/conda,3534,0,estimated
2020-04-15,mamba-org/mamba,273,0,estimated
2020-04-16,conda/conda,3539,5,estimated
2020-04-16,mamba-org/mamba,273,0,estimated
2020-04-17,conda/conda,3540,1,estimated
2020-04-17,mamba-org/mamba,274,1,estimated
2020-04-18,conda/conda,3544,4,estimated
2020-04-18,mamba-org/mamba,275,1,estimated
2020-04-19,conda/conda,3546,2,estimated
2020-04-19,mamba-org/mamba,276,1,estimated
2020-04-20,conda/conda,3549,3,estimated
2020-04-20,mamba-org/mamba,276,0,estimated
2020-04-21,conda/conda,3552,3,estimated
2020-04-21,mamba-org/mamba,278,2,estimated
2020-04-22,conda/conda,3553,1,estimated
2020-04-22,mamba-org/mamba,279,1,estimated
2020-04-23,conda/conda,3554,1,estimated
2020-04-23,mamba-org/mamba,280,1,estimated
2020-04-24,conda/conda,3556,2,estimated
2020-04-24,mamba-org/mamba,280,0,estimated
2020-04-25,conda/conda,3557,1,estimated
2020-04-25,mamba-org/mamba,280,0,estimated
2020-04-26,conda/conda,3559,2,estimated
2020-04-26,mamba-org/mamba,280,0,estimated
2020-04-27,conda/conda,3563,4,estimated
2020-04-27,mamba-org/mamba,280,0,estimated
2020-04-28,conda/conda,3566,3,estimated
2020-04-28,mamba-org/mamba,282,2,estimated
2020-04-29,conda/conda,3569,3,estimated
2020-04-29,mamba-org/mamba,283,1,estimated
2020-04-30,conda/conda,3570,1,estimated
2020-04-30,mamba-org/mamba,285,2,estimated
2020-05-01,conda/conda,3570,0,estimated
2020-05-01,mamba-org/mamba,287,2,estimated
2020-05-02,conda/conda,3570,0,estimated
2020-05-02,mamba-org/mamba,287,0,estimated
2020-05-03,conda/conda,3570,0,estimated
2020-05-03,mamba-org/mamba,287,0,estimated
2020-05-04,conda/conda,3572,2,estimated
2020-05-04,mamba-org/mamba,290,3,estimated
2020-05-05,conda/conda,3575,3,estimated
2020-05-05,mamba-org/mamba,290,0,estimated
2020-05-06,conda/conda,3579,4,estimated
2020-05-06,mamba-org/mamba,291,1,estimated
2020-05-07,conda/conda,3584,5,estimated
2020-05-07,mamba-org/mamba,291,0,estimated
2020-05-08,conda/conda,3585,1,estimated
2020-05-08,mamba-org/mamba,298,7,estimated
2020-05-09,conda/conda,3589,4,estimated
2020-05-09,mamba-org/mamba,308,10,estimated
2020-05-10,conda/conda,3592,3,estimated
2020-05-10,mamba-org/mamba,314,6,estimated
2020-05-11,conda/conda,3594,2,estimated
2020-05-11,mamba-org/mamba,321,7,estimated
2020-05-12,conda/conda,3594,0,estimated
2020-05-12,mamba-org/mamba,328,7,estimated
2020-05-13,conda/conda,3597,3,estimated
2020-05-13,mamba-org/mamba,330,2,estimated
2020-05-14,conda/conda,3602,5,estimated
2020-05-14,mamba-org/mamba,333,3,estimated
2020-05-15,conda/conda,3606,4,estimated
2020-05-15,mamba-org/mamba,334,1,estimated
2020-05-16,conda/conda,3608,2,estimated
2020-05-16,mamba-org/mamba,336,2,estimated
2020-05-17,conda/conda,3609,1,estimated
2020-05-17,mamba-org/mamba,336,0,estimated
2020-05-18,conda/conda,3611,2,estimated
2020-05-18,mamba-org/mamba,339,3,estimated
2020-05-19,conda/conda,3614,3,estimated
2020-05-19,mamba-org/mamba,342,3,estimated
2020-05-20,conda/conda,3615,1,estimated
2020-05-20,mamba-org/mamba,346,4,estimated
2020-05-21,conda/conda,3618,3,estimated
2020-05-21,mamba-org/mamba,348,2,estimated
2020-05-22,conda/conda,3618,0,estimated
2020-05-22,mamba-org/mamba,349,1,estimated
2020-05-23,conda/conda,3621,3,estimated
2020-05-23,mamba-org/mamba,350,1,estimated
2020-05-24,conda/conda,3622,1,estimated
2020-05-24,mamba-org/mamba,359,9,estimated
2020-05-25,conda/conda,3622,0,estimated
2020-05-25,mamba-org/mamba,363,4,estimated
2020-05-26,conda/conda,3623,1,estimated
2020-05-26,mamba-org/mamba,366,3,estimated
2020-05-27,conda/conda,3628,5,estimated
2020-05-27,mamba-org/mamba,369,3,estimated
2020-05-28,conda/conda,3632,4,estimated
2020-05-28,mamba-org/mamba,371,2,estimated
2020-05-29,conda/conda,3633,1,estimated
2020-05-29,mamba-org/mamba,371,0,estimated
2020-05-30,conda/conda,3634,1,estimated
2020-05-30,mamba-org/mamba,372,1,estimated
2020-05-31,conda/conda,3634,0,estimated
2020-05-31,mamba-org/mamba,372,0,estimated
2020-06-01,conda/conda,3637,3,estimated
2020-06-01,mamba-org/mamba,372,0,estimated
2020-06-02,conda/conda,3638,1,estimated
2020-06-02,mamba-org/mamba,372,0,estimated
2020-06-03,conda/conda,3639,1,estimated
2020-06-03,mamba-org/mamba,372,0,estimated
2020-06-04,conda/conda,3640,1,estimated
2020-06-04,mamba-org/mamba,373,1,estimated
2020-06-05,conda/conda,3642,2,estimated
2020-06-05,mamba-org/mamba,375,2,estimated
2020-06-06,conda/conda,3642,0,estimated
2020-06-06,mamba-org/mamba,376,1,estimated
2020-06-07,conda/conda,3642,0,estimated
2020-06-07,mamba-org/mamba,378,2,estimated
2020-06-08,conda/conda,3642,0,estimated
2020-06-08,mamba-org/mamba,380,2,estimated
2020-06-09,conda/conda,3642,0,estimated
2020-06-09,mamba-org/mamba,381,1,estimated
2020-06-10,conda/conda,3643,1,estimated
2020-06-10,mamba-org/mamba,381,0,estimated
2020-06-11,conda/conda,3648,5,estimated
2020-06-11,mamba-org/mamba,383,2,estimated
2020-06-12,conda/conda,3650,2,estimated
2020-06-12,mamba-org/mamba,385,2,estimated
2020-06-13,conda/conda,3652,2,estimated
2020-06-13,mamba-org/mamba,386,1,estimated
2020-06-14,conda/conda,3653,1,estimated
2020-06-14,mamba-org/mamba,388,2,estimated
2020-06-15,conda/conda,3653,0,estimated
2020-06-15,mamba-org/mamba,389,1,estimated
2020-06-16,conda/conda,3657,4,estimated
2020-06-16,mamba-org/mamba,391,2,estimated
2020-06-17,conda/conda,3658,1,estimated
2020-06-17,mamba-org/mamba,393,2,estimated
2020-06-18,conda/conda,3662,4,estimated
2020-06-18,mamba-org/mamba,394,1,estimated
2020-06-19,conda/conda,3663,1,estimated
2020-06-19,mamba-org/mamba,406,12,estimated
2020-06-20,conda/conda,3663,0,estimated
2020-06-20,mamba-org/mamba,412,6,estimated
2020-06-21,conda/conda,3663,0,estimated
2020-06-21,mamba-org/mamba,419,7,estimated
2020-06-22,conda/conda,3666,3,estimated
2020-06-22,mamba-org/mamba,425,6,estimated
2020-06-23,conda/conda,3668,2,estimated
2020-06-23,mamba-org/mamba,427,2,estimated
2020-06-24,conda/conda,3669,1,estimated
2020-06-24,mamba-org/mamba,430,3,estimated
2020-06-25,conda/conda,3671,2,estimated
2020-06-25,mamba-org/mamba,434,4,estimated
2020-06-26,conda/conda,3673,2,estimated
2020-06-26,mamba-org/mamba,436,2,estimated
2020-06-27,conda/conda,3674,1,estimated
2020-06-27,mamba-org/mamba,436,0,estimated
2020-06-28,conda/conda,3674,0,estimated
2020-06-28,mamba-org/mamba,437,1,estimated
2020-06-29,conda/conda,3674,0,estimated
2020-06-29,mamba-org/mamba,438,1,estimated
2020-06-30,conda/conda,3676,2,estimated
2020-06-30,mamba-org/mamba,441,3,estimated
2020-07-01,conda/conda,3677,1,estimated
2020-07-01,mamba-org/mamba,442,1,estimated
2020-07-02,conda/conda,3678,1,estimated
2020-07-02,mamba-org/mamba,447,5,estimated
2020-07-03,conda/conda,3680,2,estimated
2020-07-03,mamba-org/mamba,448,1,estimated
2020-07-04,conda/conda,3682,2,estimated
2020-07-04,mamba-org/mamba,452,4,estimated
2020-07-05,conda/conda,3683,1,estimated
2020-07-05,mamba-org/mamba,452,0,estimated
2020-07-06,conda/conda,3687,4,estimated
2020-07-06,mamba-org/mamba,455,3,estimated
2020-07-07,conda/conda,3687,0,estimated
2020-07-07,mamba-org/mamba,459,4,estimated
2020-07-08,conda/conda,3690,3,estimated
2020-07-08,mamba-org/mamba,468,9,wayback
2020-07-09,conda/conda,3692,2,estimated
2020-07-09,mamba-org/mamba,477,9,estimated
2020-07-10,conda/conda,3692,0,estimated
2020-07-10,mamba-org/mamba,480,3,estimated
2020-07-11,conda/conda,3693,1,estimated
2020-07-11,mamba-org/mamba,483,3,estimated
2020-07-12,conda/conda,3694,1,estimated
2020-07-12,mamba-org/mamba,484,1,estimated
2020-07-13,conda/conda,3695,1,estimated
2020-07-13,mamba-org/mamba,486,2,estimated
2020-07-14,conda/conda,3698,3,estimated
2020-07-14,mamba-org/mamba,488,2,estimated
2020-07-15,conda/conda,3699,1,estimated
2020-07-15,mamba-org/mamba,490,2,estimated
2020-07-16,conda/conda,3701,2,estimated
2020-07-16,mamba-org/mamba,493,3,estimated
2020-07-17,conda/conda,3702,1,estimated
2020-07-17,mamba-org/mamba,497,4,estimated
2020-07-18,conda/conda,3704,2,estimated
2020-07-18,mamba-org/mamba,498,1,estimated
2020-07-19,conda/conda,3706,2,estimated
2020-07-19,mamba-org/mamba,499,1,estimated
2020-07-20,conda/conda,3707,1,estimated
2020-07-20,mamba-org/mamba,502,3,estimated
2020-07-21,conda/conda,3712,5,estimated
2020-07-21,mamba-org/mamba,508,6,estimated
2020-07-22,conda/conda,3713,1,estimated
2020-07-22,mamba-org/mamba,508,0,estimated
2020-07-23,conda/conda,3717,4,estimated
2020-07-23,mamba-org/mamba,514,6,estimated
2020-07-24,conda/conda,3719,2,estimated
2020-07-24,mamba-org/mamba,517,3,estimated
2020-07-25,conda/conda,3722,3,estimated
2020-07-25,mamba-org/mamba,519,2,estimated
2020-07-26,conda/conda,3722,0,estimated
2020-07-26,mamba-org/mamba,520,1,estimated
2020-07-27,conda/conda,3725,3,estimated
2020-07-27,mamba-org/mamba,524,4,estimated
2020-07-28,conda/conda,3727,2,estimated
2020-07-28,mamba-org/mamba,526,2,estimated
2020-07-29,conda/conda,3728,1,estimated
2020-07-29,mamba-org/mamba,529,3,estimated
2020-07-30,conda/conda,3728,0,estimated
2020-07-30,mamba-org/mamba,530,1,estimated
2020-07-31,conda/conda,3730,2,estimated
2020-07-31,mamba-org/mamba,531,1,estimated
2020-08-01,conda/conda,3732,2,estimated
2020-08-01,mamba-org/mamba,532,1,estimated
2020-08-02,conda/conda,3732,0,estimated
2020-08-02,mamba-org/mamba,532,0,estimated
2020-08-03,conda/conda,3737,5,estimated
2020-08-03,mamba-org/mamba,533,1,estimated
2020-08-04,conda/conda,3738,1,estimated
2020-08-04,mamba-org/mamba,533,0,estimated
2020-08-05,conda/conda,3741,3,estimated
2020-08-05,mamba-org/mamba,534,1,estimated
2020-08-06,conda/conda,3743,2,estimated
2020-08-06,mamba-org/mamba,536,2,estimated
2020-08-07,conda/conda,3746,3,estimated
2020-08-07,mamba-org/mamba,538,2,estimated
2020-08-08,conda/conda,3747,1,estimated
2020-08-08,mamba-org/mamba,539,1,estimated
2020-08-09,conda/conda,3747,0,estimated
2020-08-09,mamba-org/mamba,539,0,estimated
2020-08-10,conda/conda,3748,1,estimated
2020-08-10,mamba-org/mamba,541,2,estimated
2020-08-11,conda/conda,3751,3,estimated
2020-08-11,mamba-org/mamba,544,3,estimated
2020-08-12,conda/conda,3752,1,estimated
2020-08-12,mamba-org/mamba,548,4,estimated
2020-08-13,conda/conda,3754,2,estimated
2020-08-13,mamba-org/mamba,553,5,estimated
2020-08-14,conda/conda,3756,2,estimated
2020-08-14,mamba-org/mamba,554,1,estimated
2020-08-15,conda/conda,3756,0,estimated
2020-08-15,mamba-org/mamba,555,1,estimated
2020-08-16,conda/conda,3756,0,estimated
2020-08-16,mamba-org/mamba,556,1,estimated
2020-08-17,conda/conda,3756,0,estimated
2020-08-17,mamba-org/mamba,559,3,estimated
2020-08-18,conda/conda,3756,0,estimated
2020-08-18,mamba-org/mamba,561,2,estimated
2020-08-19,conda/conda,3759,3,estimated
2020-08-19,mamba-org/mamba,563,2,estimated
2020-08-20,conda/conda,3762,3,estimated
2020-08-20,mamba-org/mamba,567,4,estimated
2020-08-21,conda/conda,3763,1,estimated
2020-08-21,mamba-org/mamba,568,1,estimated
2020-08-22,conda/conda,3763,0,estimated
2020-08-22,mamba-org/mamba,568,0,estimated
2020-08-23,conda/conda,3764,1,estimated
2020-08-23,mamba-org/mamba,568,0,estimated
2020-08-24,conda/conda,3767,3,estimated
2020-08-24,mamba-org/mamba,571,3,estimated
2020-08-25,conda/conda,3771,4,estimated
2020-08-25,mamba-org/mamba,576,5,estimated
2020-08-26,conda/conda,3771,0,estimated
2020-08-26,mamba-org/mamba,579,3,estimated
2020-08-27,conda/conda,3772,1,estimated
2020-08-27,mamba-org/mamba,582,3,estimated
2020-08-28,conda/conda,3775,3,estimated
2020-08-28,mamba-org/mamba,583,1,estimated
2020-08-29,conda/conda,3780,5,estimated
2020-08-29,mamba-org/mamba,594,11,estimated
2020-08-30,conda/conda,3781,1,estimated
2020-08-30,mamba-org/mamba,595,1,estimated
2020-08-31,conda/conda,3783,2,estimated
2020-08-31,mamba-org/mamba,598,3,estimated
2020-09-01,conda/conda,3784,1,estimated
2020-09-01,mamba-org/mamba,599,1,estimated
2020-09-02,conda/conda,3786,2,estimated
2020-09-02,mamba-org/mamba,602,3,estimated
2020-09-03,conda/conda,3786,0,estimated
2020-09-03,mamba-org/mamba,610,8,estimated
2020-09-04,conda/conda,3787,1,estimated
2020-09-04,mamba-org/mamba,611,1,estimated
2020-09-05,conda/conda,3787,0,estimated
2020-09-05,mamba-org/mamba,611,0,estimated
2020-09-06,conda/conda,3787,0,estimated
2020-09-06,mamba-org/mamba,611,0,estimated
2020-09-07,conda/conda,3788,1,estimated
2020-09-07,mamba-org/mamba,612,1,estimated
2020-09-08,conda/conda,3790,2,estimated
2020-09-08,mamba-org/mamba,616,4,estimated
2020-09-09,conda/conda,3793,3,estimated
2020-09-09,mamba-org/mamba,618,2,estimated
2020-09-10,conda/conda,3796,3,estimated
2020-09-10,mamba-org/mamba,619,1,estimated
2020-09-11,conda/conda,3796,0,estimated
2020-09-11,mamba-org/mamba,619,0,estimated
2020-09-12,conda/conda,3796,0,estimated
2020-09-12,mamba-org/mamba,620,1,estimated
2020-09-13,conda/conda,3798,2,estimated
2020-09-13,mamba-org/mamba,621,1,estimated
2020-09-14,conda/conda,3799,1,estimated
2020-09-14,mamba-org/mamba,654,33,estimated
2020-09-15,conda/conda,3801,2,estimated
2020-09-15,mamba-org/mamba,660,6,estimated
2020-09-16,conda/conda,3802,1,estimated
2020-09-16,mamba-org/mamba,671,11,estimated
2020-09-17,conda/conda,3803,1,wayback
2020-09-17,mamba-org/mamba,676,5,estimated
2020-09-18,conda/conda,3804,1,estimated
2020-09-18,mamba-org/mamba,678,2,estimated
2020-09-19,conda/conda,3807,3,estimated
2020-09-19,mamba-org/mamba,680,2,estimated
2020-09-20,conda/conda,3808,1,estimated
2020-09-20,mamba-org/mamba,681,1,estimated
2020-09-21,conda/conda,3810,2,estimated
2020-09-21,mamba-org/mamba,685,4,estimated
2020-09-22,conda/conda,3812,2,estimated
2020-09-22,mamba-org/mamba,685,0,estimated
2020-09-23,conda/conda,3813,1,estimated
2020-09-23,mamba-org/mamba,689,4,estimated
2020-09-24,conda/conda,3813,0,estimated
2020-09-24,mamba-org/mamba,694,5,estimated
2020-09-25,conda/conda,3815,2,estimated
2020-09-25,mamba-org/mamba,696,2,estimated
2020-09-26,conda/conda,3816,1,estimated
2020-09-26,mamba-org/mamba,696,0,estimated
2020-09-27,conda/conda,3819,3,estimated
2020-09-27,mamba-org/mamba,697,1,estimated
2020-09-28,conda/conda,3819,0,estimated
2020-09-28,mamba-org/mamba,699,2,estimated
2020-09-29,conda/conda,3821,2,estimated
2020-09-29,mamba-org/mamba,701,2,estimated
2020-09-30,conda/conda,3824,3,estimated
2020-09-30,mamba-org/mamba,703,2,estimated
2020-10-01,conda/conda,3825,1,estimated
2020-10-01,mamba-org/mamba,704,1,estimated
2020-10-02,conda/conda,3826,1,estimated
2020-10-02,mamba-org/mamba,707,3,estimated
2020-10-03,conda/conda,3827,1,estimated
2020-10-03,mamba-org/mamba,710,3,estimated
2020-10-04,conda/conda,3827,0,estimated
2020-10-04,mamba-org/mamba,710,0,estimated
2020-10-05,conda/conda,3827,0,estimated
2020-10-05,mamba-org/mamba,712,2,estimated
2020-10-06,conda/conda,3831,4,estimated
2020-10-06,mamba-org/mamba,715,3,estimated
2020-10-07,conda/conda,3833,2,estimated
2020-10-07,mamba-org/mamba,718,3,estimated
2020-10-08,conda/conda,3835,2,estimated
2020-10-08,mamba-org/mamba,723,5,estimated
2020-10-09,conda/conda,3836,1,estimated
2020-10-09,mamba-org/mamba,725,2,estimated
2020-10-10,conda/conda,3837,1,estimated
2020-10-10,mamba-org/mamba,727,2,estimated
2020-10-11,conda/conda,3838,1,estimated
2020-10-11,mamba-org/mamba,730,3,estimated
2020-10-12,conda/conda,3839,1,estimated
2020-10-12,mamba-org/mamba,733,3,estimated
2020-10-13,conda/conda,3841,2,estimated
2020-10-13,mamba-org/mamba,735,2,estimated
2020-10-14,conda/conda,3841,0,estimated
2020-10-14,mamba-org/mamba,739,4,estimated
2020-10-15,conda/conda,3844,3,estimated
2020-10-15,mamba-org/mamba,744,5,estimated
2020-10-16,conda/conda,3844,0,estimated
2020-10-16,mamba-org/mamba,747,3,estimated
2020-10-17,conda/conda,3844,0,estimated
2020-10-17,mamba-org/mamba,751,4,estimated
2020-10-18,conda/conda,3844,0,estimated
2020-10-18,mamba-org/mamba,751,0,estimated
2020-10-19,conda/conda,3847,3,estimated
2020-10-19,mamba-org/mamba,754,3,estimated
2020-10-20,conda/conda,3848,1,estimated
2020-10-20,mamba-org/mamba,758,4,estimated
2020-10-21,conda/conda,3849,1,estimated
2020-10-21,mamba-org/mamba,765,7,estimated
2020-10-22,conda/conda,3851,2,estimated
2020-10-22,mamba-org/mamba,766,1,estimated
2020-10-23,conda/conda,3852,1,wayback
2020-10-23,mamba-org/mamba,767,1,estimated
2020-10-24,conda/conda,3852,0,estimated
2020-10-24,mamba-org/mamba,769,2,estimated
2020-10-25,conda/conda,3852,0,estimated
2020-10-25,mamba-org/mamba,769,0,estimated
2020-10-26,conda/conda,3853,1,estimated
2020-10-26,mamba-org/mamba,773,4,estimated
2020-10-27,conda/conda,3855,2,estimated
2020-10-27,mamba-org/mamba,774,1,estimated
2020-10-28,conda/conda,3855,0,estimated
2020-10-28,mamba-org/mamba,780,6,estimated
2020-10-29,conda/conda,3857,2,estimated
2020-10-29,mamba-org/mamba,780,0,estimated
2020-10-30,conda/conda,3859,2,estimated
2020-10-30,mamba-org/mamba,780,0,estimated
2020-10-31,conda/conda,3859,0,estimated
2020-10-31,mamba-org/mamba,780,0,estimated
2020-11-01,conda/conda,3861,2,estimated
2020-11-01,mamba-org/mamba,780,0,wayback
2020-11-02,conda/conda,3861,0,estimated
2020-11-02,mamba-org/mamba,780,0,estimated
2020-11-03,conda/conda,3861,0,estimated
2020-11-03,mamba-org/mamba,789,9,estimated
2020-11-04,conda/conda,3862,1,estimated
2020-11-04,mamba-org/mamba,802,13,estimated
2020-11-05,conda/conda,3865,3,estimated
2020-11-05,mamba-org/mamba,804,2,estimated
2020-11-06,conda/conda,3869,4,estimated
2020-11-06,mamba-org/mamba,806,2,estimated
2020-11-07,conda/conda,3869,0,estimated
2020-11-07,mamba-org/mamba,807,1,estimated
2020-11-08,conda/conda,3873,4,estimated
2020-11-08,mamba-org/mamba,810,3,estimated
2020-11-09,conda/conda,3876,3,estimated
2020-11-09,mamba-org/mamba,813,3,estimated
2020-11-10,conda/conda,3876,0,estimated
2020-11-10,mamba-org/mamba,816,3,estimated
2020-11-11,conda/conda,3879,3,wayback
2020-11-11,mamba-org/mamba,819,3,estimated
2020-11-12,conda/conda,3882,3,estimated
2020-11-12,mamba-org/mamba,821,2,estimated
2020-11-13,conda/conda,3885,3,estimated
2020-11-13,mamba-org/mamba,821,0,estimated
2020-11-14,conda/conda,3886,1,estimated
2020-11-14,mamba-org/mamba,828,7,estimated
2020-11-15,conda/conda,3889,3,estimated
2020-11-15,mamba-org/mamba,829,1,estimated
2020-11-16,conda/conda,3890,1,estimated
2020-11-16,mamba-org/mamba,830,1,estimated
2020-11-17,conda/conda,3892,2,estimated
2020-11-17,mamba-org/mamba,834,4,estimated
2020-11-18,conda/conda,3896,4,estimated
2020-11-18,mamba-org/mamba,835,1,estimated
2020-11-19,conda/conda,3897,1,estimated
2020-11-19,mamba-org/mamba,837,2,estimated
2020-11-20,conda/conda,3897,0,estimated
2020-11-20,mamba-org/mamba,838,1,estimated
2020-11-21,conda/conda,3900,3,estimated
2020-11-21,mamba-org/mamba,839,1,estimated
2020-11-22,conda/conda,3903,3,estimated
2020-11-22,mamba-org/mamba,839,0,estimated
2020-11-23,conda/conda,3904,1,estimated
2020-11-23,mamba-org/mamba,840,1,estimated
2020-11-24,conda/conda,3904,0,estimated
2020-11-24,mamba-org/mamba,842,2,estimated
2020-11-25,conda/conda,3905,1,estimated
2020-11-25,mamba-org/mamba,845,3,estimated
2020-11-26,conda/conda,3907,2,estimated
2020-11-26,mamba-org/mamba,847,2,estimated
2020-11-27,conda/conda,3908,1,estimated
2020-11-27,mamba-org/mamba,848,1,estimated
2020-11-28,conda/conda,3912,4,estimated
2020-11-28,mamba-org/mamba,849,1,estimated
2020-11-29,conda/conda,3913,1,estimated
2020-11-29,mamba-org/mamba,850,1,estimated
2020-11-30,conda/conda,3915,2,estimated
2020-11-30,mamba-org/mamba,856,6,estimated
2020-12-01,conda/conda,3916,1,estimated
2020-12-01,mamba-org/mamba,859,3,estimated
2020-12-02,conda/conda,3917,1,estimated
2020-12-02,mamba-org/mamba,861,2,estimated
2020-12-03,conda/conda,3919,2,estimated
2020-12-03,mamba-org/mamba,865,4,estimated
2020-12-04,conda/conda,3919,0,estimated
2020-12-04,mamba-org/mamba,866,1,estimated
2020-12-05,conda/conda,3919,0,estimated
2020-12-05,mamba-org/mamba,867,1,estimated
2020-12-06,conda/conda,3922,3,estimated
2020-12-06,mamba-org/mamba,867,0,estimated
2020-12-07,conda/conda,3924,2,estimated
2020-12-07,mamba-org/mamba,869,2,estimated
2020-12-08,conda/conda,3927,3,estimated
2020-12-08,mamba-org/mamba,869,0,estimated
2020-12-09,conda/conda,3930,3,estimated
2020-12-09,mamba-org/mamba,877,8,estimated
2020-12-10,conda/conda,3931,1,estimated
2020-12-10,mamba-org/mamba,878,1,estimated
2020-12-11,conda/conda,3932,1,estimated
2020-12-11,mamba-org/mamba,880,2,estimated
2020-12-12,conda/conda,3933,1,estimated
2020-12-12,mamba-org/mamba,882,2,estimated
2020-12-13,conda/conda,3934,1,estimated
2020-12-13,mamba-org/mamba,885,3,estimated
2020-12-14,conda/conda,3935,1,estimated
2020-12-14,mamba-org/mamba,886,1,estimated
2020-12-15,conda/conda,3936,1,estimated
2020-12-15,mamba-org/mamba,887,1,estimated
2020-12-16,conda/conda,3938,2,estimated
2020-12-16,mamba-org/mamba,891,4,estimated
2020-12-17,conda/conda,3940,2,estimated
2020-12-17,mamba-org/mamba,892,1,estimated
2020-12-18,conda/conda,3942,2,estimated
2020-12-18,mamba-org/mamba,893,1,estimated
2020-12-19,conda/conda,3944,2,estimated
2020-12-19,mamba-org/mamba,896,3,estimated
2020-12-20,conda/conda,3946,2,estimated
2020-12-20,mamba-org/mamba,897,1,estimated
2020-12-21,conda/conda,3946,0,estimated
2020-12-21,mamba-org/mamba,900,3,estimated
2020-12-22,conda/conda,3948,2,estimated
2020-12-22,mamba-org/mamba,902,2,estimated
2020-12-23,conda/conda,3949,1,estimated
2020-12-23,mamba-org/mamba,904,2,wayback
2020-12-24,conda/conda,3949,0,estimated
2020-12-24,mamba-org/mamba,907,3,estimated
2020-12-25,conda/conda,3949,0,estimated
2020-12-25,mamba-org/mamba,908,1,estimated
2020-12-26,conda/conda,3950,1,estimated
2020-12-26,mamba-org/mamba,910,2,estimated
2020-12-27,conda/conda,3951,1,estimated
2020-12-27,mamba-org/mamba,912,2,estimated
2020-12-28,conda/conda,3952,1,estimated
2020-12-28,mamba-org/mamba,914,2,estimated
2020-12-29,conda/conda,3954,2,estimated
2020-12-29,mamba-org/mamba,920,6,estimated
2020-12-30,conda/conda,3955,1,estimated
2020-12-30,mamba-org/mamba,920,0,estimated
2020-12-31,conda/conda,3955,0,estimated
2020-12-31,mamba-org/mamba,923,3,estimated
2021-01-01,conda/conda,3956,1,wayback
2021-01-01,mamba-org/mamba,924,1,estimated
2021-01-02,conda/conda,3956,0,estimated
2021-01-02,mamba-org/mamba,925,1,estimated
2021-01-03,conda/conda,3956,0,estimated
2021-01-03,mamba-org/mamba,926,1,estimated
2021-01-04,conda/conda,3957,1,estimated
2021-01-04,mamba-org/mamba,928,2,estimated
2021-01-05,conda/conda,3959,2,estimated
2021-01-05,mamba-org/mamba,955,27,estimated
2021-01-06,conda/conda,3963,4,estimated
2021-01-06,mamba-org/mamba,980,25,estimated
2021-01-07,conda/conda,3963,0,estimated
2021-01-07,mamba-org/mamba,993,13,estimated
2021-01-08,conda/conda,3964,1,estimated
2021-01-08,mamba-org/mamba,1004,11,estimated
2021-01-09,conda/conda,3965,1,estimated
2021-01-09,mamba-org/mamba,1012,8,estimated
2021-01-10,conda/conda,3966,1,estimated
2021-01-10,mamba-org/mamba,1018,6,estimated
2021-01-11,conda/conda,3967,1,estimated
2021-01-11,mamba-org/mamba,1023,5,estimated
2021-01-12,conda/conda,3968,1,estimated
2021-01-12,mamba-org/mamba,1031,8,estimated
2021-01-13,conda/conda,3970,2,estimated
2021-01-13,mamba-org/mamba,1039,8,estimated
2021-01-14,conda/conda,3971,1,estimated
2021-01-14,mamba-org/mamba,1049,10,estimated
2021-01-15,conda/conda,3973,2,estimated
2021-01-15,mamba-org/mamba,1055,6,estimated
2021-01-16,conda/conda,3975,2,estimated
2021-01-16,mamba-org/mamba,1060,5,estimated
2021-01-17,conda/conda,3975,0,estimated
2021-01-17,mamba-org/mamba,1064,4,estimated
2021-01-18,conda/conda,3976,1,estimated
2021-01-18,mamba-org/mamba,1070,6,estimated
2021-01-19,conda/conda,3979,3,estimated
2021-01-19,mamba-org/mamba,1076,6,estimated
2021-01-20,conda/conda,3979,0,estimated
2021-01-20,mamba-org/mamba,1083,7,estimated
2021-01-21,conda/conda,3980,1,estimated
2021-01-21,mamba-org/mamba,1083,0,estimated
2021-01-22,conda/conda,3983,3,estimated
2021-01-22,mamba-org/mamba,1084,1,estimated
2021-01-23,conda/conda,3984,1,estimated
2021-01-23,mamba-org/mamba,1090,6,estimated
2021-01-24,conda/conda,3985,1,estimated
2021-01-24,mamba-org/mamba,1093,3,estimated
2021-01-25,conda/conda,3987,2,estimated
2021-01-25,mamba-org/mamba,1098,5,estimated
2021-01-26,conda/conda,3990,3,estimated
2021-01-26,mamba-org/mamba,1102,4,estimated
2021-01-27,conda/conda,3991,1,estimated
2021-01-27,mamba-org/mamba,1110,8,estimated
2021-01-28,conda/conda,3992,1,estimated
2021-01-28,mamba-org/mamba,1117,7,estimated
2021-01-29,conda/conda,3992,0,estimated
2021-01-29,mamba-org/mamba,1117,0,estimated
2021-01-30,conda/conda,3994,2,estimated
2021-01-30,mamba-org/mamba,1117,0,estimated
2021-01-31,conda/conda,3996,2,estimated
2021-01-31,mamba-org/mamba,1119,2,estimated
2021-02-01,conda/conda,3996,0,estimated
2021-02-01,mamba-org/mamba,1122,3,estimated
2021-02-02,conda/conda,3997,1,estimated
2021-02-02,mamba-org/mamba,1128,6,estimated
2021-02-03,conda/conda,4001,4,estimated
2021-02-03,mamba-org/mamba,1134,6,estimated
2021-02-04,conda/conda,4005,4,estimated
2021-02-04,mamba-org/mamba,1138,4,estimated
2021-02-05,conda/conda,4007,2,estimated
2021-02-05,mamba-org/mamba,1144,6,estimated
2021-02-06,conda/conda,4008,1,estimated
2021-02-06,mamba-org/mamba,1147,3,estimated
2021-02-07,conda/conda,4009,1,estimated
2021-02-07,mamba-org/mamba,1150,3,estimated
2021-02-08,conda/conda,4009,0,estimated
2021-02-08,mamba-org/mamba,1155,5,estimated
2021-02-09,conda/conda,4011,2,estimated
2021-02-09,mamba-org/mamba,1159,4,wayback
2021-02-10,conda/conda,4011,0,estimated
2021-02-10,mamba-org/mamba,1172,13,estimated
2021-02-11,conda/conda,4011,0,estimated
2021-02-11,mamba-org/mamba,1175,3,estimated
2021-02-12,conda/conda,4012,1,estimated
2021-02-12,mamba-org/mamba,1176,1,estimated
2021-02-13,conda/conda,4012,0,estimated
2021-02-13,mamba-org/mamba,1177,1,estimated
2021-02-14,conda/conda,4014,2,estimated
2021-02-14,mamba-org/mamba,1177,0,estimated
2021-02-15,conda/conda,4015,1,estimated
2021-02-15,mamba-org/mamba,1178,1,estimated
2021-02-16,conda/conda,4017,2,estimated
2021-02-16,mamba-org/mamba,1181,3,estimated
2021-02-17,conda/conda,4019,2,estimated
2021-02-17,mamba-org/mamba,1181,0,estimated
2021-02-18,conda/conda,4019,0,estimated
2021-02-18,mamba-org/mamba,1183,2,estimated
2021-02-19,conda/conda,4020,1,estimated
2021-02-19,mamba-org/mamba,1187,4,estimated
2021-02-20,conda/conda,4022,2,estimated
2021-02-20,mamba-org/mamba,1187,0,estimated
2021-02-21,conda/conda,4022,0,estimated
2021-02-21,mamba-org/mamba,1188,1,estimated
2021-02-22,conda/conda,4023,1,estimated
2021-02-22,mamba-org/mamba,1190,2,estimated
2021-02-23,conda/conda,4026,3,estimated
2021-02-23,mamba-org/mamba,1193,3,estimated
2021-02-24,conda/conda,4028,2,estimated
2021-02-24,mamba-org/mamba,1197,4,estimated
2021-02-25,conda/conda,4029,1,estimated
2021-02-25,mamba-org/mamba,1201,4,estimated
2021-02-26,conda/conda,4030,1,estimated
2021-02-26,mamba-org/mamba,1204,3,estimated
2021-02-27,conda/conda,4030,0,estimated
2021-02-27,mamba-org/mamba,1204,0,estimated
2021-02-28,conda/conda,4033,3,estimated
2021-02-28,mamba-org/mamba,1206,2,estimated
2021-03-01,conda/conda,4033,0,estimated
2021-03-01,mamba-org/mamba,1212,6,estimated
2021-03-02,conda/conda,4034,1,estimated
2021-03-02,mamba-org/mamba,1216,4,estimated
2021-03-03,conda/conda,4036,2,estimated
2021-03-03,mamba-org/mamba,1219,3,estimated
2021-03-04,conda/conda,4038,2,estimated
2021-03-04,mamba-org/mamba,1227,8,estimated
2021-03-05,conda/conda,4040,2,estimated
2021-03-05,mamba-org/mamba,1233,6,estimated
2021-03-06,conda/conda,4041,1,estimated
2021-03-06,mamba-org/mamba,1239,6,estimated
2021-03-07,conda/conda,4043,2,estimated
2021-03-07,mamba-org/mamba,1240,1,estimated
2021-03-08,conda/conda,4043,0,estimated
2021-03-08,mamba-org/mamba,1245,5,estimated
2021-03-09,conda/conda,4044,1,estimated
2021-03-09,mamba-org/mamba,1245,0,estimated
2021-03-10,conda/conda,4045,1,estimated
2021-03-10,mamba-org/mamba,1250,5,estimated
2021-03-11,conda/conda,4046,1,estimated
2021-03-11,mamba-org/mamba,1254,4,estimated
2021-03-12,conda/conda,4047,1,estimated
2021-03-12,mamba-org/mamba,1256,2,estimated
2021-03-13,conda/conda,4051,4,estimated
2021-03-13,mamba-org/mamba,1256,0,estimated
2021-03-14,conda/conda,4052,1,estimated
2021-03-14,mamba-org/mamba,1259,3,estimated
2021-03-15,conda/conda,4054,2,estimated
2021-03-15,mamba-org/mamba,1261,2,estimated
2021-03-16,conda/conda,4056,2,estimated
2021-03-16,mamba-org/mamba,1264,3,estimated
2021-03-17,conda/conda,4058,2,estimated
2021-03-17,mamba-org/mamba,1271,7,estimated
2021-03-18,conda/conda,4058,0,estimated
2021-03-18,mamba-org/mamba,1282,11,estimated
2021-03-19,conda/conda,4061,3,estimated
2021-03-19,mamba-org/mamba,1296,14,wayback
2021-03-20,conda/conda,4063,2,estimated
2021-03-20,mamba-org/mamba,1309,13,estimated
2021-03-21,conda/conda,4064,1,estimated
2021-03-21,mamba-org/mamba,1328,19,estimated
2021-03-22,conda/conda,4068,4,estimated
2021-03-22,mamba-org/mamba,1338,10,estimated
2021-03-23,conda/conda,4070,2,estimated
2021-03-23,mamba-org/mamba,1345,7,estimated
2021-03-24,conda/conda,4073,3,wayback
2021-03-24,mamba-org/mamba,1352,7,estimated
2021-03-25,conda/conda,4073,0,estimated
2021-03-25,mamba-org/mamba,1357,5,estimated
2021-03-26,conda/conda,4075,2,estimated
2021-03-26,mamba-org/mamba,1365,8,estimated
2021-03-27,conda/conda,4075,0,estimated
2021-03-27,mamba-org/mamba,1366,1,estimated
2021-03-28,conda/conda,4076,1,estimated
2021-03-28,mamba-org/mamba,1371,5,estimated
2021-03-29,conda/conda,4079,3,estimated
2021-03-29,mamba-org/mamba,1376,5,estimated
2021-03-30,conda/conda,4081,2,estimated
2021-03-30,mamba-org/mamba,1382,6,estimated
2021-03-31,conda/conda,4081,0,estimated
2021-03-31,mamba-org/mamba,1386,4,estimated
2021-04-01,conda/conda,4083,2,estimated
2021-04-01,mamba-org/mamba,1388,2,wayback
2021-04-02,conda/conda,4084,1,estimated
2021-04-02,mamba-org/mamba,1388,0,estimated
2021-04-03,conda/conda,4084,0,estimated
2021-04-03,mamba-org/mamba,1389,1,estimated
2021-04-04,conda/conda,4084,0,estimated
2021-04-04,mamba-org/mamba,1391,2,estimated
2021-04-05,conda/conda,4085,1,estimated
2021-04-05,mamba-org/mamba,1395,4,estimated
2021-04-06,conda/conda,4087,2,estimated
2021-04-06,mamba-org/mamba,1399,4,estimated
2021-04-07,conda/conda,4088,1,estimated
2021-04-07,mamba-org/mamba,1404,5,estimated
2021-04-08,conda/conda,4091,3,estimated
2021-04-08,mamba-org/mamba,1410,6,estimated
2021-04-09,conda/conda,4091,0,estimated
2021-04-09,mamba-org/mamba,1415,5,estimated
2021-04-10,conda/conda,4094,3,estimated
2021-04-10,mamba-org/mamba,1416,1,estimated
2021-04-11,conda/conda,4094,0,estimated
2021-04-11,mamba-org/mamba,1422,6,estimated
2021-04-12,conda/conda,4095,1,estimated
2021-04-12,mamba-org/mamba,1424,2,estimated
2021-04-13,conda/conda,4096,1,estimated
2021-04-13,mamba-org/mamba,1429,5,estimated
2021-04-14,conda/conda,4099,3,estimated
2021-04-14,mamba-org/mamba,1434,5,estimated
2021-04-15,conda/conda,4105,6,wayback
2021-04-15,mamba-org/mamba,1442,8,estimated
2021-04-16,conda/conda,4106,1,estimated
2021-04-16,mamba-org/mamba,1448,6,estimated
2021-04-17,conda/conda,4106,0,estimated
2021-04-17,mamba-org/mamba,1455,7,estimated
2021-04-18,conda/conda,4106,0,estimated
2021-04-18,mamba-org/mamba,1464,9,estimated
2021-04-19,conda/conda,4106,0,estimated
2021-04-19,mamba-org/mamba,1469,5,estimated
2021-04-20,conda/conda,4106,0,estimated
2021-04-20,mamba-org/mamba,1472,3,estimated
2021-04-21,conda/conda,4107,1,estimated
2021-04-21,mamba-org/mamba,1478,6,estimated
2021-04-22,conda/conda,4108,1,estimated
2021-04-22,mamba-org/mamba,1482,4,estimated
2021-04-23,conda/conda,4110,2,estimated
2021-04-23,mamba-org/mamba,1486,4,estimated
2021-04-24,conda/conda,4111,1,estimated
2021-04-24,mamba-org/mamba,1491,5,estimated
2021-04-25,conda/conda,4111,0,estimated
2021-04-25,mamba-org/mamba,1495,4,estimated
2021-04-26,conda/conda,4111,0,estimated
2021-04-26,mamba-org/mamba,1501,6,estimated
2021-04-27,conda/conda,4111,0,estimated
2021-04-27,mamba-org/mamba,1507,6,estimated
2021-04-28,conda/conda,4113,2,estimated
2021-04-28,mamba-org/mamba,1511,4,estimated
2021-04-29,conda/conda,4113,0,estimated
2021-04-29,mamba-org/mamba,1515,4,estimated
2021-04-30,conda/conda,4114,1,estimated
2021-04-30,mamba-org/mamba,1519,4,estimated
2021-05-01,conda/conda,4115,1,estimated
2021-05-01,mamba-org/mamba,1522,3,wayback
2021-05-02,conda/conda,4116,1,estimated
2021-05-02,mamba-org/mamba,1524,2,estimated
2021-05-03,conda/conda,4117,1,estimated
2021-05-03,mamba-org/mamba,1528,4,estimated
2021-05-04,conda/conda,4117,0,estimated
2021-05-04,mamba-org/mamba,1532,4,estimated
2021-05-05,conda/conda,4118,1,estimated
2021-05-05,mamba-org/mamba,1534,2,estimated
2021-05-06,conda/conda,4120,2,estimated
2021-05-06,mamba-org/mamba,1536,2,estimated
2021-05-07,conda/conda,4122,2,estimated
2021-05-07,mamba-org/mamba,1541,5,estimated
2021-05-08,conda/conda,4123,1,estimated
2021-05-08,mamba-org/mamba,1543,2,estimated
2021-05-09,conda/conda,4124,1,estimated
2021-05-09,mamba-org/mamba,1544,1,estimated
2021-05-10,conda/conda,4124,0,estimated
2021-05-10,mamba-org/mamba,1547,3,estimated
2021-05-11,conda/conda,4125,1,estimated
2021-05-11,mamba-org/mamba,1551,4,estimated
2021-05-12,conda/conda,4125,0,estimated
2021-05-12,mamba-org/mamba,1555,4,estimated
2021-05-13,conda/conda,4126,1,estimated
2021-05-13,mamba-org/mamba,1558,3,estimated
2021-05-14,conda/conda,4129,3,estimated
2021-05-14,mamba-org/mamba,1563,5,estimated
2021-05-15,conda/conda,4130,1,estimated
2021-05-15,mamba-org/mamba,1564,1,estimated
2021-05-16,conda/conda,4131,1,estimated
2021-05-16,mamba-org/mamba,1569,5,estimated
2021-05-17,conda/conda,4133,2,estimated
2021-05-17,mamba-org/mamba,1576,7,estimated
2021-05-18,conda/conda,4133,0,estimated
2021-05-18,mamba-org/mamba,1580,4,estimated
2021-05-19,conda/conda,4136,3,estimated
2021-05-19,mamba-org/mamba,1582,2,estimated
2021-05-20,conda/conda,4137,1,estimated
2021-05-20,mamba-org/mamba,1586,4,estimated
2021-05-21,conda/conda,4140,3,estimated
2021-05-21,mamba-org/mamba,1589,3,estimated
2021-05-22,conda/conda,4141,1,estimated
2021-05-22,mamba-org/mamba,1590,1,estimated
2021-05-23,conda/conda,4144,3,estimated
2021-05-23,mamba-org/mamba,1592,2,estimated
2021-05-24,conda/conda,4146,2,estimated
2021-05-24,mamba-org/mamba,1599,7,estimated
2021-05-25,conda/conda,4147,1,estimated
2021-05-25,mamba-org/mamba,1604,5,estimated
2021-05-26,conda/conda,4148,1,estimated
2021-05-26,mamba-org/mamba,1607,3,estimated
2021-05-27,conda/conda,4148,0,estimated
2021-05-27,mamba-org/mamba,1620,13,estimated
2021-05-28,conda/conda,4149,1,estimated
2021-05-28,mamba-org/mamba,1628,8,estimated
2021-05-29,conda/conda,4149,0,estimated
2021-05-29,mamba-org/mamba,1630,2,estimated
2021-05-30,conda/conda,4149,0,estimated
2021-05-30,mamba-org/mamba,1635,5,estimated
2021-05-31,conda/conda,4150,1,estimated
2021-05-31,mamba-org/mamba,1637,2,estimated
2021-06-01,conda/conda,4151,1,estimated
2021-06-01,mamba-org/mamba,1637,0,wayback
2021-06-02,conda/conda,4152,1,estimated
2021-06-02,mamba-org/mamba,1640,3,estimated
2021-06-03,conda/conda,4157,5,estimated
2021-06-03,mamba-org/mamba,1646,6,estimated
2021-06-04,conda/conda,4158,1,estimated
2021-06-04,mamba-org/mamba,1654,8,estimated
2021-06-05,conda/conda,4159,1,estimated
2021-06-05,mamba-org/mamba,1657,3,estimated
2021-06-06,conda/conda,4160,1,estimated
2021-06-06,mamba-org/mamba,1661,4,estimated
2021-06-07,conda/conda,4161,1,estimated
2021-06-07,mamba-org/mamba,1668,7,estimated
2021-06-08,conda/conda,4161,0,estimated
2021-06-08,mamba-org/mamba,1670,2,estimated
2021-06-09,conda/conda,4164,3,estimated
2021-06-09,mamba-org/mamba,1676,6,estimated
2021-06-10,conda/conda,4167,3,estimated
2021-06-10,mamba-org/mamba,1681,5,estimated
2021-06-11,conda/conda,4167,0,estimated
2021-06-11,mamba-org/mamba,1688,7,estimated
2021-06-12,conda/conda,4167,0,estimated
2021-06-12,mamba-org/mamba,1688,0,estimated
2021-06-13,conda/conda,4169,2,estimated
2021-06-13,mamba-org/mamba,1688,0,estimated
2021-06-14,conda/conda,4170,1,estimated
2021-06-14,mamba-org/mamba,1692,4,estimated
2021-06-15,conda/conda,4173,3,estimated
2021-06-15,mamba-org/mamba,1702,10,estimated
2021-06-16,conda/conda,4174,1,estimated
2021-06-16,mamba-org/mamba,1710,8,estimated
2021-06-17,conda/conda,4176,2,estimated
2021-06-17,mamba-org/mamba,1724,14,estimated
2021-06-18,conda/conda,4178,2,estimated
2021-06-18,mamba-org/mamba,1729,5,estimated
2021-06-19,conda/conda,4179,1,estimated
2021-06-19,mamba-org/mamba,1731,2,estimated
2021-06-20,conda/conda,4180,1,estimated
2021-06-20,mamba-org/mamba,1732,1,estimated
2021-06-21,conda/conda,4180,0,estimated
2021-06-21,mamba-org/mamba,1733,1,estimated
2021-06-22,conda/conda,4181,1,estimated
2021-06-22,mamba-org/mamba,1738,5,estimated
2021-06-23,conda/conda,4183,2,estimated
2021-06-23,mamba-org/mamba,1744,6,estimated
2021-06-24,conda/conda,4184,1,estimated
2021-06-24,mamba-org/mamba,1753,9,estimated
2021-06-25,conda/conda,4185,1,estimated
2021-06-25,mamba-org/mamba,1761,8,estimated
2021-06-26,conda/conda,4185,0,estimated
2021-06-26,mamba-org/mamba,1761,0,estimated
2021-06-27,conda/conda,4186,1,estimated
2021-06-27,mamba-org/mamba,1764,3,estimated
2021-06-28,conda/conda,4188,2,estimated
2021-06-28,mamba-org/mamba,1766,2,estimated
2021-06-29,conda/conda,4190,2,estimated
2021-06-29,mamba-org/mamba,1771,5,estimated
2021-06-30,conda/conda,4191,1,estimated
2021-06-30,mamba-org/mamba,1774,3,estimated
2021-07-01,conda/conda,4191,0,estimated
2021-07-01,mamba-org/mamba,1779,5,estimated
2021-07-02,conda/conda,4193,2,estimated
2021-07-02,mamba-org/mamba,1783,4,wayback
2021-07-03,conda/conda,4195,2,estimated
2021-07-03,mamba-org/mamba,1786,3,estimated
2021-07-04,conda/conda,4196,1,estimated
2021-07-04,mamba-org/mamba,1788,2,estimated
2021-07-05,conda/conda,4197,1,estimated
2021-07-05,mamba-org/mamba,1792,4,estimated
2021-07-06,conda/conda,4197,0,estimated
2021-07-06,mamba-org/mamba,1794,2,estimated
2021-07-07,conda/conda,4197,0,estimated
2021-07-07,mamba-org/mamba,1800,6,estimated
2021-07-08,conda/conda,4197,0,estimated
2021-07-08,mamba-org/mamba,1804,4,estimated
2021-07-09,conda/conda,4198,1,estimated
2021-07-09,mamba-org/mamba,1808,4,estimated
2021-07-10,conda/conda,4199,1,estimated
2021-07-10,mamba-org/mamba,1810,2,estimated
2021-07-11,conda/conda,4199,0,estimated
2021-07-11,mamba-org/mamba,1813,3,estimated
2021-07-12,conda/conda,4199,0,estimated
2021-07-12,mamba-org/mamba,1817,4,estimated
2021-07-13,conda/conda,4200,1,estimated
2021-07-13,mamba-org/mamba,1818,1,estimated
2021-07-14,conda/conda,4200,0,estimated
2021-07-14,mamba-org/mamba,1823,5,estimated
2021-07-15,conda/conda,4200,0,estimated
2021-07-15,mamba-org/mamba,1825,2,estimated
2021-07-16,conda/conda,4201,1,estimated
2021-07-16,mamba-org/mamba,1831,6,estimated
2021-07-17,conda/conda,4203,2,estimated
2021-07-17,mamba-org/mamba,1836,5,estimated
2021-07-18,conda/conda,4204,1,estimated
2021-07-18,mamba-org/mamba,1840,4,estimated
2021-07-19,conda/conda,4206,2,wayback
2021-07-19,mamba-org/mamba,1846,6,estimated
2021-07-20,conda/conda,4210,4,estimated
2021-07-20,mamba-org/mamba,1851,5,estimated
2021-07-21,conda/conda,4212,2,estimated
2021-07-21,mamba-org/mamba,1858,7,estimated
2021-07-22,conda/conda,4212,0,estimated
2021-07-22,mamba-org/mamba,1868,10,estimated
2021-07-23,conda/conda,4213,1,estimated
2021-07-23,mamba-org/mamba,1879,11,estimated
2021-07-24,conda/conda,4214,1,estimated
2021-07-24,mamba-org/mamba,1883,4,estimated
2021-07-25,conda/conda,4214,0,estimated
2021-07-25,mamba-org/mamba,1885,2,estimated
2021-07-26,conda/conda,4215,1,estimated
2021-07-26,mamba-org/mamba,1894,9,estimated
2021-07-27,conda/conda,4215,0,estimated
2021-07-27,mamba-org/mamba,1897,3,estimated
2021-07-28,conda/conda,4217,2,estimated
2021-07-28,mamba-org/mamba,1904,7,estimated
2021-07-29,conda/conda,4217,0,estimated
2021-07-29,mamba-org/mamba,1906,2,estimated
2021-07-30,conda/conda,4218,1,estimated
2021-07-30,mamba-org/mamba,1911,5,estimated
2021-07-31,conda/conda,4220,2,estimated
2021-07-31,mamba-org/mamba,1915,4,estimated
2021-08-01,conda/conda,4220,0,estimated
2021-08-01,mamba-org/mamba,1917,2,estimated
2021-08-02,conda/conda,4223,3,estimated
2021-08-02,mamba-org/mamba,1922,5,estimated
2021-08-03,conda/conda,4224,1,estimated
2021-08-03,mamba-org/mamba,1925,3,estimated
2021-08-04,conda/conda,4224,0,estimated
2021-08-04,mamba-org/mamba,1928,3,estimated
2021-08-05,conda/conda,4225,1,estimated
2021-08-05,mamba-org/mamba,1931,3,estimated
2021-08-06,conda/conda,4227,2,estimated
2021-08-06,mamba-org/mamba,1946,15,estimated
2021-08-07,conda/conda,4229,2,estimated
2021-08-07,mamba-org/mamba,1951,5,estimated
2021-08-08,conda/conda,4230,1,estimated
2021-08-08,mamba-org/mamba,1954,3,estimated
2021-08-09,conda/conda,4231,1,estimated
2021-08-09,mamba-org/mamba,1963,9,estimated
2021-08-10,conda/conda,4234,3,estimated
2021-08-10,mamba-org/mamba,1964,1,wayback
2021-08-11,conda/conda,4234,0,estimated
2021-08-11,mamba-org/mamba,1969,5,estimated
2021-08-12,conda/conda,4238,4,estimated
2021-08-12,mamba-org/mamba,1977,8,estimated
2021-08-13,conda/conda,4238,0,estimated
2021-08-13,mamba-org/mamba,1981,4,estimated
2021-08-14,conda/conda,4239,1,estimated
2021-08-14,mamba-org/mamba,1983,2,estimated
2021-08-15,conda/conda,4241,2,estimated
2021-08-15,mamba-org/mamba,1987,4,estimated
2021-08-16,conda/conda,4241,0,estimated
2021-08-16,mamba-org/mamba,1989,2,estimated
2021-08-17,conda/conda,4242,1,estimated
2021-08-17,mamba-org/mamba,1993,4,estimated
2021-08-18,conda/conda,4246,4,estimated
2021-08-18,mamba-org/mamba,1996,3,estimated
2021-08-19,conda/conda,4248,2,estimated
2021-08-19,mamba-org/mamba,2004,8,estimated
2021-08-20,conda/conda,4248,0,estimated
2021-08-20,mamba-org/mamba,2006,2,estimated
2021-08-21,conda/conda,4250,2,estimated
2021-08-21,mamba-org/mamba,2007,1,estimated
2021-08-22,conda/conda,4252,2,estimated
2021-08-22,mamba-org/mamba,2012,5,estimated
2021-08-23,conda/conda,4254,2,estimated
2021-08-23,mamba-org/mamba,2014,2,estimated
2021-08-24,conda/conda,4256,2,estimated
2021-08-24,mamba-org/mamba,2020,6,estimated
2021-08-25,conda/conda,4258,2,estimated
2021-08-25,mamba-org/mamba,2022,2,estimated
2021-08-26,conda/conda,4258,0,estimated
2021-08-26,mamba-org/mamba,2022,0,estimated
2021-08-27,conda/conda,4258,0,estimated
2021-08-27,mamba-org/mamba,2022,0,estimated
2021-08-28,conda/conda,4260,2,estimated
2021-08-28,mamba-org/mamba,2024,2,estimated
2021-08-29,conda/conda,4262,2,wayback
2021-08-29,mamba-org/mamba,2024,0,estimated
2021-08-30,conda/conda,4265,3,estimated
2021-08-30,mamba-org/mamba,2032,8,estimated
2021-08-31,conda/conda,4268,3,estimated
2021-08-31,mamba-org/mamba,2035,3,estimated
2021-09-01,conda/conda,4271,3,estimated
2021-09-01,mamba-org/mamba,2042,7,estimated
2021-09-02,conda/conda,4273,2,estimated
2021-09-02,mamba-org/mamba,2047,5,estimated
2021-09-03,conda/conda,4276,3,wayback
2021-09-03,mamba-org/mamba,2051,4,estimated
2021-09-04,conda/conda,4278,2,estimated
2021-09-04,mamba-org/mamba,2054,3,estimated
2021-09-05,conda/conda,4280,2,estimated
2021-09-05,mamba-org/mamba,2056,2,estimated
2021-09-06,conda/conda,4283,3,estimated
2021-09-06,mamba-org/mamba,2061,5,estimated
2021-09-07,conda/conda,4284,1,estimated
2021-09-07,mamba-org/mamba,2065,4,estimated
2021-09-08,conda/conda,4287,3,estimated
2021-09-08,mamba-org/mamba,2070,5,estimated
2021-09-09,conda/conda,4287,0,estimated
2021-09-09,mamba-org/mamba,2073,3,estimated
2021-09-10,conda/conda,4292,5,estimated
2021-09-10,mamba-org/mamba,2077,4,estimated
2021-09-11,conda/conda,4292,0,estimated
2021-09-11,mamba-org/mamba,2082,5,estimated
2021-09-12,conda/conda,4294,2,estimated
2021-09-12,mamba-org/mamba,2086,4,estimated
2021-09-13,conda/conda,4295,1,estimated
2021-09-13,mamba-org/mamba,2090,4,estimated
2021-09-14,conda/conda,4295,0,estimated
2021-09-14,mamba-org/mamba,2095,5,estimated
2021-09-15,conda/conda,4297,2,estimated
2021-09-15,mamba-org/mamba,2101,6,estimated
2021-09-16,conda/conda,4304,7,estimated
2021-09-16,mamba-org/mamba,2105,4,estimated
2021-09-17,conda/conda,4306,2,estimated
2021-09-17,mamba-org/mamba,2108,3,estimated
2021-09-18,conda/conda,4307,1,estimated
2021-09-18,mamba-org/mamba,2108,0,estimated
2021-09-19,conda/conda,4308,1,estimated
2021-09-19,mamba-org/mamba,2109,1,estimated
2021-09-20,conda/conda,4310,2,estimated
2021-09-20,mamba-org/mamba,2110,1,estimated
2021-09-21,conda/conda,4313,3,estimated
2021-09-21,mamba-org/mamba,2112,2,wayback
2021-09-22,conda/conda,4317,4,estimated
2021-09-22,mamba-org/mamba,2124,12,estimated
2021-09-23,conda/conda,4320,3,estimated
2021-09-23,mamba-org/mamba,2128,4,estimated
2021-09-24,conda/conda,4322,2,estimated
2021-09-24,mamba-org/mamba,2143,15,estimated
2021-09-25,conda/conda,4323,1,estimated
2021-09-25,mamba-org/mamba,2155,12,estimated
2021-09-26,conda/conda,4325,2,estimated
2021-09-26,mamba-org/mamba,2160,5,estimated
2021-09-27,conda/conda,4327,2,estimated
2021-09-27,mamba-org/mamba,2180,20,estimated
2021-09-28,conda/conda,4329,2,estimated
2021-09-28,mamba-org/mamba,2186,6,estimated
2021-09-29,conda/conda,4332,3,estimated
2021-09-29,mamba-org/mamba,2199,13,estimated
2021-09-30,conda/conda,4336,4,estimated
2021-09-30,mamba-org/mamba,2203,4,estimated
2021-10-01,conda/conda,4340,4,estimated
2021-10-01,mamba-org/mamba,2211,8,estimated
2021-10-02,conda/conda,4344,4,estimated
2021-10-02,mamba-org/mamba,2222,11,estimated
2021-10-03,conda/conda,4344,0,estimated
2021-10-03,mamba-org/mamba,2232,10,estimated
2021-10-04,conda/conda,4346,2,estimated
2021-10-04,mamba-org/mamba,2238,6,estimated
2021-10-05,conda/conda,4346,0,estimated
2021-10-05,mamba-org/mamba,2240,2,estimated
2021-10-06,conda/conda,4348,2,estimated
2021-10-06,mamba-org/mamba,2242,2,estimated
2021-10-07,conda/conda,4348,0,estimated
2021-10-07,mamba-org/mamba,2242,0,estimated
2021-10-08,conda/conda,4349,1,estimated
2021-10-08,mamba-org/mamba,2250,8,estimated
2021-10-09,conda/conda,4351,2,estimated
2021-10-09,mamba-org/mamba,2252,2,estimated
2021-10-10,conda/conda,4351,0,estimated
2021-10-10,mamba-org/mamba,2255,3,estimated
2021-10-11,conda/conda,4351,0,estimated
2021-10-11,mamba-org/mamba,2255,0,estimated
2021-10-12,conda/conda,4351,0,estimated
2021-10-12,mamba-org/mamba,2259,4,estimated
2021-10-13,conda/conda,4353,2,estimated
2021-10-13,mamba-org/mamba,2263,4,estimated
2021-10-14,conda/conda,4353,0,estimated
2021-10-14,mamba-org/mamba,2267,4,estimated
2021-10-15,conda/conda,4353,0,estimated
2021-10-15,mamba-org/mamba,2269,2,estimated
2021-10-16,conda/conda,4357,4,estimated
2021-10-16,mamba-org/mamba,2277,8,estimated
2021-10-17,conda/conda,4359,2,estimated
2021-10-17,mamba-org/mamba,2281,4,estimated
2021-10-18,conda/conda,4359,0,estimated
2021-10-18,mamba-org/mamba,2282,1,estimated
2021-10-19,conda/conda,4359,0,estimated
2021-10-19,mamba-org/mamba,2286,4,estimated
2021-10-20,conda/conda,4361,2,estimated
2021-10-20,mamba-org/mamba,2290,4,estimated
2021-10-21,conda/conda,4361,0,estimated
2021-10-21,mamba-org/mamba,2296,6,estimated
2021-10-22,conda/conda,4361,0,estimated
2021-10-22,mamba-org/mamba,2296,0,estimated
2021-10-23,conda/conda,4361,0,estimated
2021-10-23,mamba-org/mamba,2296,0,estimated
2021-10-24,conda/conda,4361,0,estimated
2021-10-24,mamba-org/mamba,2298,2,estimated
2021-10-25,conda/conda,4361,0,estimated
2021-10-25,mamba-org/mamba,2298,0,estimated
2021-10-26,conda/conda,4361,0,estimated
2021-10-26,mamba-org/mamba,2298,0,estimated
2021-10-27,conda/conda,4361,0,estimated
2021-10-27,mamba-org/mamba,2298,0,estimated
2021-10-28,conda/conda,4361,0,wayback
2021-10-28,mamba-org/mamba,2298,0,wayback
2021-10-29,conda/conda,4361,0,estimated
2021-10-29,mamba-org/mamba,2299,1,estimated
2021-10-30,conda/conda,4363,2,estimated
2021-10-30,mamba-org/mamba,2308,9,estimated
2021-10-31,conda/conda,4366,3,estimated
2021-10-31,mamba-org/mamba,2314,6,estimated
2021-11-01,conda/conda,4367,1,estimated
2021-11-01,mamba-org/mamba,2319,5,estimated
2021-11-02,conda/conda,4367,0,estimated
2021-11-02,mamba-org/mamba,2322,3,estimated
2021-11-03,conda/conda,4369,2,estimated
2021-11-03,mamba-org/mamba,2326,4,estimated
2021-11-04,conda/conda,4372,3,estimated
2021-11-04,mamba-org/mamba,2332,6,estimated
2021-11-05,conda/conda,4372,0,estimated
2021-11-05,mamba-org/mamba,2338,6,estimated
2021-11-06,conda/conda,4373,1,estimated
2021-11-06,mamba-org/mamba,2338,0,estimated
2021-11-07,conda/conda,4374,1,estimated
2021-11-07,mamba-org/mamba,2339,1,estimated
2021-11-08,conda/conda,4378,4,estimated
2021-11-08,mamba-org/mamba,2345,6,estimated
2021-11-09,conda/conda,4379,1,estimated
2021-11-09,mamba-org/mamba,2350,5,estimated
2021-11-10,conda/conda,4379,0,wayback
2021-11-10,mamba-org/mamba,2358,8,estimated
2021-11-11,conda/conda,4385,6,estimated
2021-11-11,mamba-org/mamba,2363,5,estimated
2021-11-12,conda/conda,4385,0,estimated
2021-11-12,mamba-org/mamba,2364,1,estimated
2021-11-13,conda/conda,4385,0,estimated
2021-11-13,mamba-org/mamba,2368,4,estimated
2021-11-14,conda/conda,4387,2,estimated
2021-11-14,mamba-org/mamba,2371,3,estimated
2021-11-15,conda/conda,4389,2,estimated
2021-11-15,mamba-org/mamba,2378,7,estimated
2021-11-16,conda/conda,4393,4,estimated
2021-11-16,mamba-org/mamba,2381,3,estimated
2021-11-17,conda/conda,4393,0,estimated
2021-11-17,mamba-org/mamba,2389,8,estimated
2021-11-18,conda/conda,4393,0,estimated
2021-11-18,mamba-org/mamba,2397,8,estimated
2021-11-19,conda/conda,4393,0,estimated
2021-11-19,mamba-org/mamba,2402,5,estimated
2021-11-20,conda/conda,4393,0,estimated
2021-11-20,mamba-org/mamba,2403,1,estimated
2021-11-21,conda/conda,4394,1,estimated
2021-11-21,mamba-org/mamba,2406,3,estimated
2021-11-22,conda/conda,4395,1,estimated
2021-11-22,mamba-org/mamba,2410,4,estimated
2021-11-23,conda/conda,4398,3,estimated
2021-11-23,mamba-org/mamba,2420,10,estimated
2021-11-24,conda/conda,4401,3,estimated
2021-11-24,mamba-org/mamba,2428,8,wayback
2021-11-25,conda/conda,4401,0,estimated
2021-11-25,mamba-org/mamba,2429,1,estimated
2021-11-26,conda/conda,4402,1,estimated
2021-11-26,mamba-org/mamba,2431,2,estimated
2021-11-27,conda/conda,4403,1,estimated
2021-11-27,mamba-org/mamba,2435,4,estimated
2021-11-28,conda/conda,4405,2,estimated
2021-11-28,mamba-org/mamba,2441,6,estimated
2021-11-29,conda/conda,4406,1,estimated
2021-11-29,mamba-org/mamba,2450,9,estimated
2021-11-30,conda/conda,4407,1,estimated
2021-11-30,mamba-org/mamba,2456,6,estimated
2021-12-01,conda/conda,4407,0,estimated
2021-12-01,mamba-org/mamba,2459,3,estimated
2021-12-02,conda/conda,4409,2,estimated
2021-12-02,mamba-org/mamba,2464,5,estimated
2021-12-03,conda/conda,4412,3,estimated
2021-12-03,mamba-org/mamba,2477,13,estimated
2021-12-04,conda/conda,4413,1,estimated
2021-12-04,mamba-org/mamba,2478,1,estimated
2021-12-05,conda/conda,4413,0,estimated
2021-12-05,mamba-org/mamba,2480,2,estimated
2021-12-06,conda/conda,4413,0,estimated
2021-12-06,mamba-org/mamba,2485,5,estimated
2021-12-07,conda/conda,4416,3,estimated
2021-12-07,mamba-org/mamba,2490,5,estimated
2021-12-08,conda/conda,4417,1,estimated
2021-12-08,mamba-org/mamba,2497,7,estimated
2021-12-09,conda/conda,4421,4,estimated
2021-12-09,mamba-org/mamba,2505,8,estimated
2021-12-10,conda/conda,4423,2,estimated
2021-12-10,mamba-org/mamba,2506,1,estimated
2021-12-11,conda/conda,4425,2,estimated
2021-12-11,mamba-org/mamba,2508,2,estimated
2021-12-12,conda/conda,4426,1,estimated
2021-12-12,mamba-org/mamba,2511,3,estimated
2021-12-13,conda/conda,4427,1,wayback
2021-12-13,mamba-org/mamba,2516,5,estimated
2021-12-14,conda/conda,4429,2,estimated
2021-12-14,mamba-org/mamba,2517,1,wayback
2021-12-15,conda/conda,4432,3,estimated
2021-12-15,mamba-org/mamba,2519,2,estimated
2021-12-16,conda/conda,4434,2,estimated
2021-12-16,mamba-org/mamba,2524,5,estimated
2021-12-17,conda/conda,4434,0,estimated
2021-12-17,mamba-org/mamba,2529,5,estimated
2021-12-18,conda/conda,4435,1,estimated
2021-12-18,mamba-org/mamba,2530,1,estimated
2021-12-19,conda/conda,4436,1,estimated
2021-12-19,mamba-org/mamba,2533,3,estimated
2021-12-20,conda/conda,4436,0,estimated
2021-12-20,mamba-org/mamba,2537,4,estimated
2021-12-21,conda/conda,4437,1,estimated
2021-12-21,mamba-org/mamba,2538,1,estimated
2021-12-22,conda/conda,4439,2,estimated
2021-12-22,mamba-org/mamba,2541,3,estimated
2021-12-23,conda/conda,4440,1,estimated
2021-12-23,mamba-org/mamba,2542,1,estimated
2021-12-24,conda/conda,4443,3,estimated
2021-12-24,mamba-org/mamba,2543,1,estimated
2021-12-25,conda/conda,4444,1,estimated
2021-12-25,mamba-org/mamba,2543,0,estimated
2021-12-26,conda/conda,4447,3,estimated
2021-12-26,mamba-org/mamba,2544,1,estimated
2021-12-27,conda/conda,4449,2,estimated
2021-12-27,mamba-org/mamba,2544,0,estimated
2021-12-28,conda/conda,4450,1,estimated
2021-12-28,mamba-org/mamba,2545,1,estimated
2021-12-29,conda/conda,4450,0,estimated
2021-12-29,mamba-org/mamba,2548,3,estimated
2021-12-30,conda/conda,4450,0,estimated
2021-12-30,mamba-org/mamba,2550,2,estimated
2021-12-31,conda/conda,4451,1,estimated
2021-12-31,mamba-org/mamba,2552,2,estimated
2022-01-01,conda/conda,4451,0,estimated
2022-01-01,mamba-org/mamba,2552,0,estimated
2022-01-02,conda/conda,4451,0,estimated
2022-01-02,mamba-org/mamba,2554,2,estimated
2022-01-03,conda/conda,4454,3,estimated
2022-01-03,mamba-org/mamba,2556,2,estimated
2022-01-04,conda/conda,4454,0,estimated
2022-01-04,mamba-org/mamba,2560,4,estimated
2022-01-05,conda/conda,4455,1,estimated
2022-01-05,mamba-org/mamba,2566,6,wayback
2022-01-06,conda/conda,4456,1,estimated
2022-01-06,mamba-org/mamba,2576,10,estimated
2022-01-07,conda/conda,4457,1,estimated
2022-01-07,mamba-org/mamba,2578,2,estimated
2022-01-08,conda/conda,4457,0,estimated
2022-01-08,mamba-org/mamba,2582,4,estimated
2022-01-09,conda/conda,4458,1,estimated
2022-01-09,mamba-org/mamba,2583,1,estimated
2022-01-10,conda/conda,4458,0,estimated
2022-01-10,mamba-org/mamba,2585,2,estimated
2022-01-11,conda/conda,4462,4,estimated
2022-01-11,mamba-org/mamba,2591,6,estimated
2022-01-12,conda/conda,4462,0,estimated
2022-01-12,mamba-org/mamba,2598,7,estimated
2022-01-13,conda/conda,4462,0,estimated
2022-01-13,mamba-org/mamba,2604,6,estimated
2022-01-14,conda/conda,4462,0,estimated
2022-01-14,mamba-org/mamba,2605,1,estimated
2022-01-15,conda/conda,4462,0,estimated
2022-01-15,mamba-org/mamba,2609,4,estimated
2022-01-16,conda/conda,4463,1,estimated
2022-01-16,mamba-org/mamba,2613,4,estimated
2022-01-17,conda/conda,4466,3,estimated
2022-01-17,mamba-org/mamba,2619,6,estimated
2022-01-18,conda/conda,4468,2,estimated
2022-01-18,mamba-org/mamba,2632,13,estimated
2022-01-19,conda/conda,4468,0,estimated
2022-01-19,mamba-org/mamba,2641,9,estimated
2022-01-20,conda/conda,4472,4,estimated
2022-01-20,mamba-org/mamba,2643,2,estimated
2022-01-21,conda/conda,4474,2,estimated
2022-01-21,mamba-org/mamba,2647,4,estimated
2022-01-22,conda/conda,4474,0,estimated
2022-01-22,mamba-org/mamba,2649,2,estimated
2022-01-23,conda/conda,4475,1,estimated
2022-01-23,mamba-org/mamba,2651,2,estimated
2022-01-24,conda/conda,4479,4,estimated
2022-01-24,mamba-org/mamba,2660,9,estimated
2022-01-25,conda/conda,4480,1,estimated
2022-01-25,mamba-org/mamba,2662,2,estimated
2022-01-26,conda/conda,4481,1,estimated
2022-01-26,mamba-org/mamba,2667,5,estimated
2022-01-27,conda/conda,4481,0,estimated
2022-01-27,mamba-org/mamba,2668,1,estimated
2022-01-28,conda/conda,4483,2,estimated
2022-01-28,mamba-org/mamba,2673,5,estimated
2022-01-29,conda/conda,4483,0,estimated
2022-01-29,mamba-org/mamba,2681,8,estimated
2022-01-30,conda/conda,4485,2,estimated
2022-01-30,mamba-org/mamba,2682,1,estimated
2022-01-31,conda/conda,4487,2,estimated
2022-01-31,mamba-org/mamba,2684,2,estimated
2022-02-01,conda/conda,4488,1,wayback
2022-02-01,mamba-org/mamba,2696,12,estimated
2022-02-02,conda/conda,4488,0,estimated
2022-02-02,mamba-org/mamba,2709,13,estimated
2022-02-03,conda/conda,4489,1,estimated
2022-02-03,mamba-org/mamba,2714,5,estimated
2022-02-04,conda/conda,4490,1,estimated
2022-02-04,mamba-org/mamba,2720,6,estimated
2022-02-05,conda/conda,4491,1,estimated
2022-02-05,mamba-org/mamba,2721,1,estimated
2022-02-06,conda/conda,4492,1,estimated
2022-02-06,mamba-org/mamba,2724,3,estimated
2022-02-07,conda/conda,4493,1,estimated
2022-02-07,mamba-org/mamba,2729,5,estimated
2022-02-08,conda/conda,4495,2,estimated
2022-02-08,mamba-org/mamba,2735,6,estimated
2022-02-09,conda/conda,4496,1,estimated
2022-02-09,mamba-org/mamba,2742,7,estimated
2022-02-10,conda/conda,4498,2,estimated
2022-02-10,mamba-org/mamba,2747,5,estimated
2022-02-11,conda/conda,4498,0,estimated
2022-02-11,mamba-org/mamba,2750,3,estimated
2022-02-12,conda/conda,4501,3,estimated
2022-02-12,mamba-org/mamba,2754,4,estimated
2022-02-13,conda/conda,4501,0,estimated
2022-02-13,mamba-org/mamba,2756,2,estimated
2022-02-14,conda/conda,4502,1,estimated
2022-02-14,mamba-org/mamba,2761,5,estimated
2022-02-15,conda/conda,4502,0,estimated
2022-02-15,mamba-org/mamba,2765,4,estimated
2022-02-16,conda/conda,4502,0,estimated
2022-02-16,mamba-org/mamba,2770,5,estimated
2022-02-17,conda/conda,4505,3,estimated
2022-02-17,mamba-org/mamba,2773,3,estimated
2022-02-18,conda/conda,4508,3,estimated
2022-02-18,mamba-org/mamba,2774,1,estimated
2022-02-19,conda/conda,4509,1,estimated
2022-02-19,mamba-org/mamba,2777,3,estimated
2022-02-20,conda/conda,4511,2,estimated
2022-02-20,mamba-org/mamba,2779,2,estimated
2022-02-21,conda/conda,4514,3,estimated
2022-02-21,mamba-org/mamba,2788,9,estimated
2022-02-22,conda/conda,4517,3,estimated
2022-02-22,mamba-org/mamba,2797,9,estimated
2022-02-23,conda/conda,4517,0,estimated
2022-02-23,mamba-org/mamba,2799,2,wayback
2022-02-24,conda/conda,4518,1,estimated
2022-02-24,mamba-org/mamba,2802,3,estimated
2022-02-25,conda/conda,4524,6,estimated
2022-02-25,mamba-org/mamba,2803,1,estimated
2022-02-26,conda/conda,4526,2,estimated
2022-02-26,mamba-org/mamba,2807,4,estimated
2022-02-27,conda/conda,4526,0,estimated
2022-02-27,mamba-org/mamba,2811,4,estimated
2022-02-28,conda/conda,4527,1,estimated
2022-02-28,mamba-org/mamba,2811,0,estimated
2022-03-01,conda/conda,4532,5,estimated
2022-03-01,mamba-org/mamba,2814,3,estimated
2022-03-02,conda/conda,4534,2,estimated
2022-03-02,mamba-org/mamba,2817,3,estimated
2022-03-03,conda/conda,4534,0,estimated
2022-03-03,mamba-org/mamba,2819,2,estimated
2022-03-04,conda/conda,4538,4,wayback
2022-03-04,mamba-org/mamba,2820,1,estimated
2022-03-05,conda/conda,4540,2,estimated
2022-03-05,mamba-org/mamba,2824,4,estimated
2022-03-06,conda/conda,4541,1,estimated
2022-03-06,mamba-org/mamba,2827,3,estimated
2022-03-07,conda/conda,4545,4,estimated
2022-03-07,mamba-org/mamba,2829,2,estimated
2022-03-08,conda/conda,4546,1,estimated
2022-03-08,mamba-org/mamba,2830,1,wayback
2022-03-09,conda/conda,4548,2,estimated
2022-03-09,mamba-org/mamba,2832,2,estimated
2022-03-10,conda/conda,4551,3,estimated
2022-03-10,mamba-org/mamba,2836,4,estimated
2022-03-11,conda/conda,4554,3,estimated
2022-03-11,mamba-org/mamba,2838,2,estimated
2022-03-12,conda/conda,4555,1,estimated
2022-03-12,mamba-org/mamba,2839,1,estimated
2022-03-13,conda/conda,4559,4,estimated
2022-03-13,mamba-org/mamba,2842,3,estimated
2022-03-14,conda/conda,4559,0,estimated
2022-03-14,mamba-org/mamba,2847,5,estimated
2022-03-15,conda/conda,4560,1,estimated
2022-03-15,mamba-org/mamba,2852,5,estimated
2022-03-16,conda/conda,4561,1,estimated
2022-03-16,mamba-org/mamba,2863,11,estimated
2022-03-17,conda/conda,4564,3,estimated
2022-03-17,mamba-org/mamba,2872,9,estimated
2022-03-18,conda/conda,4566,2,estimated
2022-03-18,mamba-org/mamba,2876,4,estimated
2022-03-19,conda/conda,4566,0,estimated
2022-03-19,mamba-org/mamba,2877,1,estimated
2022-03-20,conda/conda,4567,1,estimated
2022-03-20,mamba-org/mamba,2882,5,estimated
2022-03-21,conda/conda,4567,0,estimated
2022-03-21,mamba-org/mamba,2887,5,estimated
2022-03-22,conda/conda,4567,0,estimated
2022-03-22,mamba-org/mamba,2891,4,estimated
2022-03-23,conda/conda,4570,3,estimated
2022-03-23,mamba-org/mamba,2897,6,estimated
2022-03-24,conda/conda,4573,3,estimated
2022-03-24,mamba-org/mamba,2905,8,estimated
2022-03-25,conda/conda,4574,1,estimated
2022-03-25,mamba-org/mamba,2907,2,estimated
2022-03-26,conda/conda,4574,0,estimated
2022-03-26,mamba-org/mamba,2907,0,estimated
2022-03-27,conda/conda,4574,0,estimated
2022-03-27,mamba-org/mamba,2907,0,estimated
2022-03-28,conda/conda,4574,0,estimated
2022-03-28,mamba-org/mamba,2909,2,estimated
2022-03-29,conda/conda,4574,0,estimated
2022-03-29,mamba-org/mamba,2912,3,estimated
2022-03-30,conda/conda,4575,1,estimated
2022-03-30,mamba-org/mamba,2915,3,estimated
2022-03-31,conda/conda,4579,4,estimated
2022-03-31,mamba-org/mamba,2918,3,estimated
2022-04-01,conda/conda,4580,1,estimated
2022-04-01,mamba-org/mamba,2927,9,wayback
2022-04-02,conda/conda,4581,1,estimated
2022-04-02,mamba-org/mamba,2932,5,estimated
2022-04-03,conda/conda,4584,3,estimated
2022-04-03,mamba-org/mamba,2935,3,estimated
2022-04-04,conda/conda,4585,1,estimated
2022-04-04,mamba-org/mamba,2936,1,estimated
2022-04-05,conda/conda,4587,2,wayback
2022-04-05,mamba-org/mamba,2942,6,estimated
2022-04-06,conda/conda,4588,1,estimated
2022-04-06,mamba-org/mamba,2948,6,estimated
2022-04-07,conda/conda,4588,0,estimated
2022-04-07,mamba-org/mamba,2952,4,estimated
2022-04-08,conda/conda,4591,3,estimated
2022-04-08,mamba-org/mamba,2957,5,estimated
2022-04-09,conda/conda,4593,2,estimated
2022-04-09,mamba-org/mamba,2960,3,estimated
2022-04-10,conda/conda,4594,1,estimated
2022-04-10,mamba-org/mamba,2966,6,estimated
2022-04-11,conda/conda,4596,2,estimated
2022-04-11,mamba-org/mamba,2974,8,estimated
2022-04-12,conda/conda,4600,4,estimated
2022-04-12,mamba-org/mamba,2984,10,estimated
2022-04-13,conda/conda,4603,3,estimated
2022-04-13,mamba-org/mamba,2992,8,estimated
2022-04-14,conda/conda,4605,2,estimated
2022-04-14,mamba-org/mamba,3005,13,estimated
2022-04-15,conda/conda,4605,0,estimated
2022-04-15,mamba-org/mamba,3010,5,estimated
2022-04-16,conda/conda,4605,0,estimated
2022-04-16,mamba-org/mamba,3013,3,estimated
2022-04-17,conda/conda,4609,4,estimated
2022-04-17,mamba-org/mamba,3017,4,estimated
2022-04-18,conda/conda,4611,2,estimated
2022-04-18,mamba-org/mamba,3028,11,estimated
2022-04-19,conda/conda,4613,2,estimated
2022-04-19,mamba-org/mamba,3030,2,estimated
2022-04-20,conda/conda,4616,3,estimated
2022-04-20,mamba-org/mamba,3037,7,estimated
2022-04-21,conda/conda,4618,2,estimated
2022-04-21,mamba-org/mamba,3044,7,estimated
2022-04-22,conda/conda,4619,1,estimated
2022-04-22,mamba-org/mamba,3051,7,estimated
2022-04-23,conda/conda,4622,3,estimated
2022-04-23,mamba-org/mamba,3053,2,estimated
2022-04-24,conda/conda,4623,1,estimated
2022-04-24,mamba-org/mamba,3058,5,estimated
2022-04-25,conda/conda,4625,2,estimated
2022-04-25,mamba-org/mamba,3060,2,estimated
2022-04-26,conda/conda,4631,6,estimated
2022-04-26,mamba-org/mamba,3066,6,estimated
2022-04-27,conda/conda,4633,2,estimated
2022-04-27,mamba-org/mamba,3071,5,estimated
2022-04-28,conda/conda,4636,3,estimated
2022-04-28,mamba-org/mamba,3075,4,estimated
2022-04-29,conda/conda,4638,2,estimated
2022-04-29,mamba-org/mamba,3081,6,estimated
2022-04-30,conda/conda,4639,1,estimated
2022-04-30,mamba-org/mamba,3084,3,estimated
2022-05-01,conda/conda,4643,4,estimated
2022-05-01,mamba-org/mamba,3086,2,estimated
2022-05-02,conda/conda,4645,2,estimated
2022-05-02,mamba-org/mamba,3089,3,estimated
2022-05-03,conda/conda,4645,0,estimated
2022-05-03,mamba-org/mamba,3092,3,estimated
2022-05-04,conda/conda,4646,1,estimated
2022-05-04,mamba-org/mamba,3094,2,estimated
2022-05-05,conda/conda,4647,1,estimated
2022-05-05,mamba-org/mamba,3098,4,estimated
2022-05-06,conda/conda,4647,0,estimated
2022-05-06,mamba-org/mamba,3099,1,estimated
2022-05-07,conda/conda,4647,0,estimated
2022-05-07,mamba-org/mamba,3102,3,estimated
2022-05-08,conda/conda,4649,2,wayback
2022-05-08,mamba-org/mamba,3103,1,estimated
2022-05-09,conda/conda,4651,2,estimated
2022-05-09,mamba-org/mamba,3107,4,estimated
2022-05-10,conda/conda,4653,2,estimated
2022-05-10,mamba-org/mamba,3112,5,wayback
2022-05-11,conda/conda,4655,2,estimated
2022-05-11,mamba-org/mamba,3113,1,estimated
2022-05-12,conda/conda,4658,3,estimated
2022-05-12,mamba-org/mamba,3117,4,estimated
2022-05-13,conda/conda,4659,1,estimated
2022-05-13,mamba-org/mamba,3120,3,estimated
2022-05-14,conda/conda,4659,0,estimated
2022-05-14,mamba-org/mamba,3122,2,estimated
2022-05-15,conda/conda,4661,2,estimated
2022-05-15,mamba-org/mamba,3124,2,estimated
2022-05-16,conda/conda,4662,1,estimated
2022-05-16,mamba-org/mamba,3125,1,estimated
2022-05-17,conda/conda,4662,0,estimated
2022-05-17,mamba-org/mamba,3129,4,estimated
2022-05-18,conda/conda,4662,0,estimated
2022-05-18,mamba-org/mamba,3134,5,estimated
2022-05-19,conda/conda,4662,0,estimated
2022-05-19,mamba-org/mamba,3138,4,estimated
2022-05-20,conda/conda,4663,1,estimated
2022-05-20,mamba-org/mamba,3142,4,estimated
2022-05-21,conda/conda,4665,2,estimated
2022-05-21,mamba-org/mamba,3143,1,estimated
2022-05-22,conda/conda,4667,2,estimated
2022-05-22,mamba-org/mamba,3145,2,estimated
2022-05-23,conda/conda,4668,1,estimated
2022-05-23,mamba-org/mamba,3146,1,estimated
2022-05-24,conda/conda,4669,1,estimated
2022-05-24,mamba-org/mamba,3151,5,estimated
2022-05-25,conda/conda,4671,2,estimated
2022-05-25,mamba-org/mamba,3153,2,estimated
2022-05-26,conda/conda,4673,2,estimated
2022-05-26,mamba-org/mamba,3157,4,estimated
2022-05-27,conda/conda,4673,0,estimated
2022-05-27,mamba-org/mamba,3161,4,estimated
2022-05-28,conda/conda,4674,1,estimated
2022-05-28,mamba-org/mamba,3162,1,estimated
2022-05-29,conda/conda,4675,1,estimated
2022-05-29,mamba-org/mamba,3165,3,estimated
2022-05-30,conda/conda,4677,2,estimated
2022-05-30,mamba-org/mamba,3171,6,estimated
2022-05-31,conda/conda,4678,1,estimated
2022-05-31,mamba-org/mamba,3178,7,estimated
2022-06-01,conda/conda,4678,0,estimated
2022-06-01,mamba-org/mamba,3181,3,wayback
2022-06-02,conda/conda,4678,0,estimated
2022-06-02,mamba-org/mamba,3192,11,estimated
2022-06-03,conda/conda,4680,2,estimated
2022-06-03,mamba-org/mamba,3204,12,estimated
2022-06-04,conda/conda,4684,4,estimated
2022-06-04,mamba-org/mamba,3206,2,estimated
2022-06-05,conda/conda,4686,2,estimated
2022-06-05,mamba-org/mamba,3211,5,estimated
2022-06-06,conda/conda,4686,0,estimated
2022-06-06,mamba-org/mamba,3213,2,estimated
2022-06-07,conda/conda,4689,3,estimated
2022-06-07,mamba-org/mamba,3217,4,estimated
2022-06-08,conda/conda,4690,1,estimated
2022-06-08,mamba-org/mamba,3223,6,estimated
2022-06-09,conda/conda,4694,4,estimated
2022-06-09,mamba-org/mamba,3233,10,estimated
2022-06-10,conda/conda,4695,1,estimated
2022-06-10,mamba-org/mamba,3241,8,estimated
2022-06-11,conda/conda,4695,0,estimated
2022-06-11,mamba-org/mamba,3242,1,estimated
2022-06-12,conda/conda,4698,3,estimated
2022-06-12,mamba-org/mamba,3245,3,estimated
2022-06-13,conda/conda,4698,0,estimated
2022-06-13,mamba-org/mamba,3252,7,estimated
2022-06-14,conda/conda,4699,1,estimated
2022-06-14,mamba-org/mamba,3256,4,estimated
2022-06-15,conda/conda,4701,2,estimated
2022-06-15,mamba-org/mamba,3262,6,estimated
2022-06-16,conda/conda,4704,3,estimated
2022-06-16,mamba-org/mamba,3266,4,estimated
2022-06-17,conda/conda,4706,2,estimated
2022-06-17,mamba-org/mamba,3268,2,estimated
2022-06-18,conda/conda,4709,3,estimated
2022-06-18,mamba-org/mamba,3269,1,estimated
2022-06-19,conda/conda,4710,1,estimated
2022-06-19,mamba-org/mamba,3272,3,estimated
2022-06-20,conda/conda,4715,5,estimated
2022-06-20,mamba-org/mamba,3277,5,estimated
2022-06-21,conda/conda,4716,1,estimated
2022-06-21,mamba-org/mamba,3282,5,estimated
2022-06-22,conda/conda,4716,0,estimated
2022-06-22,mamba-org/mamba,3287,5,estimated
2022-06-23,conda/conda,4718,2,estimated
2022-06-23,mamba-org/mamba,3290,3,estimated
2022-06-24,conda/conda,4719,1,estimated
2022-06-24,mamba-org/mamba,3293,3,estimated
2022-06-25,conda/conda,4719,0,estimated
2022-06-25,mamba-org/mamba,3293,0,estimated
2022-06-26,conda/conda,4722,3,estimated
2022-06-26,mamba-org/mamba,3298,5,estimated
2022-06-27,conda/conda,4723,1,estimated
2022-06-27,mamba-org/mamba,3300,2,estimated
2022-06-28,conda/conda,4725,2,estimated
2022-06-28,mamba-org/mamba,3302,2,estimated
2022-06-29,conda/conda,4729,4,estimated
2022-06-29,mamba-org/mamba,3311,9,estimated
2022-06-30,conda/conda,4730,1,estimated
2022-06-30,mamba-org/mamba,3313,2,estimated
2022-07-01,conda/conda,4732,2,estimated
2022-07-01,mamba-org/mamba,3317,4,estimated
2022-07-02,conda/conda,4736,4,estimated
2022-07-02,mamba-org/mamba,3319,2,estimated
2022-07-03,conda/conda,4737,1,estimated
2022-07-03,mamba-org/mamba,3325,6,estimated
2022-07-04,conda/conda,4737,0,estimated
2022-07-04,mamba-org/mamba,3328,3,estimated
2022-07-05,conda/conda,4737,0,estimated
2022-07-05,mamba-org/mamba,3334,6,estimated
2022-07-06,conda/conda,4739,2,estimated
2022-07-06,mamba-org/mamba,3340,6,estimated
2022-07-07,conda/conda,4743,4,estimated
2022-07-07,mamba-org/mamba,3346,6,estimated
2022-07-08,conda/conda,4744,1,estimated
2022-07-08,mamba-org/mamba,3349,3,estimated
2022-07-09,conda/conda,4745,1,estimated
2022-07-09,mamba-org/mamba,3352,3,estimated
2022-07-10,conda/conda,4748,3,estimated
2022-07-10,mamba-org/mamba,3353,1,estimated
2022-07-11,conda/conda,4749,1,estimated
2022-07-11,mamba-org/mamba,3359,6,wayback
2022-07-12,conda/conda,4751,2,estimated
2022-07-12,mamba-org/mamba,3364,5,estimated
2022-07-13,conda/conda,4752,1,estimated
2022-07-13,mamba-org/mamba,3370,6,estimated
2022-07-14,conda/conda,4753,1,estimated
2022-07-14,mamba-org/mamba,3378,8,estimated
2022-07-15,conda/conda,4755,2,estimated
2022-07-15,mamba-org/mamba,3382,4,estimated
2022-07-16,conda/conda,4757,2,estimated
2022-07-16,mamba-org/mamba,3386,4,estimated
2022-07-17,conda/conda,4762,5,estimated
2022-07-17,mamba-org/mamba,3393,7,estimated
2022-07-18,conda/conda,4764,2,estimated
2022-07-18,mamba-org/mamba,3394,1,estimated
2022-07-19,conda/conda,4765,1,estimated
2022-07-19,mamba-org/mamba,3399,5,estimated
2022-07-20,conda/conda,4770,5,estimated
2022-07-20,mamba-org/mamba,3406,7,estimated
2022-07-21,conda/conda,4773,3,estimated
2022-07-21,mamba-org/mamba,3413,7,estimated
2022-07-22,conda/conda,4773,0,estimated
2022-07-22,mamba-org/mamba,3415,2,estimated
2022-07-23,conda/conda,4773,0,estimated
2022-07-23,mamba-org/mamba,3416,1,estimated
2022-07-24,conda/conda,4774,1,estimated
2022-07-24,mamba-org/mamba,3419,3,estimated
2022-07-25,conda/conda,4779,5,estimated
2022-07-25,mamba-org/mamba,3424,5,estimated
2022-07-26,conda/conda,4783,4,estimated
2022-07-26,mamba-org/mamba,3430,6,estimated
2022-07-27,conda/conda,4784,1,estimated
2022-07-27,mamba-org/mamba,3437,7,estimated
2022-07-28,conda/conda,4786,2,estimated
2022-07-28,mamba-org/mamba,3443,6,estimated
2022-07-29,conda/conda,4788,2,estimated
2022-07-29,mamba-org/mamba,3446,3,estimated
2022-07-30,conda/conda,4790,2,estimated
2022-07-30,mamba-org/mamba,3448,2,estimated
2022-07-31,conda/conda,4793,3,estimated
2022-07-31,mamba-org/mamba,3452,4,estimated
2022-08-01,conda/conda,4793,0,estimated
2022-08-01,mamba-org/mamba,3453,1,estimated
2022-08-02,conda/conda,4795,2,estimated
2022-08-02,mamba-org/mamba,3457,4,estimated
2022-08-03,conda/conda,4797,2,estimated
2022-08-03,mamba-org/mamba,3464,7,estimated
2022-08-04,conda/conda,4798,1,estimated
2022-08-04,mamba-org/mamba,3469,5,estimated
2022-08-05,conda/conda,4799,1,estimated
2022-08-05,mamba-org/mamba,3472,3,estimated
2022-08-06,conda/conda,4800,1,estimated
2022-08-06,mamba-org/mamba,3474,2,estimated
2022-08-07,conda/conda,4805,5,estimated
2022-08-07,mamba-org/mamba,3478,4,estimated
2022-08-08,conda/conda,4806,1,estimated
2022-08-08,mamba-org/mamba,3482,4,estimated
2022-08-09,conda/conda,4806,0,estimated
2022-08-09,mamba-org/mamba,3486,4,estimated
2022-08-10,conda/conda,4806,0,estimated
2022-08-10,mamba-org/mamba,3493,7,estimated
2022-08-11,conda/conda,4806,0,estimated
2022-08-11,mamba-org/mamba,3498,5,estimated
2022-08-12,conda/conda,4806,0,estimated
2022-08-12,mamba-org/mamba,3505,7,estimated
2022-08-13,conda/conda,4807,1,estimated
2022-08-13,mamba-org/mamba,3509,4,estimated
2022-08-14,conda/conda,4811,4,estimated
2022-08-14,mamba-org/mamba,3510,1,estimated
2022-08-15,conda/conda,4812,1,estimated
2022-08-15,mamba-org/mamba,3516,6,estimated
2022-08-16,conda/conda,4814,2,estimated
2022-08-16,mamba-org/mamba,3519,3,estimated
2022-08-17,conda/conda,4818,4,estimated
2022-08-17,mamba-org/mamba,3524,5,estimated
2022-08-18,conda/conda,4819,1,estimated
2022-08-18,mamba-org/mamba,3532,8,estimated
2022-08-19,conda/conda,4820,1,estimated
2022-08-19,mamba-org/mamba,3532,0,estimated
2022-08-20,conda/conda,4821,1,estimated
2022-08-20,mamba-org/mamba,3532,0,wayback
2022-08-21,conda/conda,4825,4,estimated
2022-08-21,mamba-org/mamba,3533,1,estimated
2022-08-22,conda/conda,4830,5,estimated
2022-08-22,mamba-org/mamba,3538,5,estimated
2022-08-23,conda/conda,4834,4,estimated
2022-08-23,mamba-org/mamba,3544,6,estimated
2022-08-24,conda/conda,4837,3,estimated
2022-08-24,mamba-org/mamba,3550,6,estimated
2022-08-25,conda/conda,4840,3,estimated
2022-08-25,mamba-org/mamba,3551,1,estimated
2022-08-26,conda/conda,4842,2,estimated
2022-08-26,mamba-org/mamba,3557,6,estimated
2022-08-27,conda/conda,4844,2,estimated
2022-08-27,mamba-org/mamba,3558,1,estimated
2022-08-28,conda/conda,4845,1,estimated
2022-08-28,mamba-org/mamba,3558,0,estimated
2022-08-29,conda/conda,4849,4,estimated
2022-08-29,mamba-org/mamba,3562,4,estimated
2022-08-30,conda/conda,4851,2,wayback
2022-08-30,mamba-org/mamba,3564,2,estimated
2022-08-31,conda/conda,4852,1,estimated
2022-08-31,mamba-org/mamba,3571,7,estimated
2022-09-01,conda/conda,4853,1,estimated
2022-09-01,mamba-org/mamba,3578,7,wayback
2022-09-02,conda/conda,4854,1,estimated
2022-09-02,mamba-org/mamba,3582,4,estimated
2022-09-03,conda/conda,4854,0,estimated
2022-09-03,mamba-org/mamba,3583,1,estimated
2022-09-04,conda/conda,4855,1,estimated
2022-09-04,mamba-org/mamba,3587,4,estimated
2022-09-05,conda/conda,4855,0,estimated
2022-09-05,mamba-org/mamba,3592,5,estimated
2022-09-06,conda/conda,4859,4,wayback
2022-09-06,mamba-org/mamba,3598,6,estimated
2022-09-07,conda/conda,4860,1,estimated
2022-09-07,mamba-org/mamba,3603,5,estimated
2022-09-08,conda/conda,4864,4,estimated
2022-09-08,mamba-org/mamba,3606,3,estimated
2022-09-09,conda/conda,4864,0,estimated
2022-09-09,mamba-org/mamba,3614,8,estimated
2022-09-10,conda/conda,4868,4,estimated
2022-09-10,mamba-org/mamba,3615,1,estimated
2022-09-11,conda/conda,4869,1,estimated
2022-09-11,mamba-org/mamba,3617,2,estimated
2022-09-12,conda/conda,4870,1,estimated
2022-09-12,mamba-org/mamba,3619,2,estimated
2022-09-13,conda/conda,4874,4,estimated
2022-09-13,mamba-org/mamba,3621,2,estimated
2022-09-14,conda/conda,4875,1,estimated
2022-09-14,mamba-org/mamba,3628,7,estimated
2022-09-15,conda/conda,4878,3,estimated
2022-09-15,mamba-org/mamba,3629,1,estimated
2022-09-16,conda/conda,4879,1,estimated
2022-09-16,mamba-org/mamba,3632,3,estimated
2022-09-17,conda/conda,4879,0,estimated
2022-09-17,mamba-org/mamba,3640,8,estimated
2022-09-18,conda/conda,4880,1,estimated
2022-09-18,mamba-org/mamba,3644,4,estimated
2022-09-19,conda/conda,4881,1,estimated
2022-09-19,mamba-org/mamba,3649,5,estimated
2022-09-20,conda/conda,4881,0,estimated
2022-09-20,mamba-org/mamba,3650,1,estimated
2022-09-21,conda/conda,4881,0,estimated
2022-09-21,mamba-org/mamba,3656,6,estimated
2022-09-22,conda/conda,4882,1,estimated
2022-09-22,mamba-org/mamba,3657,1,estimated
2022-09-23,conda/conda,4882,0,estimated
2022-09-23,mamba-org/mamba,3663,6,estimated
2022-09-24,conda/conda,4882,0,estimated
2022-09-24,mamba-org/mamba,3666,3,estimated
2022-09-25,conda/conda,4882,0,estimated
2022-09-25,mamba-org/mamba,3668,2,estimated
2022-09-26,conda/conda,4882,0,estimated
2022-09-26,mamba-org/mamba,3675,7,estimated
2022-09-27,conda/conda,4884,2,estimated
2022-09-27,mamba-org/mamba,3680,5,estimated
2022-09-28,conda/conda,4889,5,estimated
2022-09-28,mamba-org/mamba,3690,10,estimated
2022-09-29,conda/conda,4889,0,estimated
2022-09-29,mamba-org/mamba,3695,5,estimated
2022-09-30,conda/conda,4891,2,estimated
2022-09-30,mamba-org/mamba,3695,0,estimated
2022-10-01,conda/conda,4893,2,estimated
2022-10-01,mamba-org/mamba,3699,4,estimated
2022-10-02,conda/conda,4895,2,estimated
2022-10-02,mamba-org/mamba,3703,4,estimated
2022-10-03,conda/conda,4897,2,estimated
2022-10-03,mamba-org/mamba,3703,0,estimated
2022-10-04,conda/conda,4898,1,estimated
2022-10-04,mamba-org/mamba,3707,4,estimated
2022-10-05,conda/conda,4903,5,estimated
2022-10-05,mamba-org/mamba,3709,2,estimated
2022-10-06,conda/conda,4904,1,estimated
2022-10-06,mamba-org/mamba,3714,5,estimated
2022-10-07,conda/conda,4906,2,estimated
2022-10-07,mamba-org/mamba,3722,8,estimated
2022-10-08,conda/conda,4909,3,estimated
2022-10-08,mamba-org/mamba,3726,4,estimated
2022-10-09,conda/conda,4909,0,estimated
2022-10-09,mamba-org/mamba,3732,6,wayback
2022-10-10,conda/conda,4913,4,wayback
2022-10-10,mamba-org/mamba,3735,3,estimated
2022-10-11,conda/conda,4916,3,estimated
2022-10-11,mamba-org/mamba,3740,5,estimated
2022-10-12,conda/conda,4916,0,estimated
2022-10-12,mamba-org/mamba,3749,9,estimated
2022-10-13,conda/conda,4918,2,estimated
2022-10-13,mamba-org/mamba,3751,2,estimated
2022-10-14,conda/conda,4920,2,estimated
2022-10-14,mamba-org/mamba,3753,2,estimated
2022-10-15,conda/conda,4921,1,estimated
2022-10-15,mamba-org/mamba,3755,2,estimated
2022-10-16,conda/conda,4922,1,estimated
2022-10-16,mamba-org/mamba,3756,1,estimated
2022-10-17,conda/conda,4925,3,estimated
2022-10-17,mamba-org/mamba,3761,5,estimated
2022-10-18,conda/conda,4926,1,estimated
2022-10-18,mamba-org/mamba,3769,8,estimated
2022-10-19,conda/conda,4927,1,estimated
2022-10-19,mamba-org/mamba,3773,4,estimated
2022-10-20,conda/conda,4930,3,estimated
2022-10-20,mamba-org/mamba,3773,0,estimated
2022-10-21,conda/conda,4931,1,estimated
2022-10-21,mamba-org/mamba,3776,3,estimated
2022-10-22,conda/conda,4931,0,estimated
2022-10-22,mamba-org/mamba,3778,2,estimated
2022-10-23,conda/conda,4931,0,estimated
2022-10-23,mamba-org/mamba,3779,1,estimated
2022-10-24,conda/conda,4934,3,estimated
2022-10-24,mamba-org/mamba,3784,5,estimated
2022-10-25,conda/conda,4935,1,estimated
2022-10-25,mamba-org/mamba,3790,6,estimated
2022-10-26,conda/conda,4936,1,estimated
2022-10-26,mamba-org/mamba,3794,4,estimated
2022-10-27,conda/conda,4940,4,estimated
2022-10-27,mamba-org/mamba,3798,4,estimated
2022-10-28,conda/conda,4943,3,estimated
2022-10-28,mamba-org/mamba,3801,3,estimated
2022-10-29,conda/conda,4944,1,estimated
2022-10-29,mamba-org/mamba,3803,2,estimated
2022-10-30,conda/conda,4946,2,estimated
2022-10-30,mamba-org/mamba,3808,5,estimated
2022-10-31,conda/conda,4950,4,estimated
2022-10-31,mamba-org/mamba,3814,6,estimated
2022-11-01,conda/conda,4951,1,estimated
2022-11-01,mamba-org/mamba,3819,5,estimated
2022-11-02,conda/conda,4952,1,estimated
2022-11-02,mamba-org/mamba,3824,5,estimated
2022-11-03,conda/conda,4955,3,estimated
2022-11-03,mamba-org/mamba,3830,6,estimated
2022-11-04,conda/conda,4957,2,estimated
2022-11-04,mamba-org/mamba,3834,4,estimated
2022-11-05,conda/conda,4960,3,estimated
2022-11-05,mamba-org/mamba,3838,4,estimated
2022-11-06,conda/conda,4964,4,estimated
2022-11-06,mamba-org/mamba,3841,3,estimated
2022-11-07,conda/conda,4966,2,estimated
2022-11-07,mamba-org/mamba,3847,6,wayback
2022-11-08,conda/conda,4968,2,estimated
2022-11-08,mamba-org/mamba,3853,6,estimated
2022-11-09,conda/conda,4970,2,estimated
2022-11-09,mamba-org/mamba,3860,7,estimated
2022-11-10,conda/conda,4970,0,estimated
2022-11-10,mamba-org/mamba,3866,6,estimated
2022-11-11,conda/conda,4975,5,estimated
2022-11-11,mamba-org/mamba,3868,2,estimated
2022-11-12,conda/conda,4976,1,estimated
2022-11-12,mamba-org/mamba,3868,0,estimated
2022-11-13,conda/conda,4977,1,estimated
2022-11-13,mamba-org/mamba,3869,1,estimated
2022-11-14,conda/conda,4979,2,estimated
2022-11-14,mamba-org/mamba,3874,5,estimated
2022-11-15,conda/conda,4980,1,estimated
2022-11-15,mamba-org/mamba,3876,2,estimated
2022-11-16,conda/conda,4985,5,estimated
2022-11-16,mamba-org/mamba,3882,6,estimated
2022-11-17,conda/conda,4989,4,estimated
2022-11-17,mamba-org/mamba,3886,4,estimated
2022-11-18,conda/conda,4990,1,wayback
2022-11-18,mamba-org/mamba,3888,2,estimated
2022-11-19,conda/conda,4991,1,estimated
2022-11-19,mamba-org/mamba,3889,1,estimated
2022-11-20,conda/conda,4991,0,estimated
2022-11-20,mamba-org/mamba,3896,7,estimated
2022-11-21,conda/conda,4992,1,estimated
2022-11-21,mamba-org/mamba,3897,1,estimated
2022-11-22,conda/conda,4995,3,estimated
2022-11-22,mamba-org/mamba,3903,6,estimated
2022-11-23,conda/conda,4996,1,estimated
2022-11-23,mamba-org/mamba,3904,1,estimated
2022-11-24,conda/conda,5000,4,estimated
2022-11-24,mamba-org/mamba,3907,3,estimated
2022-11-25,conda/conda,5002,2,estimated
2022-11-25,mamba-org/mamba,3910,3,estimated
2022-11-26,conda/conda,5005,3,estimated
2022-11-26,mamba-org/mamba,3913,3,estimated
2022-11-27,conda/conda,5005,0,estimated
2022-11-27,mamba-org/mamba,3916,3,estimated
2022-11-28,conda/conda,5005,0,estimated
2022-11-28,mamba-org/mamba,3919,3,estimated
2022-11-29,conda/conda,5008,3,estimated
2022-11-29,mamba-org/mamba,3921,2,estimated
2022-11-30,conda/conda,5009,1,estimated
2022-11-30,mamba-org/mamba,3925,4,estimated
2022-12-01,conda/conda,5010,1,estimated
2022-12-01,mamba-org/mamba,3928,3,estimated
2022-12-02,conda/conda,5012,2,estimated
2022-12-02,mamba-org/mamba,3931,3,wayback
2022-12-03,conda/conda,5015,3,wayback
2022-12-03,mamba-org/mamba,3934,3,estimated
2022-12-04,conda/conda,5019,4,estimated
2022-12-04,mamba-org/mamba,3938,4,estimated
2022-12-05,conda/conda,5019,0,estimated
2022-12-05,mamba-org/mamba,3940,2,estimated
2022-12-06,conda/conda,5024,5,estimated
2022-12-06,mamba-org/mamba,3945,5,estimated
2022-12-07,conda/conda,5026,2,estimated
2022-12-07,mamba-org/mamba,3951,6,estimated
2022-12-08,conda/conda,5026,0,estimated
2022-12-08,mamba-org/mamba,3960,9,estimated
2022-12-09,conda/conda,5029,3,estimated
2022-12-09,mamba-org/mamba,3962,2,estimated
2022-12-10,conda/conda,5034,5,estimated
2022-12-10,mamba-org/mamba,3966,4,estimated
2022-12-11,conda/conda,5036,2,estimated
2022-12-11,mamba-org/mamba,3969,3,estimated
2022-12-12,conda/conda,5037,1,estimated
2022-12-12,mamba-org/mamba,3971,2,estimated
2022-12-13,conda/conda,5039,2,estimated
2022-12-13,mamba-org/mamba,3975,4,estimated
2022-12-14,conda/conda,5042,3,estimated
2022-12-14,mamba-org/mamba,3983,8,estimated
2022-12-15,conda/conda,5044,2,estimated
2022-12-15,mamba-org/mamba,3987,4,estimated
2022-12-16,conda/conda,5045,1,estimated
2022-12-16,mamba-org/mamba,3988,1,estimated
2022-12-17,conda/conda,5047,2,estimated
2022-12-17,mamba-org/mamba,3993,5,estimated
2022-12-18,conda/conda,5048,1,estimated
2022-12-18,mamba-org/mamba,3996,3,estimated
2022-12-19,conda/conda,5051,3,estimated
2022-12-19,mamba-org/mamba,4000,4,estimated
2022-12-20,conda/conda,5055,4,estimated
2022-12-20,mamba-org/mamba,4003,3,estimated
2022-12-21,conda/conda,5056,1,estimated
2022-12-21,mamba-org/mamba,4005,2,estimated
2022-12-22,conda/conda,5059,3,estimated
2022-12-22,mamba-org/mamba,4009,4,estimated
2022-12-23,conda/conda,5060,1,estimated
2022-12-23,mamba-org/mamba,4010,1,estimated
2022-12-24,conda/conda,5061,1,estimated
2022-12-24,mamba-org/mamba,4012,2,estimated
2022-12-25,conda/conda,5062,1,estimated
2022-12-25,mamba-org/mamba,4013,1,estimated
2022-12-26,conda/conda,5062,0,estimated
2022-12-26,mamba-org/mamba,4015,2,estimated
2022-12-27,conda/conda,5070,8,estimated
2022-12-27,mamba-org/mamba,4016,1,estimated
2022-12-28,conda/conda,5070,0,estimated
2022-12-28,mamba-org/mamba,4020,4,estimated
2022-12-29,conda/conda,5070,0,estimated
2022-12-29,mamba-org/mamba,4023,3,estimated
2022-12-30,conda/conda,5072,2,estimated
2022-12-30,mamba-org/mamba,4026,3,estimated
2022-12-31,conda/conda,5074,2,estimated
2022-12-31,mamba-org/mamba,4026,0,estimated
2023-01-01,conda/conda,5074,0,estimated
2023-01-01,mamba-org/mamba,4030,4,estimated
2023-01-02,conda/conda,5077,3,estimated
2023-01-02,mamba-org/mamba,4034,4,estimated
2023-01-03,conda/conda,5078,1,estimated
2023-01-03,mamba-org/mamba,4036,2,estimated
2023-01-04,conda/conda,5082,4,estimated
2023-01-04,mamba-org/mamba,4038,2,estimated
2023-01-05,conda/conda,5086,4,estimated
2023-01-05,mamba-org/mamba,4042,4,estimated
2023-01-06,conda/conda,5088,2,wayback
2023-01-06,mamba-org/mamba,4048,6,estimated
2023-01-07,conda/conda,5090,2,estimated
2023-01-07,mamba-org/mamba,4051,3,estimated
2023-01-08,conda/conda,5091,1,estimated
2023-01-08,mamba-org/mamba,4055,4,estimated
2023-01-09,conda/conda,5093,2,estimated
2023-01-09,mamba-org/mamba,4062,7,estimated
2023-01-10,conda/conda,5093,0,estimated
2023-01-10,mamba-org/mamba,4072,10,estimated
2023-01-11,conda/conda,5095,2,estimated
2023-01-11,mamba-org/mamba,4074,2,wayback
2023-01-12,conda/conda,5097,2,estimated
2023-01-12,mamba-org/mamba,4076,2,estimated
2023-01-13,conda/conda,5097,0,estimated
2023-01-13,mamba-org/mamba,4079,3,estimated
2023-01-14,conda/conda,5099,2,estimated
2023-01-14,mamba-org/mamba,4080,1,estimated
2023-01-15,conda/conda,5099,0,estimated
2023-01-15,mamba-org/mamba,4082,2,estimated
2023-01-16,conda/conda,5099,0,estimated
2023-01-16,mamba-org/mamba,4083,1,estimated
2023-01-17,conda/conda,5103,4,estimated
2023-01-17,mamba-org/mamba,4086,3,estimated
2023-01-18,conda/conda,5105,2,estimated
2023-01-18,mamba-org/mamba,4089,3,estimated
2023-01-19,conda/conda,5107,2,estimated
2023-01-19,mamba-org/mamba,4093,4,estimated
2023-01-20,conda/conda,5108,1,estimated
2023-01-20,mamba-org/mamba,4093,0,estimated
2023-01-21,conda/conda,5112,4,estimated
2023-01-21,mamba-org/mamba,4095,2,estimated
2023-01-22,conda/conda,5112,0,estimated
2023-01-22,mamba-org/mamba,4097,2,estimated
2023-01-23,conda/conda,5112,0,estimated
2023-01-23,mamba-org/mamba,4098,1,estimated
2023-01-24,conda/conda,5114,2,estimated
2023-01-24,mamba-org/mamba,4100,2,estimated
2023-01-25,conda/conda,5115,1,estimated
2023-01-25,mamba-org/mamba,4107,7,estimated
2023-01-26,conda/conda,5116,1,estimated
2023-01-26,mamba-org/mamba,4112,5,estimated
2023-01-27,conda/conda,5118,2,estimated
2023-01-27,mamba-org/mamba,4117,5,estimated
2023-01-28,conda/conda,5121,3,estimated
2023-01-28,mamba-org/mamba,4121,4,estimated
2023-01-29,conda/conda,5124,3,estimated
2023-01-29,mamba-org/mamba,4121,0,estimated
2023-01-30,conda/conda,5125,1,estimated
2023-01-30,mamba-org/mamba,4125,4,estimated
2023-01-31,conda/conda,5127,2,estimated
2023-01-31,mamba-org/mamba,4128,3,estimated
2023-02-01,conda/conda,5130,3,estimated
2023-02-01,mamba-org/mamba,4132,4,estimated
2023-02-02,conda/conda,5133,3,estimated
2023-02-02,mamba-org/mamba,4136,4,estimated
2023-02-03,conda/conda,5134,1,estimated
2023-02-03,mamba-org/mamba,4142,6,estimated
2023-02-04,conda/conda,5135,1,estimated
2023-02-04,mamba-org/mamba,4147,5,estimated
2023-02-05,conda/conda,5139,4,estimated
2023-02-05,mamba-org/mamba,4152,5,estimated
2023-02-06,conda/conda,5140,1,estimated
2023-02-06,mamba-org/mamba,4160,8,estimated
2023-02-07,conda/conda,5140,0,estimated
2023-02-07,mamba-org/mamba,4164,4,estimated
2023-02-08,conda/conda,5142,2,estimated
2023-02-08,mamba-org/mamba,4169,5,wayback
2023-02-09,conda/conda,5144,2,estimated
2023-02-09,mamba-org/mamba,4172,3,estimated
2023-02-10,conda/conda,5145,1,estimated
2023-02-10,mamba-org/mamba,4180,8,estimated
2023-02-11,conda/conda,5148,3,estimated
2023-02-11,mamba-org/mamba,4184,4,estimated
2023-02-12,conda/conda,5154,6,estimated
2023-02-12,mamba-org/mamba,4188,4,estimated
2023-02-13,conda/conda,5157,3,estimated
2023-02-13,mamba-org/mamba,4192,4,estimated
2023-02-14,conda/conda,5158,1,estimated
2023-02-14,mamba-org/mamba,4195,3,estimated
2023-02-15,conda/conda,5159,1,estimated
2023-02-15,mamba-org/mamba,4200,5,estimated
2023-02-16,conda/conda,5165,6,estimated
2023-02-16,mamba-org/mamba,4203,3,estimated
2023-02-17,conda/conda,5167,2,estimated
2023-02-17,mamba-org/mamba,4206,3,estimated
2023-02-18,conda/conda,5168,1,estimated
2023-02-18,mamba-org/mamba,4210,4,estimated
2023-02-19,conda/conda,5169,1,estimated
2023-02-19,mamba-org/mamba,4212,2,estimated
2023-02-20,conda/conda,5173,4,estimated
2023-02-20,mamba-org/mamba,4218,6,estimated
2023-02-21,conda/conda,5173,0,estimated
2023-02-21,mamba-org/mamba,4221,3,estimated
2023-02-22,conda/conda,5176,3,estimated
2023-02-22,mamba-org/mamba,4226,5,estimated
2023-02-23,conda/conda,5180,4,estimated
2023-02-23,mamba-org/mamba,4237,11,estimated
2023-02-24,conda/conda,5181,1,estimated
2023-02-24,mamba-org/mamba,4240,3,estimated
2023-02-25,conda/conda,5182,1,estimated
2023-02-25,mamba-org/mamba,4245,5,estimated
2023-02-26,conda/conda,5184,2,estimated
2023-02-26,mamba-org/mamba,4250,5,estimated
2023-02-27,conda/conda,5185,1,estimated
2023-02-27,mamba-org/mamba,4256,6,estimated
2023-02-28,conda/conda,5186,1,estimated
2023-02-28,mamba-org/mamba,4263,7,estimated
2023-03-01,conda/conda,5188,2,estimated
2023-03-01,mamba-org/mamba,4265,2,estimated
2023-03-02,conda/conda,5192,4,estimated
2023-03-02,mamba-org/mamba,4271,6,estimated
2023-03-03,conda/conda,5195,3,estimated
2023-03-03,mamba-org/mamba,4276,5,estimated
2023-03-04,conda/conda,5196,1,estimated
2023-03-04,mamba-org/mamba,4279,3,estimated
2023-03-05,conda/conda,5199,3,estimated
2023-03-05,mamba-org/mamba,4279,0,estimated
2023-03-06,conda/conda,5200,1,estimated
2023-03-06,mamba-org/mamba,4286,7,estimated
2023-03-07,conda/conda,5200,0,estimated
2023-03-07,mamba-org/mamba,4288,2,estimated
2023-03-08,conda/conda,5204,4,estimated
2023-03-08,mamba-org/mamba,4297,9,estimated
2023-03-09,conda/conda,5207,3,estimated
2023-03-09,mamba-org/mamba,4301,4,estimated
2023-03-10,conda/conda,5210,3,estimated
2023-03-10,mamba-org/mamba,4305,4,estimated
2023-03-11,conda/conda,5214,4,estimated
2023-03-11,mamba-org/mamba,4306,1,estimated
2023-03-12,conda/conda,5218,4,estimated
2023-03-12,mamba-org/mamba,4309,3,wayback
2023-03-13,conda/conda,5223,5,estimated
2023-03-13,mamba-org/mamba,4312,3,estimated
2023-03-14,conda/conda,5229,6,estimated
2023-03-14,mamba-org/mamba,4316,4,estimated
2023-03-15,conda/conda,5232,3,estimated
2023-03-15,mamba-org/mamba,4320,4,estimated
2023-03-16,conda/conda,5236,4,estimated
2023-03-16,mamba-org/mamba,4327,7,estimated
2023-03-17,conda/conda,5240,4,estimated
2023-03-17,mamba-org/mamba,4330,3,estimated
2023-03-18,conda/conda,5245,5,estimated
2023-03-18,mamba-org/mamba,4332,2,estimated
2023-03-19,conda/conda,5249,4,estimated
2023-03-19,mamba-org/mamba,4341,9,estimated
2023-03-20,conda/conda,5253,4,estimated
2023-03-20,mamba-org/mamba,4343,2,estimated
2023-03-21,conda/conda,5255,2,estimated
2023-03-21,mamba-org/mamba,4348,5,estimated
2023-03-22,conda/conda,5260,5,estimated
2023-03-22,mamba-org/mamba,4358,10,estimated
2023-03-23,conda/conda,5262,2,estimated
2023-03-23,mamba-org/mamba,4375,17,estimated
2023-03-24,conda/conda,5265,3,wayback
2023-03-24,mamba-org/mamba,4380,5,estimated
2023-03-25,conda/conda,5268,3,estimated
2023-03-25,mamba-org/mamba,4380,0,estimated
2023-03-26,conda/conda,5274,6,estimated
2023-03-26,mamba-org/mamba,4381,1,estimated
2023-03-27,conda/conda,5280,6,estimated
2023-03-27,mamba-org/mamba,4387,6,estimated
2023-03-28,conda/conda,5283,3,estimated
2023-03-28,mamba-org/mamba,4402,15,estimated
2023-03-29,conda/conda,5288,5,estimated
2023-03-29,mamba-org/mamba,4408,6,estimated
2023-03-30,conda/conda,5292,4,estimated
2023-03-30,mamba-org/mamba,4416,8,estimated
2023-03-31,conda/conda,5293,1,estimated
2023-03-31,mamba-org/mamba,4419,3,estimated
2023-04-01,conda/conda,5295,2,estimated
2023-04-01,mamba-org/mamba,4423,4,estimated
2023-04-02,conda/conda,5297,2,estimated
2023-04-02,mamba-org/mamba,4428,5,estimated
2023-04-03,conda/conda,5298,1,estimated
2023-04-03,mamba-org/mamba,4438,10,wayback
2023-04-04,conda/conda,5303,5,estimated
2023-04-04,mamba-org/mamba,4446,8,estimated
2023-04-05,conda/conda,5310,7,estimated
2023-04-05,mamba-org/mamba,4451,5,estimated
2023-04-06,conda/conda,5314,4,estimated
2023-04-06,mamba-org/mamba,4459,8,estimated
2023-04-07,conda/conda,5319,5,estimated
2023-04-07,mamba-org/mamba,4466,7,estimated
2023-04-08,conda/conda,5326,7,estimated
2023-04-08,mamba-org/mamba,4475,9,estimated
2023-04-09,conda/conda,5329,3,estimated
2023-04-09,mamba-org/mamba,4478,3,estimated
2023-04-10,conda/conda,5333,4,estimated
2023-04-10,mamba-org/mamba,4485,7,estimated
2023-04-11,conda/conda,5335,2,estimated
2023-04-11,mamba-org/mamba,4496,11,estimated
2023-04-12,conda/conda,5345,10,estimated
2023-04-12,mamba-org/mamba,4503,7,estimated
2023-04-13,conda/conda,5346,1,wayback
2023-04-13,mamba-org/mamba,4505,2,estimated
2023-04-14,conda/conda,5350,4,estimated
2023-04-14,mamba-org/mamba,4508,3,estimated
2023-04-15,conda/conda,5352,2,estimated
2023-04-15,mamba-org/mamba,4509,1,estimated
2023-04-16,conda/conda,5354,2,estimated
2023-04-16,mamba-org/mamba,4514,5,estimated
2023-04-17,conda/conda,5360,6,estimated
2023-04-17,mamba-org/mamba,4519,5,estimated
2023-04-18,conda/conda,5362,2,estimated
2023-04-18,mamba-org/mamba,4525,6,estimated
2023-04-19,conda/conda,5366,4,estimated
2023-04-19,mamba-org/mamba,4533,8,estimated
2023-04-20,conda/conda,5369,3,estimated
2023-04-20,mamba-org/mamba,4539,6,estimated
2023-04-21,conda/conda,5369,0,estimated
2023-04-21,mamba-org/mamba,4541,2,estimated
2023-04-22,conda/conda,5374,5,estimated
2023-04-22,mamba-org/mamba,4550,9,estimated
2023-04-23,conda/conda,5375,1,estimated
2023-04-23,mamba-org/mamba,4555,5,estimated
2023-04-24,conda/conda,5378,3,estimated
2023-04-24,mamba-org/mamba,4561,6,estimated
2023-04-25,conda/conda,5379,1,estimated
2023-04-25,mamba-org/mamba,4569,8,estimated
2023-04-26,conda/conda,5382,3,estimated
2023-04-26,mamba-org/mamba,4579,10,estimated
2023-04-27,conda/conda,5386,4,estimated
2023-04-27,mamba-org/mamba,4582,3,estimated
2023-04-28,conda/conda,5387,1,estimated
2023-04-28,mamba-org/mamba,4587,5,estimated
2023-04-29,conda/conda,5392,5,estimated
2023-04-29,mamba-org/mamba,4588,1,estimated
2023-04-30,conda/conda,5397,5,estimated
2023-04-30,mamba-org/mamba,4592,4,estimated
2023-05-01,conda/conda,5398,1,estimated
2023-05-01,mamba-org/mamba,4596,4,estimated
2023-05-02,conda/conda,5402,4,estimated
2023-05-02,mamba-org/mamba,4598,2,estimated
2023-05-03,conda/conda,5403,1,estimated
2023-05-03,mamba-org/mamba,4603,5,estimated
2023-05-04,conda/conda,5406,3,estimated
2023-05-04,mamba-org/mamba,4607,4,estimated
2023-05-05,conda/conda,5408,2,estimated
2023-05-05,mamba-org/mamba,4610,3,estimated
2023-05-06,conda/conda,5410,2,estimated
2023-05-06,mamba-org/mamba,4612,2,estimated
2023-05-07,conda/conda,5411,1,estimated
2023-05-07,mamba-org/mamba,4619,7,estimated
2023-05-08,conda/conda,5412,1,estimated
2023-05-08,mamba-org/mamba,4622,3,estimated
2023-05-09,conda/conda,5417,5,estimated
2023-05-09,mamba-org/mamba,4626,4,estimated
2023-05-10,conda/conda,5420,3,estimated
2023-05-10,mamba-org/mamba,4635,9,estimated
2023-05-11,conda/conda,5423,3,estimated
2023-05-11,mamba-org/mamba,4640,5,estimated
2023-05-12,conda/conda,5424,1,estimated
2023-05-12,mamba-org/mamba,4643,3,estimated
2023-05-13,conda/conda,5427,3,estimated
2023-05-13,mamba-org/mamba,4649,6,estimated
2023-05-14,conda/conda,5429,2,estimated
2023-05-14,mamba-org/mamba,4652,3,estimated
2023-05-15,conda/conda,5433,4,estimated
2023-05-15,mamba-org/mamba,4656,4,estimated
2023-05-16,conda/conda,5437,4,estimated
2023-05-16,mamba-org/mamba,4660,4,estimated
2023-05-17,conda/conda,5440,3,estimated
2023-05-17,mamba-org/mamba,4663,3,estimated
2023-05-18,conda/conda,5444,4,wayback
2023-05-18,mamba-org/mamba,4668,5,estimated
2023-05-19,conda/conda,5445,1,estimated
2023-05-19,mamba-org/mamba,4672,4,estimated
2023-05-20,conda/conda,5446,1,estimated
2023-05-20,mamba-org/mamba,4673,1,estimated
2023-05-21,conda/conda,5449,3,estimated
2023-05-21,mamba-org/mamba,4679,6,estimated
2023-05-22,conda/conda,5449,0,estimated
2023-05-22,mamba-org/mamba,4683,4,estimated
2023-05-23,conda/conda,5451,2,estimated
2023-05-23,mamba-org/mamba,4691,8,estimated
2023-05-24,conda/conda,5454,3,estimated
2023-05-24,mamba-org/mamba,4693,2,wayback
2023-05-25,conda/conda,5456,2,estimated
2023-05-25,mamba-org/mamba,4701,8,estimated
2023-05-26,conda/conda,5459,3,estimated
2023-05-26,mamba-org/mamba,4707,6,estimated
2023-05-27,conda/conda,5464,5,estimated
2023-05-27,mamba-org/mamba,4713,6,estimated
2023-05-28,conda/conda,5466,2,estimated
2023-05-28,mamba-org/mamba,4719,6,estimated
2023-05-29,conda/conda,5469,3,estimated
2023-05-29,mamba-org/mamba,4724,5,estimated
2023-05-30,conda/conda,5472,3,estimated
2023-05-30,mamba-org/mamba,4733,9,estimated
2023-05-31,conda/conda,5473,1,estimated
2023-05-31,mamba-org/mamba,4745,12,estimated
2023-06-01,conda/conda,5476,3,estimated
2023-06-01,mamba-org/mamba,4749,4,estimated
2023-06-02,conda/conda,5479,3,estimated
2023-06-02,mamba-org/mamba,4754,5,estimated
2023-06-03,conda/conda,5479,0,estimated
2023-06-03,mamba-org/mamba,4759,5,estimated
2023-06-04,conda/conda,5480,1,estimated
2023-06-04,mamba-org/mamba,4764,5,estimated
2023-06-05,conda/conda,5483,3,estimated
2023-06-05,mamba-org/mamba,4766,2,estimated
2023-06-06,conda/conda,5488,5,estimated
2023-06-06,mamba-org/mamba,4768,2,estimated
2023-06-07,conda/conda,5490,2,estimated
2023-06-07,mamba-org/mamba,4775,7,estimated
2023-06-08,conda/conda,5493,3,estimated
2023-06-08,mamba-org/mamba,4777,2,estimated
2023-06-09,conda/conda,5496,3,wayback
2023-06-09,mamba-org/mamba,4781,4,estimated
2023-06-09,prefix-dev/pixi,5,5,estimated
2023-06-10,conda/conda,5496,0,estimated
2023-06-10,mamba-org/mamba,4785,4,estimated
2023-06-10,prefix-dev/pixi,11,6,estimated
2023-06-11,conda/conda,5496,0,estimated
2023-06-11,mamba-org/mamba,4787,2,estimated
2023-06-11,prefix-dev/pixi,15,4,estimated
2023-06-12,conda/conda,5499,3,estimated
2023-06-12,mamba-org/mamba,4790,3,estimated
2023-06-12,prefix-dev/pixi,16,1,estimated
2023-06-13,conda/conda,5503,4,estimated
2023-06-13,mamba-org/mamba,4794,4,estimated
2023-06-13,prefix-dev/pixi,16,0,estimated
2023-06-14,conda/conda,5508,5,estimated
2023-06-14,mamba-org/mamba,4800,6,estimated
2023-06-14,prefix-dev/pixi,19,3,estimated
2023-06-15,conda/conda,5512,4,estimated
2023-06-15,mamba-org/mamba,4804,4,estimated
2023-06-15,prefix-dev/pixi,19,0,estimated
2023-06-16,conda/conda,5512,0,estimated
2023-06-16,mamba-org/mamba,4807,3,estimated
2023-06-16,prefix-dev/pixi,20,1,estimated
2023-06-17,conda/conda,5512,0,estimated
2023-06-17,mamba-org/mamba,4810,3,estimated
2023-06-17,prefix-dev/pixi,20,0,estimated
2023-06-18,conda/conda,5513,1,estimated
2023-06-18,mamba-org/mamba,4812,2,estimated
2023-06-18,prefix-dev/pixi,22,2,estimated
2023-06-19,conda/conda,5513,0,estimated
2023-06-19,mamba-org/mamba,4813,1,estimated
2023-06-19,prefix-dev/pixi,23,1,estimated
2023-06-20,conda/conda,5514,1,estimated
2023-06-20,mamba-org/mamba,4816,3,estimated
2023-06-20,prefix-dev/pixi,24,1,estimated
2023-06-21,conda/conda,5516,2,estimated
2023-06-21,mamba-org/mamba,4819,3,estimated
2023-06-21,prefix-dev/pixi,24,0,estimated
2023-06-22,conda/conda,5520,4,estimated
2023-06-22,mamba-org/mamba,4822,3,estimated
2023-06-22,prefix-dev/pixi,25,1,estimated
2023-06-23,conda/conda,5520,0,estimated
2023-06-23,mamba-org/mamba,4825,3,estimated
2023-06-23,prefix-dev/pixi,26,1,estimated
2023-06-24,conda/conda,5522,2,estimated
2023-06-24,mamba-org/mamba,4828,3,estimated
2023-06-24,prefix-dev/pixi,28,2,estimated
2023-06-25,conda/conda,5523,1,estimated
2023-06-25,mamba-org/mamba,4830,2,estimated
2023-06-25,prefix-dev/pixi,30,2,estimated
2023-06-26,conda/conda,5525,2,estimated
2023-06-26,mamba-org/mamba,4836,6,estimated
2023-06-26,prefix-dev/pixi,39,9,estimated
2023-06-27,conda/conda,5530,5,estimated
2023-06-27,mamba-org/mamba,4836,0,estimated
2023-06-27,prefix-dev/pixi,46,7,estimated
2023-06-28,conda/conda,5532,2,estimated
2023-06-28,mamba-org/mamba,4839,3,estimated
2023-06-28,prefix-dev/pixi,47,1,estimated
2023-06-29,conda/conda,5534,2,estimated
2023-06-29,mamba-org/mamba,4844,5,estimated
2023-06-29,prefix-dev/pixi,48,1,estimated
2023-06-30,conda/conda,5534,0,estimated
2023-06-30,mamba-org/mamba,4845,1,estimated
2023-06-30,prefix-dev/pixi,51,3,estimated
2023-07-01,conda/conda,5538,4,estimated
2023-07-01,mamba-org/mamba,4848,3,estimated
2023-07-01,prefix-dev/pixi,55,4,estimated
2023-07-02,conda/conda,5540,2,estimated
2023-07-02,mamba-org/mamba,4854,6,estimated
2023-07-02,prefix-dev/pixi,55,0,estimated
2023-07-03,conda/conda,5540,0,estimated
2023-07-03,mamba-org/mamba,4857,3,estimated
2023-07-03,prefix-dev/pixi,55,0,estimated
2023-07-04,conda/conda,5543,3,estimated
2023-07-04,mamba-org/mamba,4860,3,estimated
2023-07-04,prefix-dev/pixi,55,0,estimated
2023-07-05,conda/conda,5547,4,estimated
2023-07-05,mamba-org/mamba,4865,5,estimated
2023-07-05,prefix-dev/pixi,55,0,estimated
2023-07-06,conda/conda,5550,3,estimated
2023-07-06,mamba-org/mamba,4867,2,estimated
2023-07-06,prefix-dev/pixi,55,0,estimated
2023-07-07,conda/conda,5552,2,estimated
2023-07-07,mamba-org/mamba,4870,3,estimated
2023-07-07,prefix-dev/pixi,55,0,estimated
2023-07-08,conda/conda,5555,3,estimated
2023-07-08,mamba-org/mamba,4875,5,estimated
2023-07-08,prefix-dev/pixi,55,0,estimated
2023-07-09,conda/conda,5558,3,estimated
2023-07-09,mamba-org/mamba,4877,2,estimated
2023-07-09,prefix-dev/pixi,55,0,estimated
2023-07-10,conda/conda,5563,5,estimated
2023-07-10,mamba-org/mamba,4880,3,estimated
2023-07-10,prefix-dev/pixi,56,1,estimated
2023-07-11,conda/conda,5565,2,estimated
2023-07-11,mamba-org/mamba,4883,3,estimated
2023-07-11,prefix-dev/pixi,60,4,estimated
2023-07-12,conda/conda,5568,3,estimated
2023-07-12,mamba-org/mamba,4888,5,estimated
2023-07-12,prefix-dev/pixi,75,15,estimated
2023-07-13,conda/conda,5571,3,estimated
2023-07-13,mamba-org/mamba,4895,7,estimated
2023-07-13,prefix-dev/pixi,85,10,estimated
2023-07-14,conda/conda,5574,3,estimated
2023-07-14,mamba-org/mamba,4899,4,estimated
2023-07-14,prefix-dev/pixi,85,0,estimated
2023-07-15,conda/conda,5575,1,estimated
2023-07-15,mamba-org/mamba,4901,2,estimated
2023-07-15,prefix-dev/pixi,85,0,estimated
2023-07-16,conda/conda,5576,1,estimated
2023-07-16,mamba-org/mamba,4904,3,estimated
2023-07-16,prefix-dev/pixi,86,1,estimated
2023-07-17,conda/conda,5576,0,estimated
2023-07-17,mamba-org/mamba,4906,2,estimated
2023-07-17,prefix-dev/pixi,91,5,wayback
2023-07-18,conda/conda,5577,1,estimated
2023-07-18,mamba-org/mamba,4911,5,estimated
2023-07-18,prefix-dev/pixi,91,0,estimated
2023-07-19,conda/conda,5581,4,estimated
2023-07-19,mamba-org/mamba,4918,7,estimated
2023-07-19,prefix-dev/pixi,92,1,estimated
2023-07-20,conda/conda,5585,4,estimated
2023-07-20,mamba-org/mamba,4920,2,estimated
2023-07-20,prefix-dev/pixi,92,0,estimated
2023-07-21,conda/conda,5589,4,estimated
2023-07-21,mamba-org/mamba,4923,3,estimated
2023-07-21,prefix-dev/pixi,93,1,estimated
2023-07-22,conda/conda,5592,3,estimated
2023-07-22,mamba-org/mamba,4925,2,estimated
2023-07-22,prefix-dev/pixi,94,1,estimated
2023-07-23,conda/conda,5594,2,estimated
2023-07-23,mamba-org/mamba,4929,4,estimated
2023-07-23,prefix-dev/pixi,95,1,estimated
2023-07-24,conda/conda,5596,2,estimated
2023-07-24,mamba-org/mamba,4931,2,estimated
2023-07-24,prefix-dev/pixi,95,0,estimated
2023-07-25,conda/conda,5603,7,estimated
2023-07-25,mamba-org/mamba,4934,3,estimated
2023-07-25,prefix-dev/pixi,95,0,estimated
2023-07-26,conda/conda,5607,4,estimated
2023-07-26,mamba-org/mamba,4944,10,wayback
2023-07-26,prefix-dev/pixi,96,1,estimated
2023-07-27,conda/conda,5613,6,estimated
2023-07-27,mamba-org/mamba,4953,9,estimated
2023-07-27,prefix-dev/pixi,99,3,estimated
2023-07-28,conda/conda,5615,2,estimated
2023-07-28,mamba-org/mamba,4961,8,estimated
2023-07-28,prefix-dev/pixi,99,0,estimated
2023-07-29,conda/conda,5617,2,estimated
2023-07-29,mamba-org/mamba,4969,8,estimated
2023-07-29,prefix-dev/pixi,99,0,estimated
2023-07-30,conda/conda,5618,1,estimated
2023-07-30,mamba-org/mamba,4973,4,estimated
2023-07-30,prefix-dev/pixi,99,0,estimated
2023-07-31,conda/conda,5621,3,estimated
2023-07-31,mamba-org/mamba,4976,3,estimated
2023-07-31,prefix-dev/pixi,101,2,estimated
2023-08-01,conda/conda,5621,0,estimated
2023-08-01,mamba-org/mamba,4982,6,estimated
2023-08-01,prefix-dev/pixi,103,2,estimated
2023-08-02,conda/conda,5624,3,estimated
2023-08-02,mamba-org/mamba,4984,2,estimated
2023-08-02,prefix-dev/pixi,103,0,estimated
2023-08-03,conda/conda,5627,3,estimated
2023-08-03,mamba-org/mamba,4991,7,estimated
2023-08-03,prefix-dev/pixi,103,0,estimated
2023-08-04,conda/conda,5629,2,estimated
2023-08-04,mamba-org/mamba,4995,4,estimated
2023-08-04,prefix-dev/pixi,104,1,estimated
2023-08-05,conda/conda,5630,1,estimated
2023-08-05,mamba-org/mamba,4998,3,estimated
2023-08-05,prefix-dev/pixi,104,0,estimated
2023-08-06,conda/conda,5630,0,estimated
2023-08-06,mamba-org/mamba,4999,1,estimated
2023-08-06,prefix-dev/pixi,104,0,estimated
2023-08-07,conda/conda,5630,0,estimated
2023-08-07,mamba-org/mamba,5004,5,wayback
2023-08-07,prefix-dev/pixi,105,1,estimated
2023-08-08,conda/conda,5634,4,wayback
2023-08-08,mamba-org/mamba,5008,4,estimated
2023-08-08,prefix-dev/pixi,107,2,estimated
2023-08-09,conda/conda,5634,0,estimated
2023-08-09,mamba-org/mamba,5010,2,estimated
2023-08-09,prefix-dev/pixi,109,2,estimated
2023-08-10,conda/conda,5636,2,estimated
2023-08-10,mamba-org/mamba,5017,7,estimated
2023-08-10,prefix-dev/pixi,109,0,estimated
2023-08-11,conda/conda,5637,1,estimated
2023-08-11,mamba-org/mamba,5021,4,estimated
2023-08-11,prefix-dev/pixi,109,0,estimated
2023-08-12,conda/conda,5639,2,estimated
2023-08-12,mamba-org/mamba,5021,0,estimated
2023-08-12,prefix-dev/pixi,109,0,estimated
2023-08-13,conda/conda,5642,3,estimated
2023-08-13,mamba-org/mamba,5024,3,estimated
2023-08-13,prefix-dev/pixi,110,1,estimated
2023-08-14,conda/conda,5642,0,estimated
2023-08-14,mamba-org/mamba,5028,4,estimated
2023-08-14,prefix-dev/pixi,112,2,estimated
2023-08-15,conda/conda,5643,1,estimated
2023-08-15,mamba-org/mamba,5032,4,estimated
2023-08-15,prefix-dev/pixi,112,0,estimated
2023-08-16,conda/conda,5646,3,estimated
2023-08-16,mamba-org/mamba,5035,3,estimated
2023-08-16,prefix-dev/pixi,127,15,estimated
2023-08-17,conda/conda,5649,3,estimated
2023-08-17,mamba-org/mamba,5040,5,estimated
2023-08-17,prefix-dev/pixi,198,71,estimated
2023-08-18,conda/conda,5651,2,estimated
2023-08-18,mamba-org/mamba,5043,3,estimated
2023-08-18,prefix-dev/pixi,264,66,wayback
2023-08-19,conda/conda,5653,2,estimated
2023-08-19,mamba-org/mamba,5047,4,estimated
2023-08-19,prefix-dev/pixi,300,36,estimated
2023-08-20,conda/conda,5654,1,estimated
2023-08-20,mamba-org/mamba,5050,3,estimated
2023-08-20,prefix-dev/pixi,331,31,estimated
2023-08-21,conda/conda,5657,3,estimated
2023-08-21,mamba-org/mamba,5058,8,estimated
2023-08-21,prefix-dev/pixi,378,47,estimated
2023-08-22,conda/conda,5659,2,estimated
2023-08-22,mamba-org/mamba,5061,3,estimated
2023-08-22,prefix-dev/pixi,408,30,estimated
2023-08-23,conda/conda,5659,0,estimated
2023-08-23,mamba-org/mamba,5067,6,estimated
2023-08-23,prefix-dev/pixi,434,26,estimated
2023-08-24,conda/conda,5660,1,estimated
2023-08-24,mamba-org/mamba,5072,5,estimated
2023-08-24,prefix-dev/pixi,440,6,estimated
2023-08-25,conda/conda,5662,2,estimated
2023-08-25,mamba-org/mamba,5075,3,estimated
2023-08-25,prefix-dev/pixi,546,106,estimated
2023-08-26,conda/conda,5666,4,estimated
2023-08-26,mamba-org/mamba,5081,6,estimated
2023-08-26,prefix-dev/pixi,578,32,estimated
2023-08-27,conda/conda,5668,2,estimated
2023-08-27,mamba-org/mamba,5085,4,estimated
2023-08-27,prefix-dev/pixi,600,22,estimated
2023-08-28,conda/conda,5668,0,estimated
2023-08-28,mamba-org/mamba,5088,3,estimated
2023-08-28,prefix-dev/pixi,629,29,estimated
2023-08-29,conda/conda,5672,4,estimated
2023-08-29,mamba-org/mamba,5094,6,estimated
2023-08-29,prefix-dev/pixi,644,15,estimated
2023-08-30,conda/conda,5673,1,estimated
2023-08-30,mamba-org/mamba,5100,6,estimated
2023-08-30,prefix-dev/pixi,656,12,estimated
2023-08-31,conda/conda,5674,1,estimated
2023-08-31,mamba-org/mamba,5103,3,estimated
2023-08-31,prefix-dev/pixi,687,31,estimated
2023-09-01,conda/conda,5675,1,estimated
2023-09-01,mamba-org/mamba,5109,6,estimated
2023-09-01,prefix-dev/pixi,692,5,estimated
2023-09-02,conda/conda,5677,2,estimated
2023-09-02,mamba-org/mamba,5115,6,estimated
2023-09-02,prefix-dev/pixi,702,10,estimated
2023-09-03,conda/conda,5678,1,estimated
2023-09-03,mamba-org/mamba,5119,4,estimated
2023-09-03,prefix-dev/pixi,708,6,estimated
2023-09-04,conda/conda,5679,1,estimated
2023-09-04,mamba-org/mamba,5124,5,estimated
2023-09-04,prefix-dev/pixi,711,3,estimated
2023-09-05,conda/conda,5680,1,estimated
2023-09-05,mamba-org/mamba,5129,5,estimated
2023-09-05,prefix-dev/pixi,712,1,estimated
2023-09-06,conda/conda,5685,5,estimated
2023-09-06,mamba-org/mamba,5135,6,estimated
2023-09-06,prefix-dev/pixi,714,2,estimated
2023-09-07,conda/conda,5687,2,estimated
2023-09-07,mamba-org/mamba,5141,6,estimated
2023-09-07,prefix-dev/pixi,718,4,estimated
2023-09-08,conda/conda,5688,1,estimated
2023-09-08,mamba-org/mamba,5144,3,estimated
2023-09-08,prefix-dev/pixi,725,7,estimated
2023-09-09,conda/conda,5688,0,estimated
2023-09-09,mamba-org/mamba,5150,6,estimated
2023-09-09,prefix-dev/pixi,729,4,estimated
2023-09-10,conda/conda,5690,2,estimated
2023-09-10,mamba-org/mamba,5150,0,estimated
2023-09-10,prefix-dev/pixi,732,3,estimated
2023-09-11,conda/conda,5693,3,estimated
2023-09-11,mamba-org/mamba,5153,3,estimated
2023-09-11,prefix-dev/pixi,732,0,estimated
2023-09-12,conda/conda,5696,3,estimated
2023-09-12,mamba-org/mamba,5157,4,estimated
2023-09-12,prefix-dev/pixi,735,3,estimated
2023-09-13,conda/conda,5696,0,estimated
2023-09-13,mamba-org/mamba,5163,6,estimated
2023-09-13,prefix-dev/pixi,737,2,estimated
2023-09-14,conda/conda,5697,1,estimated
2023-09-14,mamba-org/mamba,5165,2,estimated
2023-09-14,prefix-dev/pixi,738,1,estimated
2023-09-15,conda/conda,5699,2,estimated
2023-09-15,mamba-org/mamba,5167,2,wayback
2023-09-15,prefix-dev/pixi,749,11,estimated
2023-09-16,conda/conda,5700,1,estimated
2023-09-16,mamba-org/mamba,5170,3,estimated
2023-09-16,prefix-dev/pixi,753,4,estimated
2023-09-17,conda/conda,5700,0,estimated
2023-09-17,mamba-org/mamba,5170,0,estimated
2023-09-17,prefix-dev/pixi,757,4,estimated
2023-09-18,conda/conda,5701,1,estimated
2023-09-18,mamba-org/mamba,5173,3,estimated
2023-09-18,prefix-dev/pixi,759,2,estimated
2023-09-19,conda/conda,5703,2,estimated
2023-09-19,mamba-org/mamba,5174,1,estimated
2023-09-19,prefix-dev/pixi,765,6,estimated
2023-09-20,conda/conda,5706,3,estimated
2023-09-20,mamba-org/mamba,5180,6,estimated
2023-09-20,prefix-dev/pixi,767,2,estimated
2023-09-21,conda/conda,5706,0,estimated
2023-09-21,mamba-org/mamba,5182,2,estimated
2023-09-21,prefix-dev/pixi,770,3,estimated
2023-09-22,conda/conda,5708,2,estimated
2023-09-22,mamba-org/mamba,5186,4,estimated
2023-09-22,prefix-dev/pixi,772,2,estimated
2023-09-23,conda/conda,5709,1,wayback
2023-09-23,mamba-org/mamba,5189,3,estimated
2023-09-23,prefix-dev/pixi,774,2,estimated
2023-09-24,conda/conda,5713,4,estimated
2023-09-24,mamba-org/mamba,5192,3,estimated
2023-09-24,prefix-dev/pixi,775,1,estimated
2023-09-25,conda/conda,5714,1,estimated
2023-09-25,mamba-org/mamba,5197,5,estimated
2023-09-25,prefix-dev/pixi,777,2,estimated
2023-09-26,conda/conda,5718,4,estimated
2023-09-26,mamba-org/mamba,5197,0,estimated
2023-09-26,prefix-dev/pixi,777,0,estimated
2023-09-27,conda/conda,5721,3,estimated
2023-09-27,mamba-org/mamba,5203,6,estimated
2023-09-27,prefix-dev/pixi,780,3,estimated
2023-09-28,conda/conda,5724,3,estimated
2023-09-28,mamba-org/mamba,5206,3,estimated
2023-09-28,prefix-dev/pixi,786,6,estimated
2023-09-29,conda/conda,5724,0,estimated
2023-09-29,mamba-org/mamba,5208,2,estimated
2023-09-29,prefix-dev/pixi,789,3,estimated
2023-09-30,conda/conda,5726,2,estimated
2023-09-30,mamba-org/mamba,5208,0,estimated
2023-09-30,prefix-dev/pixi,790,1,estimated
2023-10-01,conda/conda,5726,0,estimated
2023-10-01,mamba-org/mamba,5210,2,estimated
2023-10-01,prefix-dev/pixi,790,0,estimated
2023-10-02,conda/conda,5727,1,estimated
2023-10-02,mamba-org/mamba,5213,3,estimated
2023-10-02,prefix-dev/pixi,791,1,estimated
2023-10-03,conda/conda,5727,0,estimated
2023-10-03,mamba-org/mamba,5218,5,estimated
2023-10-03,prefix-dev/pixi,792,1,estimated
2023-10-04,conda/conda,5731,4,estimated
2023-10-04,mamba-org/mamba,5221,3,estimated
2023-10-04,prefix-dev/pixi,796,4,estimated
2023-10-05,conda/conda,5732,1,estimated
2023-10-05,mamba-org/mamba,5222,1,estimated
2023-10-05,prefix-dev/pixi,799,3,estimated
2023-10-06,conda/conda,5733,1,estimated
2023-10-06,mamba-org/mamba,5224,2,estimated
2023-10-06,prefix-dev/pixi,805,6,estimated
2023-10-07,conda/conda,5734,1,estimated
2023-10-07,mamba-org/mamba,5227,3,wayback
2023-10-07,prefix-dev/pixi,809,4,estimated
2023-10-08,conda/conda,5737,3,estimated
2023-10-08,mamba-org/mamba,5231,4,estimated
2023-10-08,prefix-dev/pixi,812,3,estimated
2023-10-09,conda/conda,5737,0,estimated
2023-10-09,mamba-org/mamba,5236,5,estimated
2023-10-09,prefix-dev/pixi,813,1,estimated
2023-10-10,conda/conda,5737,0,wayback
2023-10-10,mamba-org/mamba,5238,2,estimated
2023-10-10,prefix-dev/pixi,816,3,estimated
2023-10-11,conda/conda,5738,1,estimated
2023-10-11,mamba-org/mamba,5244,6,estimated
2023-10-11,prefix-dev/pixi,817,1,estimated
2023-10-12,conda/conda,5743,5,estimated
2023-10-12,mamba-org/mamba,5244,0,estimated
2023-10-12,prefix-dev/pixi,821,4,estimated
2023-10-13,conda/conda,5746,3,estimated
2023-10-13,mamba-org/mamba,5246,2,estimated
2023-10-13,prefix-dev/pixi,822,1,estimated
2023-10-14,conda/conda,5748,2,estimated
2023-10-14,mamba-org/mamba,5251,5,estimated
2023-10-14,prefix-dev/pixi,824,2,estimated
2023-10-15,conda/conda,5748,0,estimated
2023-10-15,mamba-org/mamba,5254,3,estimated
2023-10-15,prefix-dev/pixi,824,0,estimated
2023-10-16,conda/conda,5749,1,estimated
2023-10-16,mamba-org/mamba,5254,0,estimated
2023-10-16,prefix-dev/pixi,826,2,estimated
2023-10-17,conda/conda,5751,2,estimated
2023-10-17,mamba-org/mamba,5255,1,estimated
2023-10-17,prefix-dev/pixi,826,0,estimated
2023-10-18,conda/conda,5753,2,estimated
2023-10-18,mamba-org/mamba,5260,5,estimated
2023-10-18,prefix-dev/pixi,830,4,estimated
2023-10-19,conda/conda,5754,1,estimated
2023-10-19,mamba-org/mamba,5266,6,estimated
2023-10-19,prefix-dev/pixi,865,35,estimated
2023-10-20,conda/conda,5757,3,estimated
2023-10-20,mamba-org/mamba,5266,0,estimated
2023-10-20,prefix-dev/pixi,925,60,wayback
2023-10-21,conda/conda,5759,2,estimated
2023-10-21,mamba-org/mamba,5269,3,estimated
2023-10-21,prefix-dev/pixi,937,12,estimated
2023-10-22,conda/conda,5761,2,estimated
2023-10-22,mamba-org/mamba,5272,3,estimated
2023-10-22,prefix-dev/pixi,942,5,estimated
2023-10-23,conda/conda,5764,3,estimated
2023-10-23,mamba-org/mamba,5277,5,estimated
2023-10-23,prefix-dev/pixi,943,1,estimated
2023-10-24,conda/conda,5770,6,estimated
2023-10-24,mamba-org/mamba,5285,8,estimated
2023-10-24,prefix-dev/pixi,950,7,estimated
2023-10-25,conda/conda,5770,0,estimated
2023-10-25,mamba-org/mamba,5290,5,estimated
2023-10-25,prefix-dev/pixi,956,6,estimated
2023-10-26,conda/conda,5770,0,estimated
2023-10-26,mamba-org/mamba,5295,5,estimated
2023-10-26,prefix-dev/pixi,962,6,estimated
2023-10-27,conda/conda,5771,1,estimated
2023-10-27,mamba-org/mamba,5302,7,estimated
2023-10-27,prefix-dev/pixi,973,11,estimated
2023-10-28,conda/conda,5773,2,estimated
2023-10-28,mamba-org/mamba,5305,3,estimated
2023-10-28,prefix-dev/pixi,977,4,estimated
2023-10-29,conda/conda,5773,0,estimated
2023-10-29,mamba-org/mamba,5309,4,estimated
2023-10-29,prefix-dev/pixi,981,4,estimated
2023-10-30,conda/conda,5773,0,estimated
2023-10-30,mamba-org/mamba,5310,1,estimated
2023-10-30,prefix-dev/pixi,986,5,estimated
2023-10-31,conda/conda,5774,1,estimated
2023-10-31,mamba-org/mamba,5311,1,estimated
2023-10-31,prefix-dev/pixi,991,5,estimated
2023-11-01,conda/conda,5778,4,estimated
2023-11-01,mamba-org/mamba,5314,3,estimated
2023-11-01,prefix-dev/pixi,992,1,estimated
2023-11-02,conda/conda,5778,0,estimated
2023-11-02,mamba-org/mamba,5319,5,estimated
2023-11-02,prefix-dev/pixi,997,5,estimated
2023-11-03,conda/conda,5781,3,estimated
2023-11-03,mamba-org/mamba,5322,3,estimated
2023-11-03,prefix-dev/pixi,1010,13,estimated
2023-11-04,conda/conda,5785,4,estimated
2023-11-04,mamba-org/mamba,5324,2,estimated
2023-11-04,prefix-dev/pixi,1014,4,estimated
2023-11-05,conda/conda,5786,1,estimated
2023-11-05,mamba-org/mamba,5327,3,estimated
2023-11-05,prefix-dev/pixi,1021,7,estimated
2023-11-06,conda/conda,5790,4,estimated
2023-11-06,mamba-org/mamba,5332,5,estimated
2023-11-06,prefix-dev/pixi,1026,5,estimated
2023-11-07,conda/conda,5796,6,wayback
2023-11-07,mamba-org/mamba,5339,7,wayback
2023-11-07,prefix-dev/pixi,1030,4,estimated
2023-11-08,conda/conda,5799,3,estimated
2023-11-08,mamba-org/mamba,5348,9,estimated
2023-11-08,prefix-dev/pixi,1033,3,estimated
2023-11-09,conda/conda,5801,2,estimated
2023-11-09,mamba-org/mamba,5353,5,estimated
2023-11-09,prefix-dev/pixi,1040,7,estimated
2023-11-10,conda/conda,5802,1,estimated
2023-11-10,mamba-org/mamba,5357,4,estimated
2023-11-10,prefix-dev/pixi,1044,4,estimated
2023-11-11,conda/conda,5804,2,estimated
2023-11-11,mamba-org/mamba,5359,2,estimated
2023-11-11,prefix-dev/pixi,1046,2,estimated
2023-11-12,conda/conda,5805,1,estimated
2023-11-12,mamba-org/mamba,5361,2,estimated
2023-11-12,prefix-dev/pixi,1048,2,estimated
2023-11-13,conda/conda,5809,4,estimated
2023-11-13,mamba-org/mamba,5365,4,estimated
2023-11-13,prefix-dev/pixi,1051,3,estimated
2023-11-14,conda/conda,5811,2,estimated
2023-11-14,mamba-org/mamba,5369,4,estimated
2023-11-14,prefix-dev/pixi,1056,5,estimated
2023-11-15,conda/conda,5814,3,estimated
2023-11-15,mamba-org/mamba,5375,6,estimated
2023-11-15,prefix-dev/pixi,1062,6,estimated
2023-11-16,conda/conda,5815,1,estimated
2023-11-16,mamba-org/mamba,5383,8,estimated
2023-11-16,prefix-dev/pixi,1070,8,estimated
2023-11-17,conda/conda,5816,1,estimated
2023-11-17,mamba-org/mamba,5386,3,estimated
2023-11-17,prefix-dev/pixi,1081,11,estimated
2023-11-18,conda/conda,5819,3,estimated
2023-11-18,mamba-org/mamba,5389,3,estimated
2023-11-18,prefix-dev/pixi,1086,5,estimated
2023-11-19,conda/conda,5819,0,estimated
2023-11-19,mamba-org/mamba,5392,3,estimated
2023-11-19,prefix-dev/pixi,1086,0,estimated
2023-11-20,conda/conda,5821,2,estimated
2023-11-20,mamba-org/mamba,5396,4,estimated
2023-11-20,prefix-dev/pixi,1089,3,estimated
2023-11-21,conda/conda,5823,2,estimated
2023-11-21,mamba-org/mamba,5402,6,estimated
2023-11-21,prefix-dev/pixi,1089,0,estimated
2023-11-22,conda/conda,5825,2,estimated
2023-11-22,mamba-org/mamba,5408,6,estimated
2023-11-22,prefix-dev/pixi,1100,11,estimated
2023-11-23,conda/conda,5828,3,estimated
2023-11-23,mamba-org/mamba,5413,5,estimated
2023-11-23,prefix-dev/pixi,1115,15,estimated
2023-11-24,conda/conda,5830,2,estimated
2023-11-24,mamba-org/mamba,5415,2,estimated
2023-11-24,prefix-dev/pixi,1121,6,estimated
2023-11-25,conda/conda,5834,4,estimated
2023-11-25,mamba-org/mamba,5416,1,estimated
2023-11-25,prefix-dev/pixi,1126,5,estimated
2023-11-26,conda/conda,5836,2,estimated
2023-11-26,mamba-org/mamba,5418,2,estimated
2023-11-26,prefix-dev/pixi,1133,7,estimated
2023-11-27,conda/conda,5836,0,estimated
2023-11-27,mamba-org/mamba,5423,5,estimated
2023-11-27,prefix-dev/pixi,1141,8,estimated
2023-11-28,conda/conda,5837,1,estimated
2023-11-28,mamba-org/mamba,5426,3,estimated
2023-11-28,prefix-dev/pixi,1153,12,estimated
2023-11-29,conda/conda,5838,1,estimated
2023-11-29,mamba-org/mamba,5431,5,estimated
2023-11-29,prefix-dev/pixi,1166,13,estimated
2023-11-30,conda/conda,5840,2,estimated
2023-11-30,mamba-org/mamba,5435,4,estimated
2023-11-30,prefix-dev/pixi,1177,11,estimated
2023-12-01,conda/conda,5843,3,estimated
2023-12-01,mamba-org/mamba,5438,3,estimated
2023-12-01,prefix-dev/pixi,1180,3,estimated
2023-12-02,conda/conda,5847,4,estimated
2023-12-02,mamba-org/mamba,5440,2,estimated
2023-12-02,prefix-dev/pixi,1183,3,estimated
2023-12-03,conda/conda,5850,3,estimated
2023-12-03,mamba-org/mamba,5442,2,estimated
2023-12-03,prefix-dev/pixi,1186,3,estimated
2023-12-04,conda/conda,5850,0,estimated
2023-12-04,mamba-org/mamba,5442,0,estimated
2023-12-04,prefix-dev/pixi,1191,5,estimated
2023-12-05,conda/conda,5851,1,estimated
2023-12-05,mamba-org/mamba,5459,17,estimated
2023-12-05,prefix-dev/pixi,1195,4,estimated
2023-12-06,conda/conda,5853,2,estimated
2023-12-06,mamba-org/mamba,5471,12,estimated
2023-12-06,prefix-dev/pixi,1197,2,estimated
2023-12-07,conda/conda,5859,6,estimated
2023-12-07,mamba-org/mamba,5484,13,estimated
2023-12-07,prefix-dev/pixi,1198,1,estimated
2023-12-08,conda/conda,5859,0,estimated
2023-12-08,mamba-org/mamba,5498,14,wayback
2023-12-08,prefix-dev/pixi,1202,4,estimated
2023-12-09,conda/conda,5862,3,estimated
2023-12-09,mamba-org/mamba,5509,11,estimated
2023-12-09,prefix-dev/pixi,1205,3,estimated
2023-12-10,conda/conda,5863,1,estimated
2023-12-10,mamba-org/mamba,5519,10,estimated
2023-12-10,prefix-dev/pixi,1208,3,estimated
2023-12-11,conda/conda,5866,3,estimated
2023-12-11,mamba-org/mamba,5531,12,estimated
2023-12-11,prefix-dev/pixi,1224,16,estimated
2023-12-12,conda/conda,5867,1,estimated
2023-12-12,mamba-org/mamba,5538,7,estimated
2023-12-12,prefix-dev/pixi,1228,4,estimated
2023-12-13,conda/conda,5869,2,estimated
2023-12-13,mamba-org/mamba,5548,10,estimated
2023-12-13,prefix-dev/pixi,1235,7,estimated
2023-12-14,conda/conda,5871,2,estimated
2023-12-14,mamba-org/mamba,5551,3,estimated
2023-12-14,prefix-dev/pixi,1246,11,estimated
2023-12-15,conda/conda,5874,3,estimated
2023-12-15,mamba-org/mamba,5558,7,estimated
2023-12-15,prefix-dev/pixi,1254,8,estimated
2023-12-16,conda/conda,5875,1,estimated
2023-12-16,mamba-org/mamba,5563,5,estimated
2023-12-16,prefix-dev/pixi,1259,5,estimated
2023-12-17,conda/conda,5876,1,estimated
2023-12-17,mamba-org/mamba,5569,6,estimated
2023-12-17,prefix-dev/pixi,1263,4,estimated
2023-12-18,conda/conda,5879,3,estimated
2023-12-18,mamba-org/mamba,5570,1,estimated
2023-12-18,prefix-dev/pixi,1270,7,wayback
2023-12-19,conda/conda,5883,4,estimated
2023-12-19,mamba-org/mamba,5580,10,estimated
2023-12-19,prefix-dev/pixi,1273,3,estimated
2023-12-20,conda/conda,5885,2,estimated
2023-12-20,mamba-org/mamba,5587,7,estimated
2023-12-20,prefix-dev/pixi,1277,4,estimated
2023-12-21,conda/conda,5888,3,estimated
2023-12-21,mamba-org/mamba,5594,7,estimated
2023-12-21,prefix-dev/pixi,1280,3,estimated
2023-12-22,conda/conda,5891,3,estimated
2023-12-22,mamba-org/mamba,5604,10,estimated
2023-12-22,prefix-dev/pixi,1285,5,estimated
2023-12-23,conda/conda,5893,2,estimated
2023-12-23,mamba-org/mamba,5607,3,estimated
2023-12-23,prefix-dev/pixi,1289,4,estimated
2023-12-24,conda/conda,5893,0,wayback
2023-12-24,mamba-org/mamba,5609,2,estimated
2023-12-24,prefix-dev/pixi,1292,3,estimated
2023-12-25,conda/conda,5895,2,estimated
2023-12-25,mamba-org/mamba,5612,3,estimated
2023-12-25,prefix-dev/pixi,1292,0,estimated
2023-12-26,conda/conda,5896,1,estimated
2023-12-26,mamba-org/mamba,5622,10,estimated
2023-12-26,prefix-dev/pixi,1292,0,estimated
2023-12-27,conda/conda,5898,2,estimated
2023-12-27,mamba-org/mamba,5627,5,estimated
2023-12-27,prefix-dev/pixi,1293,1,estimated
2023-12-28,conda/conda,5901,3,estimated
2023-12-28,mamba-org/mamba,5627,0,estimated
2023-12-28,prefix-dev/pixi,1293,0,estimated
2023-12-29,conda/conda,5906,5,estimated
2023-12-29,mamba-org/mamba,5630,3,estimated
2023-12-29,prefix-dev/pixi,1296,3,estimated
2023-12-30,conda/conda,5910,4,estimated
2023-12-30,mamba-org/mamba,5634,4,estimated
2023-12-30,prefix-dev/pixi,1297,1,estimated
2023-12-31,conda/conda,5910,0,estimated
2023-12-31,mamba-org/mamba,5636,2,estimated
2023-12-31,prefix-dev/pixi,1298,1,estimated
2024-01-01,conda/conda,5910,0,estimated
2024-01-01,mamba-org/mamba,5637,1,estimated
2024-01-01,prefix-dev/pixi,1299,1,estimated
2024-01-02,conda/conda,5912,2,estimated
2024-01-02,mamba-org/mamba,5640,3,estimated
2024-01-02,prefix-dev/pixi,1303,4,estimated
2024-01-03,conda/conda,5914,2,estimated
2024-01-03,mamba-org/mamba,5645,5,estimated
2024-01-03,prefix-dev/pixi,1308,5,estimated
2024-01-04,conda/conda,5915,1,estimated
2024-01-04,mamba-org/mamba,5653,8,estimated
2024-01-04,prefix-dev/pixi,1315,7,estimated
2024-01-05,conda/conda,5916,1,estimated
2024-01-05,mamba-org/mamba,5655,2,estimated
2024-01-05,prefix-dev/pixi,1320,5,estimated
2024-01-06,conda/conda,5916,0,estimated
2024-01-06,mamba-org/mamba,5656,1,estimated
2024-01-06,prefix-dev/pixi,1323,3,estimated
2024-01-07,conda/conda,5917,1,estimated
2024-01-07,mamba-org/mamba,5658,2,estimated
2024-01-07,prefix-dev/pixi,1324,1,estimated
2024-01-08,conda/conda,5918,1,estimated
2024-01-08,mamba-org/mamba,5669,11,estimated
2024-01-08,prefix-dev/pixi,1325,1,estimated
2024-01-09,conda/conda,5919,1,estimated
2024-01-09,mamba-org/mamba,5674,5,estimated
2024-01-09,prefix-dev/pixi,1329,4,estimated
2024-01-10,conda/conda,5921,2,estimated
2024-01-10,mamba-org/mamba,5679,5,estimated
2024-01-10,prefix-dev/pixi,1334,5,estimated
2024-01-11,conda/conda,5922,1,wayback
2024-01-11,mamba-org/mamba,5683,4,estimated
2024-01-11,prefix-dev/pixi,1340,6,estimated
2024-01-12,conda/conda,5923,1,estimated
2024-01-12,mamba-org/mamba,5685,2,estimated
2024-01-12,prefix-dev/pixi,1370,30,estimated
2024-01-13,conda/conda,5924,1,estimated
2024-01-13,mamba-org/mamba,5688,3,estimated
2024-01-13,prefix-dev/pixi,1379,9,estimated
2024-01-14,conda/conda,5926,2,estimated
2024-01-14,mamba-org/mamba,5693,5,estimated
2024-01-14,prefix-dev/pixi,1385,6,estimated
2024-01-15,conda/conda,5926,0,estimated
2024-01-15,mamba-org/mamba,5697,4,estimated
2024-01-15,prefix-dev/pixi,1391,6,estimated
2024-01-16,conda/conda,5927,1,estimated
2024-01-16,mamba-org/mamba,5701,4,estimated
2024-01-16,prefix-dev/pixi,1401,10,estimated
2024-01-17,conda/conda,5929,2,estimated
2024-01-17,mamba-org/mamba,5704,3,wayback
2024-01-17,prefix-dev/pixi,1408,7,estimated
2024-01-18,conda/conda,5931,2,estimated
2024-01-18,mamba-org/mamba,5709,5,estimated
2024-01-18,prefix-dev/pixi,1413,5,estimated
2024-01-19,conda/conda,5934,3,estimated
2024-01-19,mamba-org/mamba,5718,9,estimated
2024-01-19,prefix-dev/pixi,1418,5,estimated
2024-01-20,conda/conda,5935,1,estimated
2024-01-20,mamba-org/mamba,5724,6,estimated
2024-01-20,prefix-dev/pixi,1418,0,estimated
2024-01-21,conda/conda,5936,1,estimated
2024-01-21,mamba-org/mamba,5729,5,estimated
2024-01-21,prefix-dev/pixi,1421,3,estimated
2024-01-22,conda/conda,5937,1,estimated
2024-01-22,mamba-org/mamba,5736,7,estimated
2024-01-22,prefix-dev/pixi,1424,3,estimated
2024-01-23,conda/conda,5937,0,estimated
2024-01-23,mamba-org/mamba,5739,3,estimated
2024-01-23,prefix-dev/pixi,1427,3,estimated
2024-01-24,conda/conda,5939,2,estimated
2024-01-24,mamba-org/mamba,5746,7,estimated
2024-01-24,prefix-dev/pixi,1430,3,estimated
2024-01-25,conda/conda,5940,1,estimated
2024-01-25,mamba-org/mamba,5754,8,estimated
2024-01-25,prefix-dev/pixi,1435,5,estimated
2024-01-26,conda/conda,5942,2,estimated
2024-01-26,mamba-org/mamba,5767,13,estimated
2024-01-26,prefix-dev/pixi,1439,4,estimated
2024-01-27,conda/conda,5942,0,estimated
2024-01-27,mamba-org/mamba,5773,6,estimated
2024-01-27,prefix-dev/pixi,1440,1,estimated
2024-01-28,conda/conda,5943,1,estimated
2024-01-28,mamba-org/mamba,5781,8,estimated
2024-01-28,prefix-dev/pixi,1443,3,estimated
2024-01-29,conda/conda,5946,3,estimated
2024-01-29,mamba-org/mamba,5793,12,estimated
2024-01-29,prefix-dev/pixi,1445,2,estimated
2024-01-30,conda/conda,5947,1,estimated
2024-01-30,mamba-org/mamba,5802,9,estimated
2024-01-30,prefix-dev/pixi,1447,2,estimated
2024-01-31,conda/conda,5948,1,estimated
2024-01-31,mamba-org/mamba,5809,7,estimated
2024-01-31,prefix-dev/pixi,1448,1,estimated
2024-02-01,conda/conda,5949,1,estimated
2024-02-01,mamba-org/mamba,5813,4,estimated
2024-02-01,prefix-dev/pixi,1453,5,estimated
2024-02-02,conda/conda,5953,4,estimated
2024-02-02,mamba-org/mamba,5815,2,estimated
2024-02-02,prefix-dev/pixi,1455,2,estimated
2024-02-03,conda/conda,5955,2,estimated
2024-02-03,mamba-org/mamba,5819,4,estimated
2024-02-03,prefix-dev/pixi,1456,1,estimated
2024-02-04,conda/conda,5957,2,wayback
2024-02-04,mamba-org/mamba,5820,1,estimated
2024-02-04,prefix-dev/pixi,1457,1,estimated
2024-02-05,conda/conda,5962,5,estimated
2024-02-05,mamba-org/mamba,5826,6,estimated
2024-02-05,prefix-dev/pixi,1461,4,estimated
2024-02-06,conda/conda,5963,1,estimated
2024-02-06,mamba-org/mamba,5833,7,estimated
2024-02-06,prefix-dev/pixi,1461,0,estimated
2024-02-07,conda/conda,5965,2,estimated
2024-02-07,mamba-org/mamba,5836,3,estimated
2024-02-07,prefix-dev/pixi,1468,7,estimated
2024-02-08,conda/conda,5966,1,estimated
2024-02-08,mamba-org/mamba,5839,3,estimated
2024-02-08,prefix-dev/pixi,1473,5,wayback
2024-02-09,conda/conda,5969,3,estimated
2024-02-09,mamba-org/mamba,5842,3,estimated
2024-02-09,prefix-dev/pixi,1478,5,estimated
2024-02-10,conda/conda,5969,0,estimated
2024-02-10,mamba-org/mamba,5843,1,estimated
2024-02-10,prefix-dev/pixi,1479,1,estimated
2024-02-11,conda/conda,5970,1,estimated
2024-02-11,mamba-org/mamba,5844,1,estimated
2024-02-11,prefix-dev/pixi,1480,1,estimated
2024-02-12,conda/conda,5972,2,estimated
2024-02-12,mamba-org/mamba,5847,3,estimated
2024-02-12,prefix-dev/pixi,1480,0,estimated
2024-02-13,conda/conda,5972,0,estimated
2024-02-13,mamba-org/mamba,5849,2,estimated
2024-02-13,prefix-dev/pixi,1484,4,estimated
2024-02-14,conda/conda,5975,3,estimated
2024-02-14,mamba-org/mamba,5851,2,estimated
2024-02-14,prefix-dev/pixi,1484,0,estimated
2024-02-15,conda/conda,5976,1,estimated
2024-02-15,mamba-org/mamba,5854,3,estimated
2024-02-15,prefix-dev/pixi,1495,11,estimated
2024-02-16,conda/conda,5979,3,estimated
2024-02-16,mamba-org/mamba,5859,5,estimated
2024-02-16,prefix-dev/pixi,1502,7,estimated
2024-02-17,conda/conda,5979,0,estimated
2024-02-17,mamba-org/mamba,5861,2,estimated
2024-02-17,prefix-dev/pixi,1505,3,estimated
2024-02-18,conda/conda,5984,5,estimated
2024-02-18,mamba-org/mamba,5862,1,estimated
2024-02-18,prefix-dev/pixi,1508,3,estimated
2024-02-19,conda/conda,5984,0,estimated
2024-02-19,mamba-org/mamba,5866,4,estimated
2024-02-19,prefix-dev/pixi,1513,5,estimated
2024-02-20,conda/conda,5985,1,estimated
2024-02-20,mamba-org/mamba,5873,7,estimated
2024-02-20,prefix-dev/pixi,1519,6,estimated
2024-02-21,conda/conda,5987,2,estimated
2024-02-21,mamba-org/mamba,5873,0,estimated
2024-02-21,prefix-dev/pixi,1526,7,estimated
2024-02-22,conda/conda,5990,3,estimated
2024-02-22,mamba-org/mamba,5880,7,estimated
2024-02-22,prefix-dev/pixi,1540,14,estimated
2024-02-23,conda/conda,5991,1,estimated
2024-02-23,mamba-org/mamba,5887,7,estimated
2024-02-23,prefix-dev/pixi,1547,7,estimated
2024-02-24,conda/conda,5991,0,estimated
2024-02-24,mamba-org/mamba,5892,5,estimated
2024-02-24,prefix-dev/pixi,1548,1,estimated
2024-02-25,conda/conda,5992,1,estimated
2024-02-25,mamba-org/mamba,5894,2,estimated
2024-02-25,prefix-dev/pixi,1548,0,estimated
2024-02-26,conda/conda,5993,1,estimated
2024-02-26,mamba-org/mamba,5903,9,estimated
2024-02-26,prefix-dev/pixi,1552,4,estimated
2024-02-27,conda/conda,5995,2,estimated
2024-02-27,mamba-org/mamba,5914,11,estimated
2024-02-27,prefix-dev/pixi,1561,9,estimated
2024-02-28,conda/conda,5995,0,estimated
2024-02-28,mamba-org/mamba,5923,9,estimated
2024-02-28,prefix-dev/pixi,1563,2,estimated
2024-02-29,conda/conda,5996,1,estimated
2024-02-29,mamba-org/mamba,5931,8,estimated
2024-02-29,prefix-dev/pixi,1567,4,estimated
2024-03-01,conda/conda,5997,1,estimated
2024-03-01,mamba-org/mamba,5937,6,estimated
2024-03-01,prefix-dev/pixi,1570,3,estimated
2024-03-02,conda/conda,6001,4,estimated
2024-03-02,mamba-org/mamba,5942,5,wayback
2024-03-02,prefix-dev/pixi,1574,4,estimated
2024-03-03,conda/conda,6002,1,estimated
2024-03-03,mamba-org/mamba,5948,6,estimated
2024-03-03,prefix-dev/pixi,1578,4,estimated
2024-03-04,conda/conda,6004,2,estimated
2024-03-04,mamba-org/mamba,5954,6,estimated
2024-03-04,prefix-dev/pixi,1586,8,estimated
2024-03-05,conda/conda,6005,1,estimated
2024-03-05,mamba-org/mamba,5962,8,estimated
2024-03-05,prefix-dev/pixi,1592,6,estimated
2024-03-06,conda/conda,6008,3,estimated
2024-03-06,mamba-org/mamba,5966,4,estimated
2024-03-06,prefix-dev/pixi,1597,5,estimated
2024-03-07,conda/conda,6009,1,estimated
2024-03-07,mamba-org/mamba,5972,6,estimated
2024-03-07,prefix-dev/pixi,1604,7,estimated
2024-03-08,conda/conda,6010,1,estimated
2024-03-08,mamba-org/mamba,5978,6,estimated
2024-03-08,prefix-dev/pixi,1608,4,estimated
2024-03-09,conda/conda,6014,4,estimated
2024-03-09,mamba-org/mamba,5979,1,estimated
2024-03-09,prefix-dev/pixi,1612,4,estimated
2024-03-10,conda/conda,6016,2,estimated
2024-03-10,mamba-org/mamba,5984,5,estimated
2024-03-10,prefix-dev/pixi,1616,4,estimated
2024-03-11,conda/conda,6017,1,estimated
2024-03-11,mamba-org/mamba,5988,4,estimated
2024-03-11,prefix-dev/pixi,1618,2,estimated
2024-03-12,conda/conda,6017,0,estimated
2024-03-12,mamba-org/mamba,5998,10,estimated
2024-03-12,prefix-dev/pixi,1620,2,estimated
2024-03-13,conda/conda,6019,2,estimated
2024-03-13,mamba-org/mamba,6008,10,estimated
2024-03-13,prefix-dev/pixi,1627,7,estimated
2024-03-14,conda/conda,6019,0,estimated
2024-03-14,mamba-org/mamba,6011,3,estimated
2024-03-14,prefix-dev/pixi,1630,3,estimated
2024-03-15,conda/conda,6020,1,estimated
2024-03-15,mamba-org/mamba,6018,7,estimated
2024-03-15,prefix-dev/pixi,1633,3,estimated
2024-03-16,conda/conda,6021,1,estimated
2024-03-16,mamba-org/mamba,6020,2,estimated
2024-03-16,prefix-dev/pixi,1634,1,estimated
2024-03-17,conda/conda,6022,1,estimated
2024-03-17,mamba-org/mamba,6022,2,estimated
2024-03-17,prefix-dev/pixi,1636,2,estimated
2024-03-18,conda/conda,6024,2,estimated
2024-03-18,mamba-org/mamba,6031,9,estimated
2024-03-18,prefix-dev/pixi,1642,6,estimated
2024-03-19,conda/conda,6027,3,estimated
2024-03-19,mamba-org/mamba,6037,6,estimated
2024-03-19,prefix-dev/pixi,1648,6,estimated
2024-03-20,conda/conda,6031,4,estimated
2024-03-20,mamba-org/mamba,6047,10,estimated
2024-03-20,prefix-dev/pixi,1654,6,wayback
2024-03-21,conda/conda,6032,1,estimated
2024-03-21,mamba-org/mamba,6060,13,estimated
2024-03-21,prefix-dev/pixi,1674,20,estimated
2024-03-22,conda/conda,6038,6,estimated
2024-03-22,mamba-org/mamba,6067,7,estimated
2024-03-22,prefix-dev/pixi,1687,13,estimated
2024-03-23,conda/conda,6038,0,estimated
2024-03-23,mamba-org/mamba,6072,5,estimated
2024-03-23,prefix-dev/pixi,1707,20,estimated
2024-03-24,conda/conda,6041,3,estimated
2024-03-24,mamba-org/mamba,6077,5,estimated
2024-03-24,prefix-dev/pixi,1716,9,estimated
2024-03-25,conda/conda,6045,4,estimated
2024-03-25,mamba-org/mamba,6082,5,estimated
2024-03-25,prefix-dev/pixi,1730,14,estimated
2024-03-26,conda/conda,6047,2,estimated
2024-03-26,mamba-org/mamba,6089,7,estimated
2024-03-26,prefix-dev/pixi,1737,7,estimated
2024-03-27,conda/conda,6049,2,estimated
2024-03-27,mamba-org/mamba,6096,7,estimated
2024-03-27,prefix-dev/pixi,1749,12,estimated
2024-03-28,conda/conda,6053,4,estimated
2024-03-28,mamba-org/mamba,6100,4,estimated
2024-03-28,prefix-dev/pixi,1754,5,estimated
2024-03-29,conda/conda,6053,0,estimated
2024-03-29,mamba-org/mamba,6105,5,estimated
2024-03-29,prefix-dev/pixi,1765,11,estimated
2024-03-30,conda/conda,6054,1,estimated
2024-03-30,mamba-org/mamba,6110,5,estimated
2024-03-30,prefix-dev/pixi,1770,5,estimated
2024-03-31,conda/conda,6054,0,wayback
2024-03-31,mamba-org/mamba,6115,5,estimated
2024-03-31,prefix-dev/pixi,1771,1,estimated
2024-04-01,conda/conda,6055,1,estimated
2024-04-01,mamba-org/mamba,6125,10,estimated
2024-04-01,prefix-dev/pixi,1774,3,estimated
2024-04-02,conda/conda,6056,1,estimated
2024-04-02,mamba-org/mamba,6135,10,estimated
2024-04-02,prefix-dev/pixi,1778,4,estimated
2024-04-03,conda/conda,6057,1,estimated
2024-04-03,mamba-org/mamba,6142,7,estimated
2024-04-03,prefix-dev/pixi,1784,6,estimated
2024-04-04,conda/conda,6057,0,estimated
2024-04-04,mamba-org/mamba,6148,6,estimated
2024-04-04,prefix-dev/pixi,1786,2,estimated
2024-04-05,conda/conda,6058,1,estimated
2024-04-05,mamba-org/mamba,6150,2,estimated
2024-04-05,prefix-dev/pixi,1790,4,estimated
2024-04-06,conda/conda,6060,2,estimated
2024-04-06,mamba-org/mamba,6152,2,estimated
2024-04-06,prefix-dev/pixi,1794,4,estimated
2024-04-07,conda/conda,6061,1,wayback
2024-04-07,mamba-org/mamba,6157,5,estimated
2024-04-07,prefix-dev/pixi,1797,3,estimated
2024-04-08,conda/conda,6063,2,estimated
2024-04-08,mamba-org/mamba,6163,6,estimated
2024-04-08,prefix-dev/pixi,1804,7,estimated
2024-04-09,conda/conda,6066,3,estimated
2024-04-09,mamba-org/mamba,6170,7,estimated
2024-04-09,prefix-dev/pixi,1808,4,estimated
2024-04-10,conda/conda,6068,2,estimated
2024-04-10,mamba-org/mamba,6179,9,estimated
2024-04-10,prefix-dev/pixi,1811,3,estimated
2024-04-11,conda/conda,6068,0,estimated
2024-04-11,mamba-org/mamba,6193,14,estimated
2024-04-11,prefix-dev/pixi,1815,4,estimated
2024-04-12,conda/conda,6068,0,estimated
2024-04-12,mamba-org/mamba,6200,7,estimated
2024-04-12,prefix-dev/pixi,1821,6,estimated
2024-04-13,conda/conda,6068,0,estimated
2024-04-13,mamba-org/mamba,6203,3,estimated
2024-04-13,prefix-dev/pixi,1823,2,estimated
2024-04-14,conda/conda,6070,2,estimated
2024-04-14,mamba-org/mamba,6205,2,estimated
2024-04-14,prefix-dev/pixi,1823,0,estimated
2024-04-15,conda/conda,6073,3,estimated
2024-04-15,mamba-org/mamba,6209,4,estimated
2024-04-15,prefix-dev/pixi,1829,6,estimated
2024-04-16,conda/conda,6076,3,estimated
2024-04-16,mamba-org/mamba,6212,3,estimated
2024-04-16,prefix-dev/pixi,1836,7,estimated
2024-04-17,conda/conda,6078,2,estimated
2024-04-17,mamba-org/mamba,6218,6,estimated
2024-04-17,prefix-dev/pixi,1841,5,estimated
2024-04-18,conda/conda,6078,0,estimated
2024-04-18,mamba-org/mamba,6223,5,estimated
2024-04-18,prefix-dev/pixi,1846,5,estimated
2024-04-19,conda/conda,6079,1,estimated
2024-04-19,mamba-org/mamba,6229,6,estimated
2024-04-19,prefix-dev/pixi,1850,4,estimated
2024-04-20,conda/conda,6081,2,estimated
2024-04-20,mamba-org/mamba,6233,4,estimated
2024-04-20,prefix-dev/pixi,1851,1,estimated
2024-04-21,conda/conda,6082,1,estimated
2024-04-21,mamba-org/mamba,6236,3,estimated
2024-04-21,prefix-dev/pixi,1855,4,estimated
2024-04-22,conda/conda,6085,3,estimated
2024-04-22,mamba-org/mamba,6242,6,estimated
2024-04-22,prefix-dev/pixi,1865,10,estimated
2024-04-23,conda/conda,6087,2,estimated
2024-04-23,mamba-org/mamba,6247,5,estimated
2024-04-23,prefix-dev/pixi,1872,7,estimated
2024-04-24,conda/conda,6089,2,estimated
2024-04-24,mamba-org/mamba,6251,4,estimated
2024-04-24,prefix-dev/pixi,1875,3,estimated
2024-04-25,conda/conda,6090,1,estimated
2024-04-25,mamba-org/mamba,6253,2,estimated
2024-04-25,prefix-dev/pixi,1880,5,estimated
2024-04-26,conda/conda,6091,1,estimated
2024-04-26,mamba-org/mamba,6256,3,estimated
2024-04-26,prefix-dev/pixi,1889,9,estimated
2024-04-27,conda/conda,6092,1,estimated
2024-04-27,mamba-org/mamba,6259,3,estimated
2024-04-27,prefix-dev/pixi,1891,2,estimated
2024-04-28,conda/conda,6093,1,estimated
2024-04-28,mamba-org/mamba,6264,5,estimated
2024-04-28,prefix-dev/pixi,1905,14,estimated
2024-04-29,conda/conda,6093,0,estimated
2024-04-29,mamba-org/mamba,6270,6,estimated
2024-04-29,prefix-dev/pixi,1909,4,estimated
2024-04-30,conda/conda,6093,0,estimated
2024-04-30,mamba-org/mamba,6276,6,estimated
2024-04-30,prefix-dev/pixi,1915,6,estimated
2024-05-01,conda/conda,6093,0,estimated
2024-05-01,mamba-org/mamba,6281,5,estimated
2024-05-01,prefix-dev/pixi,1917,2,estimated
2024-05-02,conda/conda,6097,4,estimated
2024-05-02,mamba-org/mamba,6284,3,estimated
2024-05-02,prefix-dev/pixi,1921,4,estimated
2024-05-03,conda/conda,6099,2,estimated
2024-05-03,mamba-org/mamba,6289,5,estimated
2024-05-03,prefix-dev/pixi,1926,5,estimated
2024-05-04,conda/conda,6099,0,estimated
2024-05-04,mamba-org/mamba,6289,0,estimated
2024-05-04,prefix-dev/pixi,1928,2,estimated
2024-05-05,conda/conda,6100,1,estimated
2024-05-05,mamba-org/mamba,6292,3,estimated
2024-05-05,prefix-dev/pixi,1931,3,estimated
2024-05-06,conda/conda,6100,0,estimated
2024-05-06,mamba-org/mamba,6297,5,estimated
2024-05-06,prefix-dev/pixi,1934,3,estimated
2024-05-07,conda/conda,6104,4,estimated
2024-05-07,mamba-org/mamba,6301,4,estimated
2024-05-07,prefix-dev/pixi,1943,9,estimated
2024-05-08,conda/conda,6108,4,estimated
2024-05-08,mamba-org/mamba,6307,6,estimated
2024-05-08,prefix-dev/pixi,1946,3,estimated
2024-05-09,conda/conda,6117,9,estimated
2024-05-09,mamba-org/mamba,6313,6,estimated
2024-05-09,prefix-dev/pixi,1949,3,estimated
2024-05-10,conda/conda,6119,2,estimated
2024-05-10,mamba-org/mamba,6316,3,estimated
2024-05-10,prefix-dev/pixi,1952,3,estimated
2024-05-11,conda/conda,6121,2,estimated
2024-05-11,mamba-org/mamba,6319,3,estimated
2024-05-11,prefix-dev/pixi,1956,4,estimated
2024-05-12,conda/conda,6124,3,estimated
2024-05-12,mamba-org/mamba,6322,3,estimated
2024-05-12,prefix-dev/pixi,1958,2,estimated
2024-05-13,conda/conda,6127,3,estimated
2024-05-13,mamba-org/mamba,6327,5,estimated
2024-05-13,prefix-dev/pixi,1966,8,estimated
2024-05-14,conda/conda,6128,1,estimated
2024-05-14,mamba-org/mamba,6333,6,estimated
2024-05-14,prefix-dev/pixi,1970,4,estimated
2024-05-15,conda/conda,6131,3,estimated
2024-05-15,mamba-org/mamba,6338,5,estimated
2024-05-15,prefix-dev/pixi,1979,9,estimated
2024-05-16,conda/conda,6133,2,estimated
2024-05-16,mamba-org/mamba,6345,7,estimated
2024-05-16,prefix-dev/pixi,1982,3,estimated
2024-05-17,conda/conda,6135,2,wayback
2024-05-17,mamba-org/mamba,6347,2,estimated
2024-05-17,prefix-dev/pixi,1987,5,estimated
2024-05-18,conda/conda,6136,1,estimated
2024-05-18,mamba-org/mamba,6349,2,estimated
2024-05-18,prefix-dev/pixi,1989,2,estimated
2024-05-19,conda/conda,6137,1,estimated
2024-05-19,mamba-org/mamba,6355,6,estimated
2024-05-19,prefix-dev/pixi,1992,3,estimated
2024-05-20,conda/conda,6140,3,estimated
2024-05-20,mamba-org/mamba,6358,3,wayback
2024-05-20,prefix-dev/pixi,1994,2,estimated
2024-05-21,conda/conda,6144,4,estimated
2024-05-21,mamba-org/mamba,6362,4,estimated
2024-05-21,prefix-dev/pixi,1995,1,estimated
2024-05-22,conda/conda,6145,1,estimated
2024-05-22,mamba-org/mamba,6366,4,estimated
2024-05-22,prefix-dev/pixi,2000,5,estimated
2024-05-23,conda/conda,6148,3,estimated
2024-05-23,mamba-org/mamba,6371,5,estimated
2024-05-23,prefix-dev/pixi,2004,4,estimated
2024-05-24,conda/conda,6149,1,estimated
2024-05-24,mamba-org/mamba,6375,4,estimated
2024-05-24,prefix-dev/pixi,2008,4,estimated
2024-05-25,conda/conda,6150,1,estimated
2024-05-25,mamba-org/mamba,6378,3,estimated
2024-05-25,prefix-dev/pixi,2010,2,estimated
2024-05-26,conda/conda,6152,2,estimated
2024-05-26,mamba-org/mamba,6380,2,estimated
2024-05-26,prefix-dev/pixi,2012,2,estimated
2024-05-27,conda/conda,6153,1,estimated
2024-05-27,mamba-org/mamba,6381,1,estimated
2024-05-27,prefix-dev/pixi,2017,5,estimated
2024-05-28,conda/conda,6157,4,estimated
2024-05-28,mamba-org/mamba,6382,1,estimated
2024-05-28,prefix-dev/pixi,2020,3,estimated
2024-05-29,conda/conda,6158,1,estimated
2024-05-29,mamba-org/mamba,6386,4,estimated
2024-05-29,prefix-dev/pixi,2024,4,estimated
2024-05-30,conda/conda,6158,0,estimated
2024-05-30,mamba-org/mamba,6389,3,estimated
2024-05-30,prefix-dev/pixi,2030,6,estimated
2024-05-31,conda/conda,6159,1,estimated
2024-05-31,mamba-org/mamba,6394,5,estimated
2024-05-31,prefix-dev/pixi,2034,4,estimated
2024-06-01,conda/conda,6162,3,estimated
2024-06-01,mamba-org/mamba,6398,4,estimated
2024-06-01,prefix-dev/pixi,2037,3,estimated
2024-06-02,conda/conda,6163,1,estimated
2024-06-02,mamba-org/mamba,6400,2,estimated
2024-06-02,prefix-dev/pixi,2041,4,estimated
2024-06-03,conda/conda,6164,1,estimated
2024-06-03,mamba-org/mamba,6404,4,estimated
2024-06-03,prefix-dev/pixi,2046,5,estimated
2024-06-04,conda/conda,6166,2,estimated
2024-06-04,mamba-org/mamba,6406,2,estimated
2024-06-04,prefix-dev/pixi,2049,3,estimated
2024-06-05,conda/conda,6168,2,estimated
2024-06-05,mamba-org/mamba,6410,4,estimated
2024-06-05,prefix-dev/pixi,2059,10,estimated
2024-06-06,conda/conda,6173,5,estimated
2024-06-06,mamba-org/mamba,6413,3,estimated
2024-06-06,prefix-dev/pixi,2066,7,estimated
2024-06-07,conda/conda,6180,7,estimated
2024-06-07,mamba-org/mamba,6418,5,estimated
2024-06-07,prefix-dev/pixi,2073,7,estimated
2024-06-08,conda/conda,6183,3,estimated
2024-06-08,mamba-org/mamba,6420,2,wayback
2024-06-08,prefix-dev/pixi,2081,8,estimated
2024-06-09,conda/conda,6184,1,estimated
2024-06-09,mamba-org/mamba,6422,2,estimated
2024-06-09,prefix-dev/pixi,2085,4,estimated
2024-06-10,conda/conda,6186,2,estimated
2024-06-10,mamba-org/mamba,6428,6,estimated
2024-06-10,prefix-dev/pixi,2093,8,estimated
2024-06-11,conda/conda,6187,1,estimated
2024-06-11,mamba-org/mamba,6432,4,estimated
2024-06-11,prefix-dev/pixi,2099,6,estimated
2024-06-12,conda/conda,6189,2,estimated
2024-06-12,mamba-org/mamba,6438,6,estimated
2024-06-12,prefix-dev/pixi,2106,7,estimated
2024-06-13,conda/conda,6190,1,estimated
2024-06-13,mamba-org/mamba,6444,6,estimated
2024-06-13,prefix-dev/pixi,2113,7,estimated
2024-06-14,conda/conda,6190,0,estimated
2024-06-14,mamba-org/mamba,6449,5,estimated
2024-06-14,prefix-dev/pixi,2120,7,estimated
2024-06-15,conda/conda,6191,1,estimated
2024-06-15,mamba-org/mamba,6451,2,estimated
2024-06-15,prefix-dev/pixi,2121,1,estimated
2024-06-16,conda/conda,6192,1,estimated
2024-06-16,mamba-org/mamba,6453,2,estimated
2024-06-16,prefix-dev/pixi,2121,0,estimated
2024-06-17,conda/conda,6194,2,estimated
2024-06-17,mamba-org/mamba,6458,5,estimated
2024-06-17,prefix-dev/pixi,2128,7,estimated
2024-06-18,conda/conda,6196,2,estimated
2024-06-18,mamba-org/mamba,6462,4,estimated
2024-06-18,prefix-dev/pixi,2140,12,estimated
2024-06-19,conda/conda,6203,7,estimated
2024-06-19,mamba-org/mamba,6466,4,estimated
2024-06-19,prefix-dev/pixi,2143,3,wayback
2024-06-20,conda/conda,6207,4,estimated
2024-06-20,mamba-org/mamba,6470,4,estimated
2024-06-20,prefix-dev/pixi,2153,10,estimated
2024-06-21,conda/conda,6208,1,estimated
2024-06-21,mamba-org/mamba,6474,4,estimated
2024-06-21,prefix-dev/pixi,2158,5,estimated
2024-06-22,conda/conda,6209,1,wayback
2024-06-22,mamba-org/mamba,6478,4,estimated
2024-06-22,prefix-dev/pixi,2159,1,estimated
2024-06-23,conda/conda,6209,0,estimated
2024-06-23,mamba-org/mamba,6480,2,estimated
2024-06-23,prefix-dev/pixi,2161,2,estimated
2024-06-24,conda/conda,6210,1,estimated
2024-06-24,mamba-org/mamba,6482,2,estimated
2024-06-24,prefix-dev/pixi,2163,2,estimated
2024-06-25,conda/conda,6212,2,estimated
2024-06-25,mamba-org/mamba,6486,4,estimated
2024-06-25,prefix-dev/pixi,2168,5,estimated
2024-06-26,conda/conda,6216,4,estimated
2024-06-26,mamba-org/mamba,6491,5,estimated
2024-06-26,prefix-dev/pixi,2173,5,estimated
2024-06-27,conda/conda,6218,2,estimated
2024-06-27,mamba-org/mamba,6496,5,estimated
2024-06-27,prefix-dev/pixi,2176,3,estimated
2024-06-28,conda/conda,6221,3,estimated
2024-06-28,mamba-org/mamba,6500,4,estimated
2024-06-28,prefix-dev/pixi,2180,4,estimated
2024-06-29,conda/conda,6222,1,estimated
2024-06-29,mamba-org/mamba,6504,4,estimated
2024-06-29,prefix-dev/pixi,2186,6,estimated
2024-06-30,conda/conda,6225,3,estimated
2024-06-30,mamba-org/mamba,6506,2,estimated
2024-06-30,prefix-dev/pixi,2191,5,estimated
2024-07-01,conda/conda,6225,0,estimated
2024-07-01,mamba-org/mamba,6513,7,estimated
2024-07-01,prefix-dev/pixi,2192,1,estimated
2024-07-02,conda/conda,6230,5,estimated
2024-07-02,mamba-org/mamba,6518,5,estimated
2024-07-02,prefix-dev/pixi,2196,4,estimated
2024-07-03,conda/conda,6230,0,estimated
2024-07-03,mamba-org/mamba,6524,6,estimated
2024-07-03,prefix-dev/pixi,2199,3,estimated
2024-07-04,conda/conda,6232,2,estimated
2024-07-04,mamba-org/mamba,6527,3,estimated
2024-07-04,prefix-dev/pixi,2208,9,estimated
2024-07-05,conda/conda,6235,3,estimated
2024-07-05,mamba-org/mamba,6530,3,estimated
2024-07-05,prefix-dev/pixi,2230,22,estimated
2024-07-06,conda/conda,6235,0,estimated
2024-07-06,mamba-org/mamba,6534,4,estimated
2024-07-06,prefix-dev/pixi,2245,15,estimated
2024-07-07,conda/conda,6235,0,estimated
2024-07-07,mamba-org/mamba,6534,0,estimated
2024-07-07,prefix-dev/pixi,2256,11,estimated
2024-07-08,conda/conda,6235,0,estimated
2024-07-08,mamba-org/mamba,6539,5,estimated
2024-07-08,prefix-dev/pixi,2265,9,estimated
2024-07-09,conda/conda,6235,0,estimated
2024-07-09,mamba-org/mamba,6548,9,estimated
2024-07-09,prefix-dev/pixi,2288,23,wayback
2024-07-10,conda/conda,6237,2,estimated
2024-07-10,mamba-org/mamba,6549,1,estimated
2024-07-10,prefix-dev/pixi,2307,19,estimated
2024-07-11,conda/conda,6239,2,estimated
2024-07-11,mamba-org/mamba,6555,6,estimated
2024-07-11,prefix-dev/pixi,2322,15,estimated
2024-07-12,conda/conda,6243,4,estimated
2024-07-12,mamba-org/mamba,6558,3,wayback
2024-07-12,prefix-dev/pixi,2341,19,estimated
2024-07-13,conda/conda,6244,1,estimated
2024-07-13,mamba-org/mamba,6562,4,estimated
2024-07-13,prefix-dev/pixi,2361,20,estimated
2024-07-14,conda/conda,6244,0,estimated
2024-07-14,mamba-org/mamba,6564,2,estimated
2024-07-14,prefix-dev/pixi,2368,7,estimated
2024-07-15,conda/conda,6246,2,estimated
2024-07-15,mamba-org/mamba,6566,2,estimated
2024-07-15,prefix-dev/pixi,2384,16,estimated
2024-07-16,conda/conda,6248,2,estimated
2024-07-16,mamba-org/mamba,6568,2,estimated
2024-07-16,prefix-dev/pixi,2395,11,estimated
2024-07-17,conda/conda,6249,1,estimated
2024-07-17,mamba-org/mamba,6571,3,estimated
2024-07-17,prefix-dev/pixi,2405,10,estimated
2024-07-18,conda/conda,6251,2,estimated
2024-07-18,mamba-org/mamba,6577,6,estimated
2024-07-18,prefix-dev/pixi,2427,22,estimated
2024-07-19,conda/conda,6254,3,estimated
2024-07-19,mamba-org/mamba,6582,5,estimated
2024-07-19,prefix-dev/pixi,2445,18,estimated
2024-07-20,conda/conda,6254,0,estimated
2024-07-20,mamba-org/mamba,6583,1,estimated
2024-07-20,prefix-dev/pixi,2448,3,estimated
2024-07-21,conda/conda,6254,0,estimated
2024-07-21,mamba-org/mamba,6584,1,estimated
2024-07-21,prefix-dev/pixi,2449,1,estimated
2024-07-22,conda/conda,6257,3,estimated
2024-07-22,mamba-org/mamba,6585,1,estimated
2024-07-22,prefix-dev/pixi,2459,10,estimated
2024-07-23,conda/conda,6260,3,wayback
2024-07-23,mamba-org/mamba,6585,0,estimated
2024-07-23,prefix-dev/pixi,2467,8,estimated
2024-07-24,conda/conda,6262,2,estimated
2024-07-24,mamba-org/mamba,6589,4,estimated
2024-07-24,prefix-dev/pixi,2471,4,estimated
2024-07-25,conda/conda,6265,3,estimated
2024-07-25,mamba-org/mamba,6593,4,estimated
2024-07-25,prefix-dev/pixi,2476,5,estimated
2024-07-26,conda/conda,6270,5,estimated
2024-07-26,mamba-org/mamba,6597,4,estimated
2024-07-26,prefix-dev/pixi,2482,6,estimated
2024-07-27,conda/conda,6271,1,estimated
2024-07-27,mamba-org/mamba,6599,2,estimated
2024-07-27,prefix-dev/pixi,2487,5,estimated
2024-07-28,conda/conda,6272,1,estimated
2024-07-28,mamba-org/mamba,6602,3,estimated
2024-07-28,prefix-dev/pixi,2490,3,estimated
2024-07-29,conda/conda,6272,0,estimated
2024-07-29,mamba-org/mamba,6604,2,estimated
2024-07-29,prefix-dev/pixi,2500,10,estimated
2024-07-30,conda/conda,6274,2,estimated
2024-07-30,mamba-org/mamba,6607,3,estimated
2024-07-30,prefix-dev/pixi,2509,9,estimated
2024-07-31,conda/conda,6275,1,estimated
2024-07-31,mamba-org/mamba,6609,2,estimated
2024-07-31,prefix-dev/pixi,2515,6,estimated
2024-08-01,conda/conda,6276,1,estimated
2024-08-01,mamba-org/mamba,6612,3,wayback
2024-08-01,prefix-dev/pixi,2521,6,estimated
2024-08-02,conda/conda,6281,5,estimated
2024-08-02,mamba-org/mamba,6614,2,estimated
2024-08-02,prefix-dev/pixi,2528,7,estimated
2024-08-03,conda/conda,6283,2,wayback
2024-08-03,mamba-org/mamba,6615,1,estimated
2024-08-03,prefix-dev/pixi,2533,5,estimated
2024-08-04,conda/conda,6285,2,estimated
2024-08-04,mamba-org/mamba,6615,0,estimated
2024-08-04,prefix-dev/pixi,2536,3,estimated
2024-08-05,conda/conda,6286,1,estimated
2024-08-05,mamba-org/mamba,6616,1,estimated
2024-08-05,prefix-dev/pixi,2541,5,estimated
2024-08-06,conda/conda,6287,1,estimated
2024-08-06,mamba-org/mamba,6621,5,estimated
2024-08-06,prefix-dev/pixi,2556,15,estimated
2024-08-07,conda/conda,6289,2,estimated
2024-08-07,mamba-org/mamba,6626,5,estimated
2024-08-07,prefix-dev/pixi,2573,17,estimated
2024-08-08,conda/conda,6292,3,estimated
2024-08-08,mamba-org/mamba,6627,1,estimated
2024-08-08,prefix-dev/pixi,2605,32,estimated
2024-08-09,conda/conda,6294,2,estimated
2024-08-09,mamba-org/mamba,6631,4,estimated
2024-08-09,prefix-dev/pixi,2620,15,wayback
2024-08-10,conda/conda,6296,2,estimated
2024-08-10,mamba-org/mamba,6632,1,estimated
2024-08-10,prefix-dev/pixi,2625,5,estimated
2024-08-11,conda/conda,6296,0,estimated
2024-08-11,mamba-org/mamba,6633,1,estimated
2024-08-11,prefix-dev/pixi,2628,3,estimated
2024-08-12,conda/conda,6298,2,estimated
2024-08-12,mamba-org/mamba,6634,1,estimated
2024-08-12,prefix-dev/pixi,2643,15,estimated
2024-08-13,conda/conda,6300,2,estimated
2024-08-13,mamba-org/mamba,6637,3,estimated
2024-08-13,prefix-dev/pixi,2658,15,estimated
2024-08-14,conda/conda,6301,1,estimated
2024-08-14,mamba-org/mamba,6642,5,estimated
2024-08-14,prefix-dev/pixi,2664,6,estimated
2024-08-15,conda/conda,6302,1,estimated
2024-08-15,mamba-org/mamba,6647,5,estimated
2024-08-15,prefix-dev/pixi,2669,5,estimated
2024-08-16,conda/conda,6303,1,estimated
2024-08-16,mamba-org/mamba,6651,4,estimated
2024-08-16,prefix-dev/pixi,2681,12,estimated
2024-08-17,conda/conda,6304,1,estimated
2024-08-17,mamba-org/mamba,6653,2,estimated
2024-08-17,prefix-dev/pixi,2693,12,estimated
2024-08-18,conda/conda,6305,1,estimated
2024-08-18,mamba-org/mamba,6654,1,estimated
2024-08-18,prefix-dev/pixi,2697,4,estimated
2024-08-19,conda/conda,6305,0,estimated
2024-08-19,mamba-org/mamba,6657,3,estimated
2024-08-19,prefix-dev/pixi,2700,3,estimated
2024-08-20,conda/conda,6305,0,estimated
2024-08-20,mamba-org/mamba,6659,2,estimated
2024-08-20,prefix-dev/pixi,2706,6,estimated
2024-08-21,conda/conda,6306,1,estimated
2024-08-21,mamba-org/mamba,6664,5,estimated
2024-08-21,prefix-dev/pixi,2718,12,estimated
2024-08-22,conda/conda,6309,3,estimated
2024-08-22,mamba-org/mamba,6669,5,estimated
2024-08-22,prefix-dev/pixi,2732,14,estimated
2024-08-23,conda/conda,6311,2,estimated
2024-08-23,mamba-org/mamba,6671,2,estimated
2024-08-23,prefix-dev/pixi,2746,14,estimated
2024-08-24,conda/conda,6314,3,estimated
2024-08-24,mamba-org/mamba,6671,0,estimated
2024-08-24,prefix-dev/pixi,2757,11,estimated
2024-08-25,conda/conda,6315,1,estimated
2024-08-25,mamba-org/mamba,6676,5,estimated
2024-08-25,prefix-dev/pixi,2767,10,estimated
2024-08-26,conda/conda,6315,0,estimated
2024-08-26,mamba-org/mamba,6678,2,estimated
2024-08-26,prefix-dev/pixi,2776,9,estimated
2024-08-27,conda/conda,6315,0,estimated
2024-08-27,mamba-org/mamba,6680,2,estimated
2024-08-27,prefix-dev/pixi,2785,9,estimated
2024-08-28,conda/conda,6316,1,estimated
2024-08-28,mamba-org/mamba,6686,6,estimated
2024-08-28,prefix-dev/pixi,2792,7,estimated
2024-08-29,conda/conda,6318,2,estimated
2024-08-29,mamba-org/mamba,6687,1,estimated
2024-08-29,prefix-dev/pixi,2802,10,estimated
2024-08-30,conda/conda,6320,2,estimated
2024-08-30,mamba-org/mamba,6690,3,estimated
2024-08-30,prefix-dev/pixi,2807,5,estimated
2024-08-31,conda/conda,6321,1,estimated
2024-08-31,mamba-org/mamba,6691,1,estimated
2024-08-31,prefix-dev/pixi,2813,6,estimated
2024-09-01,conda/conda,6321,0,estimated
2024-09-01,mamba-org/mamba,6693,2,estimated
2024-09-01,prefix-dev/pixi,2817,4,estimated
2024-09-02,conda/conda,6322,1,estimated
2024-09-02,mamba-org/mamba,6695,2,estimated
2024-09-02,prefix-dev/pixi,2829,12,estimated
2024-09-03,conda/conda,6325,3,estimated
2024-09-03,mamba-org/mamba,6698,3,estimated
2024-09-03,prefix-dev/pixi,2845,16,estimated
2024-09-04,conda/conda,6326,1,estimated
2024-09-04,mamba-org/mamba,6702,4,estimated
2024-09-04,prefix-dev/pixi,2852,7,estimated
2024-09-05,conda/conda,6328,2,estimated
2024-09-05,mamba-org/mamba,6706,4,estimated
2024-09-05,prefix-dev/pixi,2863,11,estimated
2024-09-06,conda/conda,6328,0,estimated
2024-09-06,mamba-org/mamba,6712,6,estimated
2024-09-06,prefix-dev/pixi,2873,10,estimated
2024-09-07,conda/conda,6328,0,estimated
2024-09-07,mamba-org/mamba,6713,1,estimated
2024-09-07,prefix-dev/pixi,2878,5,estimated
2024-09-08,conda/conda,6331,3,estimated
2024-09-08,mamba-org/mamba,6713,0,estimated
2024-09-08,prefix-dev/pixi,2884,6,estimated
2024-09-09,conda/conda,6331,0,estimated
2024-09-09,mamba-org/mamba,6721,8,wayback
2024-09-09,prefix-dev/pixi,2889,5,wayback
2024-09-10,conda/conda,6334,3,estimated
2024-09-10,mamba-org/mamba,6726,5,estimated
2024-09-10,prefix-dev/pixi,2892,3,estimated
2024-09-11,conda/conda,6335,1,estimated
2024-09-11,mamba-org/mamba,6727,1,estimated
2024-09-11,prefix-dev/pixi,2895,3,estimated
2024-09-12,conda/conda,6337,2,estimated
2024-09-12,mamba-org/mamba,6730,3,estimated
2024-09-12,prefix-dev/pixi,2900,5,estimated
2024-09-13,conda/conda,6339,2,estimated
2024-09-13,mamba-org/mamba,6732,2,estimated
2024-09-13,prefix-dev/pixi,2903,3,estimated
2024-09-14,conda/conda,6341,2,estimated
2024-09-14,mamba-org/mamba,6734,2,estimated
2024-09-14,prefix-dev/pixi,2905,2,estimated
2024-09-15,conda/conda,6343,2,estimated
2024-09-15,mamba-org/mamba,6737,3,estimated
2024-09-15,prefix-dev/pixi,2906,1,estimated
2024-09-16,conda/conda,6344,1,estimated
2024-09-16,mamba-org/mamba,6737,0,estimated
2024-09-16,prefix-dev/pixi,2912,6,estimated
2024-09-17,conda/conda,6345,1,estimated
2024-09-17,mamba-org/mamba,6739,2,estimated
2024-09-17,prefix-dev/pixi,2917,5,estimated
2024-09-18,conda/conda,6347,2,wayback
2024-09-18,mamba-org/mamba,6743,4,estimated
2024-09-18,prefix-dev/pixi,2930,13,estimated
2024-09-19,conda/conda,6350,3,estimated
2024-09-19,mamba-org/mamba,6746,3,estimated
2024-09-19,prefix-dev/pixi,2940,10,estimated
2024-09-20,conda/conda,6358,8,estimated
2024-09-20,mamba-org/mamba,6750,4,estimated
2024-09-20,prefix-dev/pixi,2951,11,estimated
2024-09-21,conda/conda,6362,4,estimated
2024-09-21,mamba-org/mamba,6753,3,estimated
2024-09-21,prefix-dev/pixi,2956,5,estimated
2024-09-22,conda/conda,6362,0,estimated
2024-09-22,mamba-org/mamba,6755,2,estimated
2024-09-22,prefix-dev/pixi,2959,3,estimated
2024-09-23,conda/conda,6364,2,estimated
2024-09-23,mamba-org/mamba,6758,3,estimated
2024-09-23,prefix-dev/pixi,2965,6,estimated
2024-09-24,conda/conda,6366,2,estimated
2024-09-24,mamba-org/mamba,6764,6,estimated
2024-09-24,prefix-dev/pixi,2972,7,estimated
2024-09-25,conda/conda,6367,1,estimated
2024-09-25,mamba-org/mamba,6766,2,estimated
2024-09-25,prefix-dev/pixi,2985,13,estimated
2024-09-26,conda/conda,6367,0,estimated
2024-09-26,mamba-org/mamba,6772,6,estimated
2024-09-26,prefix-dev/pixi,2995,10,estimated
2024-09-27,conda/conda,6368,1,estimated
2024-09-27,mamba-org/mamba,6776,4,estimated
2024-09-27,prefix-dev/pixi,3001,6,estimated
2024-09-28,conda/conda,6369,1,estimated
2024-09-28,mamba-org/mamba,6777,1,estimated
2024-09-28,prefix-dev/pixi,3005,4,estimated
2024-09-29,conda/conda,6370,1,estimated
2024-09-29,mamba-org/mamba,6779,2,estimated
2024-09-29,prefix-dev/pixi,3012,7,estimated
2024-09-30,conda/conda,6376,6,estimated
2024-09-30,mamba-org/mamba,6781,2,estimated
2024-09-30,prefix-dev/pixi,3021,9,estimated
2024-10-01,conda/conda,6377,1,wayback
2024-10-01,mamba-org/mamba,6783,2,estimated
2024-10-01,prefix-dev/pixi,3025,4,estimated
2024-10-02,conda/conda,6378,1,estimated
2024-10-02,mamba-org/mamba,6791,8,estimated
2024-10-02,prefix-dev/pixi,3031,6,estimated
2024-10-03,conda/conda,6380,2,estimated
2024-10-03,mamba-org/mamba,6791,0,wayback
2024-10-03,prefix-dev/pixi,3033,2,estimated
2024-10-04,conda/conda,6381,1,estimated
2024-10-04,mamba-org/mamba,6793,2,estimated
2024-10-04,prefix-dev/pixi,3034,1,estimated
2024-10-05,conda/conda,6381,0,estimated
2024-10-05,mamba-org/mamba,6796,3,estimated
2024-10-05,prefix-dev/pixi,3037,3,estimated
2024-10-06,conda/conda,6381,0,estimated
2024-10-06,mamba-org/mamba,6797,1,estimated
2024-10-06,prefix-dev/pixi,3038,1,estimated
2024-10-07,conda/conda,6384,3,estimated
2024-10-07,mamba-org/mamba,6798,1,estimated
2024-10-07,prefix-dev/pixi,3043,5,wayback
2024-10-08,conda/conda,6387,3,estimated
2024-10-08,mamba-org/mamba,6802,4,estimated
2024-10-08,prefix-dev/pixi,3055,12,estimated
2024-10-09,conda/conda,6389,2,estimated
2024-10-09,mamba-org/mamba,6809,7,estimated
2024-10-09,prefix-dev/pixi,3067,12,estimated
2024-10-10,conda/conda,6390,1,estimated
2024-10-10,mamba-org/mamba,6814,5,estimated
2024-10-10,prefix-dev/pixi,3077,10,estimated
2024-10-11,conda/conda,6392,2,estimated
2024-10-11,mamba-org/mamba,6817,3,estimated
2024-10-11,prefix-dev/pixi,3092,15,estimated
2024-10-12,conda/conda,6393,1,estimated
2024-10-12,mamba-org/mamba,6821,4,estimated
2024-10-12,prefix-dev/pixi,3101,9,estimated
2024-10-13,conda/conda,6393,0,estimated
2024-10-13,mamba-org/mamba,6823,2,estimated
2024-10-13,prefix-dev/pixi,3105,4,estimated
2024-10-14,conda/conda,6397,4,estimated
2024-10-14,mamba-org/mamba,6826,3,estimated
2024-10-14,prefix-dev/pixi,3116,11,estimated
2024-10-15,conda/conda,6402,5,estimated
2024-10-15,mamba-org/mamba,6831,5,estimated
2024-10-15,prefix-dev/pixi,3123,7,estimated
2024-10-16,conda/conda,6402,0,estimated
2024-10-16,mamba-org/mamba,6832,1,estimated
2024-10-16,prefix-dev/pixi,3129,6,estimated
2024-10-17,conda/conda,6405,3,estimated
2024-10-17,mamba-org/mamba,6837,5,estimated
2024-10-17,prefix-dev/pixi,3135,6,estimated
2024-10-18,conda/conda,6407,2,estimated
2024-10-18,mamba-org/mamba,6842,5,estimated
2024-10-18,prefix-dev/pixi,3140,5,estimated
2024-10-19,conda/conda,6407,0,estimated
2024-10-19,mamba-org/mamba,6847,5,estimated
2024-10-19,prefix-dev/pixi,3143,3,estimated
2024-10-20,conda/conda,6408,1,estimated
2024-10-20,mamba-org/mamba,6847,0,estimated
2024-10-20,prefix-dev/pixi,3149,6,estimated
2024-10-21,conda/conda,6410,2,estimated
2024-10-21,mamba-org/mamba,6848,1,estimated
2024-10-21,prefix-dev/pixi,3157,8,estimated
2024-10-22,conda/conda,6412,2,estimated
2024-10-22,mamba-org/mamba,6850,2,estimated
2024-10-22,prefix-dev/pixi,3161,4,estimated
2024-10-23,conda/conda,6414,2,estimated
2024-10-23,mamba-org/mamba,6855,5,estimated
2024-10-23,prefix-dev/pixi,3170,9,estimated
2024-10-24,conda/conda,6417,3,estimated
2024-10-24,mamba-org/mamba,6856,1,estimated
2024-10-24,prefix-dev/pixi,3177,7,estimated
2024-10-25,conda/conda,6421,4,estimated
2024-10-25,mamba-org/mamba,6857,1,estimated
2024-10-25,prefix-dev/pixi,3184,7,estimated
2024-10-26,conda/conda,6424,3,estimated
2024-10-26,mamba-org/mamba,6859,2,estimated
2024-10-26,prefix-dev/pixi,3187,3,estimated
2024-10-27,conda/conda,6425,1,estimated
2024-10-27,mamba-org/mamba,6859,0,estimated
2024-10-27,prefix-dev/pixi,3192,5,estimated
2024-10-28,conda/conda,6429,4,estimated
2024-10-28,mamba-org/mamba,6862,3,estimated
2024-10-28,prefix-dev/pixi,3200,8,estimated
2024-10-29,conda/conda,6430,1,estimated
2024-10-29,mamba-org/mamba,6866,4,estimated
2024-10-29,prefix-dev/pixi,3207,7,estimated
2024-10-30,conda/conda,6432,2,estimated
2024-10-30,mamba-org/mamba,6868,2,estimated
2024-10-30,prefix-dev/pixi,3212,5,estimated
2024-10-31,conda/conda,6433,1,estimated
2024-10-31,mamba-org/mamba,6872,4,estimated
2024-10-31,prefix-dev/pixi,3216,4,estimated
2024-11-01,conda/conda,6434,1,estimated
2024-11-01,mamba-org/mamba,6878,6,estimated
2024-11-01,prefix-dev/pixi,3218,2,estimated
2024-11-02,conda/conda,6436,2,estimated
2024-11-02,mamba-org/mamba,6881,3,estimated
2024-11-02,prefix-dev/pixi,3219,1,estimated
2024-11-03,conda/conda,6436,0,estimated
2024-11-03,mamba-org/mamba,6881,0,estimated
2024-11-03,prefix-dev/pixi,3224,5,estimated
2024-11-04,conda/conda,6438,2,estimated
2024-11-04,mamba-org/mamba,6883,2,estimated
2024-11-04,prefix-dev/pixi,3226,2,estimated
2024-11-05,conda/conda,6438,0,estimated
2024-11-05,mamba-org/mamba,6887,4,estimated
2024-11-05,prefix-dev/pixi,3231,5,estimated
2024-11-06,conda/conda,6442,4,estimated
2024-11-06,mamba-org/mamba,6890,3,estimated
2024-11-06,prefix-dev/pixi,3239,8,estimated
2024-11-07,conda/conda,6442,0,estimated
2024-11-07,mamba-org/mamba,6894,4,estimated
2024-11-07,prefix-dev/pixi,3251,12,estimated
2024-11-08,conda/conda,6445,3,estimated
2024-11-08,mamba-org/mamba,6899,5,estimated
2024-11-08,prefix-dev/pixi,3267,16,estimated
2024-11-09,conda/conda,6447,2,estimated
2024-11-09,mamba-org/mamba,6900,1,estimated
2024-11-09,prefix-dev/pixi,3272,5,estimated
2024-11-10,conda/conda,6447,0,estimated
2024-11-10,mamba-org/mamba,6906,6,estimated
2024-11-10,prefix-dev/pixi,3278,6,estimated
2024-11-11,conda/conda,6448,1,estimated
2024-11-11,mamba-org/mamba,6910,4,estimated
2024-11-11,prefix-dev/pixi,3288,10,estimated
2024-11-12,conda/conda,6452,4,estimated
2024-11-12,mamba-org/mamba,6914,4,estimated
2024-11-12,prefix-dev/pixi,3293,5,estimated
2024-11-13,conda/conda,6454,2,estimated
2024-11-13,mamba-org/mamba,6918,4,wayback
2024-11-13,prefix-dev/pixi,3302,9,estimated
2024-11-14,conda/conda,6454,0,estimated
2024-11-14,mamba-org/mamba,6923,5,estimated
2024-11-14,prefix-dev/pixi,3313,11,wayback
2024-11-15,conda/conda,6454,0,estimated
2024-11-15,mamba-org/mamba,6926,3,estimated
2024-11-15,prefix-dev/pixi,3321,8,estimated
2024-11-16,conda/conda,6454,0,estimated
2024-11-16,mamba-org/mamba,6928,2,estimated
2024-11-16,prefix-dev/pixi,3325,4,estimated
2024-11-17,conda/conda,6454,0,estimated
2024-11-17,mamba-org/mamba,6933,5,estimated
2024-11-17,prefix-dev/pixi,3334,9,estimated
2024-11-18,conda/conda,6454,0,estimated
2024-11-18,mamba-org/mamba,6938,5,estimated
2024-11-18,prefix-dev/pixi,3343,9,estimated
2024-11-19,conda/conda,6456,2,wayback
2024-11-19,mamba-org/mamba,6942,4,estimated
2024-11-19,prefix-dev/pixi,3351,8,estimated
2024-11-20,conda/conda,6457,1,estimated
2024-11-20,mamba-org/mamba,6943,1,estimated
2024-11-20,prefix-dev/pixi,3361,10,estimated
2024-11-21,conda/conda,6459,2,estimated
2024-11-21,mamba-org/mamba,6946,3,estimated
2024-11-21,prefix-dev/pixi,3368,7,estimated
2024-11-22,conda/conda,6461,2,estimated
2024-11-22,mamba-org/mamba,6949,3,estimated
2024-11-22,prefix-dev/pixi,3373,5,estimated
2024-11-23,conda/conda,6462,1,estimated
2024-11-23,mamba-org/mamba,6950,1,estimated
2024-11-23,prefix-dev/pixi,3376,3,estimated
2024-11-24,conda/conda,6466,4,estimated
2024-11-24,mamba-org/mamba,6952,2,estimated
2024-11-24,prefix-dev/pixi,3377,1,estimated
2024-11-25,conda/conda,6470,4,estimated
2024-11-25,mamba-org/mamba,6955,3,estimated
2024-11-25,prefix-dev/pixi,3378,1,estimated
2024-11-26,conda/conda,6474,4,estimated
2024-11-26,mamba-org/mamba,6958,3,estimated
2024-11-26,prefix-dev/pixi,3380,2,estimated
2024-11-27,conda/conda,6478,4,estimated
2024-11-27,mamba-org/mamba,6960,2,estimated
2024-11-27,prefix-dev/pixi,3387,7,estimated
2024-11-28,conda/conda,6483,5,estimated
2024-11-28,mamba-org/mamba,6963,3,estimated
2024-11-28,prefix-dev/pixi,3390,3,estimated
2024-11-29,conda/conda,6483,0,estimated
2024-11-29,mamba-org/mamba,6966,3,estimated
2024-11-29,prefix-dev/pixi,3394,4,estimated
2024-11-30,conda/conda,6483,0,estimated
2024-11-30,mamba-org/mamba,6966,0,estimated
2024-11-30,prefix-dev/pixi,3396,2,estimated
2024-12-01,conda/conda,6483,0,estimated
2024-12-01,mamba-org/mamba,6968,2,estimated
2024-12-01,prefix-dev/pixi,3399,3,estimated
2024-12-02,conda/conda,6484,1,estimated
2024-12-02,mamba-org/mamba,6972,4,estimated
2024-12-02,prefix-dev/pixi,3405,6,estimated
2024-12-03,conda/conda,6485,1,estimated
2024-12-03,mamba-org/mamba,6978,6,wayback
2024-12-03,prefix-dev/pixi,3416,11,estimated
2024-12-04,conda/conda,6486,1,estimated
2024-12-04,mamba-org/mamba,6982,4,estimated
2024-12-04,prefix-dev/pixi,3430,14,estimated
2024-12-05,conda/conda,6490,4,estimated
2024-12-05,mamba-org/mamba,6986,4,estimated
2024-12-05,prefix-dev/pixi,3445,15,estimated
2024-12-06,conda/conda,6493,3,estimated
2024-12-06,mamba-org/mamba,6989,3,estimated
2024-12-06,prefix-dev/pixi,3455,10,wayback
2024-12-07,conda/conda,6494,1,estimated
2024-12-07,mamba-org/mamba,6990,1,estimated
2024-12-07,prefix-dev/pixi,3460,5,estimated
2024-12-08,conda/conda,6495,1,estimated
2024-12-08,mamba-org/mamba,6991,1,estimated
2024-12-08,prefix-dev/pixi,3468,8,estimated
2024-12-09,conda/conda,6497,2,estimated
2024-12-09,mamba-org/mamba,6997,6,estimated
2024-12-09,prefix-dev/pixi,3474,6,estimated
2024-12-10,conda/conda,6499,2,estimated
2024-12-10,mamba-org/mamba,7002,5,estimated
2024-12-10,prefix-dev/pixi,3479,5,estimated
2024-12-11,conda/conda,6500,1,estimated
2024-12-11,mamba-org/mamba,7004,2,estimated
2024-12-11,prefix-dev/pixi,3483,4,estimated
2024-12-12,conda/conda,6503,3,estimated
2024-12-12,mamba-org/mamba,7007,3,estimated
2024-12-12,prefix-dev/pixi,3494,11,estimated
2024-12-13,conda/conda,6505,2,estimated
2024-12-13,mamba-org/mamba,7009,2,estimated
2024-12-13,prefix-dev/pixi,3500,6,estimated
2024-12-14,conda/conda,6506,1,estimated
2024-12-14,mamba-org/mamba,7011,2,estimated
2024-12-14,prefix-dev/pixi,3507,7,estimated
2024-12-15,conda/conda,6507,1,estimated
2024-12-15,mamba-org/mamba,7011,0,estimated
2024-12-15,prefix-dev/pixi,3512,5,estimated
2024-12-16,conda/conda,6509,2,wayback
2024-12-16,mamba-org/mamba,7014,3,estimated
2024-12-16,prefix-dev/pixi,3520,8,estimated
2024-12-17,conda/conda,6511,2,estimated
2024-12-17,mamba-org/mamba,7016,2,estimated
2024-12-17,prefix-dev/pixi,3530,10,estimated
2024-12-18,conda/conda,6515,4,estimated
2024-12-18,mamba-org/mamba,7020,4,estimated
2024-12-18,prefix-dev/pixi,3534,4,estimated
2024-12-19,conda/conda,6516,1,estimated
2024-12-19,mamba-org/mamba,7021,1,estimated
2024-12-19,prefix-dev/pixi,3538,4,estimated
2024-12-20,conda/conda,6519,3,estimated
2024-12-20,mamba-org/mamba,7022,1,estimated
2024-12-20,prefix-dev/pixi,3544,6,estimated
2024-12-21,conda/conda,6519,0,estimated
2024-12-21,mamba-org/mamba,7028,6,estimated
2024-12-21,prefix-dev/pixi,3549,5,estimated
2024-12-22,conda/conda,6520,1,estimated
2024-12-22,mamba-org/mamba,7029,1,estimated
2024-12-22,prefix-dev/pixi,3554,5,estimated
2024-12-23,conda/conda,6521,1,estimated
2024-12-23,mamba-org/mamba,7031,2,estimated
2024-12-23,prefix-dev/pixi,3562,8,estimated
2024-12-24,conda/conda,6521,0,estimated
2024-12-24,mamba-org/mamba,7031,0,estimated
2024-12-24,prefix-dev/pixi,3568,6,estimated
2024-12-25,conda/conda,6523,2,estimated
2024-12-25,mamba-org/mamba,7034,3,estimated
2024-12-25,prefix-dev/pixi,3576,8,estimated
2024-12-26,conda/conda,6525,2,estimated
2024-12-26,mamba-org/mamba,7034,0,estimated
2024-12-26,prefix-dev/pixi,3581,5,estimated
2024-12-27,conda/conda,6525,0,estimated
2024-12-27,mamba-org/mamba,7036,2,estimated
2024-12-27,prefix-dev/pixi,3583,2,estimated
2024-12-28,conda/conda,6527,2,estimated
2024-12-28,mamba-org/mamba,7039,3,estimated
2024-12-28,prefix-dev/pixi,3589,6,estimated
2024-12-29,conda/conda,6527,0,estimated
2024-12-29,mamba-org/mamba,7040,1,estimated
2024-12-29,prefix-dev/pixi,3589,0,estimated
2024-12-30,conda/conda,6530,3,estimated
2024-12-30,mamba-org/mamba,7041,1,estimated
2024-12-30,prefix-dev/pixi,3594,5,estimated
2024-12-31,conda/conda,6532,2,estimated
2024-12-31,mamba-org/mamba,7043,2,estimated
2024-12-31,prefix-dev/pixi,3600,6,estimated
2025-01-01,conda/conda,6533,1,estimated
2025-01-01,mamba-org/mamba,7044,1,estimated
2025-01-01,prefix-dev/pixi,3601,1,estimated
2025-01-02,conda/conda,6534,1,estimated
2025-01-02,mamba-org/mamba,7045,1,estimated
2025-01-02,prefix-dev/pixi,3607,6,estimated
2025-01-03,conda/conda,6535,1,estimated
2025-01-03,mamba-org/mamba,7048,3,estimated
2025-01-03,prefix-dev/pixi,3611,4,estimated
2025-01-04,conda/conda,6535,0,estimated
2025-01-04,mamba-org/mamba,7051,3,estimated
2025-01-04,prefix-dev/pixi,3614,3,estimated
2025-01-05,conda/conda,6537,2,wayback
2025-01-05,mamba-org/mamba,7051,0,estimated
2025-01-05,prefix-dev/pixi,3616,2,estimated
2025-01-06,conda/conda,6537,0,estimated
2025-01-06,mamba-org/mamba,7053,2,estimated
2025-01-06,prefix-dev/pixi,3624,8,estimated
2025-01-07,conda/conda,6538,1,estimated
2025-01-07,mamba-org/mamba,7056,3,estimated
2025-01-07,prefix-dev/pixi,3631,7,estimated
2025-01-08,conda/conda,6540,2,estimated
2025-01-08,mamba-org/mamba,7058,2,estimated
2025-01-08,prefix-dev/pixi,3638,7,estimated
2025-01-09,conda/conda,6543,3,estimated
2025-01-09,mamba-org/mamba,7061,3,estimated
2025-01-09,prefix-dev/pixi,3650,12,wayback
2025-01-10,conda/conda,6544,1,estimated
2025-01-10,mamba-org/mamba,7063,2,wayback
2025-01-10,prefix-dev/pixi,3654,4,estimated
2025-01-11,conda/conda,6545,1,estimated
2025-01-11,mamba-org/mamba,7064,1,estimated
2025-01-11,prefix-dev/pixi,3659,5,estimated
2025-01-12,conda/conda,6547,2,estimated
2025-01-12,mamba-org/mamba,7065,1,estimated
2025-01-12,prefix-dev/pixi,3668,9,estimated
2025-01-13,conda/conda,6549,2,estimated
2025-01-13,mamba-org/mamba,7065,0,estimated
2025-01-13,prefix-dev/pixi,3672,4,estimated
2025-01-14,conda/conda,6550,1,estimated
2025-01-14,mamba-org/mamba,7068,3,estimated
2025-01-14,prefix-dev/pixi,3676,4,estimated
2025-01-15,conda/conda,6554,4,estimated
2025-01-15,mamba-org/mamba,7071,3,estimated
2025-01-15,prefix-dev/pixi,3681,5,estimated
2025-01-16,conda/conda,6554,0,estimated
2025-01-16,mamba-org/mamba,7075,4,estimated
2025-01-16,prefix-dev/pixi,3684,3,estimated
2025-01-17,conda/conda,6555,1,estimated
2025-01-17,mamba-org/mamba,7076,1,estimated
2025-01-17,prefix-dev/pixi,3694,10,estimated
2025-01-18,conda/conda,6558,3,estimated
2025-01-18,mamba-org/mamba,7079,3,estimated
2025-01-18,prefix-dev/pixi,3698,4,estimated
2025-01-19,conda/conda,6561,3,estimated
2025-01-19,mamba-org/mamba,7082,3,estimated
2025-01-19,prefix-dev/pixi,3700,2,estimated
2025-01-20,conda/conda,6562,1,estimated
2025-01-20,mamba-org/mamba,7083,1,estimated
2025-01-20,prefix-dev/pixi,3708,8,estimated
2025-01-21,conda/conda,6563,1,estimated
2025-01-21,mamba-org/mamba,7086,3,estimated
2025-01-21,prefix-dev/pixi,3715,7,estimated
2025-01-22,conda/conda,6564,1,estimated
2025-01-22,mamba-org/mamba,7087,1,estimated
2025-01-22,prefix-dev/pixi,3720,5,estimated
2025-01-23,conda/conda,6565,1,estimated
2025-01-23,mamba-org/mamba,7089,2,estimated
2025-01-23,prefix-dev/pixi,3731,11,estimated
2025-01-24,conda/conda,6566,1,estimated
2025-01-24,mamba-org/mamba,7090,1,estimated
2025-01-24,prefix-dev/pixi,3739,8,estimated
2025-01-25,conda/conda,6567,1,estimated
2025-01-25,mamba-org/mamba,7090,0,estimated
2025-01-25,prefix-dev/pixi,3749,10,estimated
2025-01-26,conda/conda,6568,1,estimated
2025-01-26,mamba-org/mamba,7092,2,estimated
2025-01-26,prefix-dev/pixi,3753,4,estimated
2025-01-27,conda/conda,6569,1,estimated
2025-01-27,mamba-org/mamba,7092,0,estimated
2025-01-27,prefix-dev/pixi,3760,7,estimated
2025-01-28,conda/conda,6571,2,estimated
2025-01-28,mamba-org/mamba,7093,1,estimated
2025-01-28,prefix-dev/pixi,3765,5,estimated
2025-01-29,conda/conda,6575,4,estimated
2025-01-29,mamba-org/mamba,7094,1,estimated
2025-01-29,prefix-dev/pixi,3773,8,estimated
2025-01-30,conda/conda,6577,2,estimated
2025-01-30,mamba-org/mamba,7096,2,estimated
2025-01-30,prefix-dev/pixi,3781,8,estimated
2025-01-31,conda/conda,6579,2,estimated
2025-01-31,mamba-org/mamba,7098,2,estimated
2025-01-31,prefix-dev/pixi,3787,6,estimated
2025-02-01,conda/conda,6580,1,estimated
2025-02-01,mamba-org/mamba,7103,5,estimated
2025-02-01,prefix-dev/pixi,3794,7,estimated
2025-02-02,conda/conda,6582,2,estimated
2025-02-02,mamba-org/mamba,7104,1,estimated
2025-02-02,prefix-dev/pixi,3799,5,estimated
2025-02-03,conda/conda,6584,2,estimated
2025-02-03,mamba-org/mamba,7106,2,estimated
2025-02-03,prefix-dev/pixi,3805,6,estimated
2025-02-04,conda/conda,6586,2,estimated
2025-02-04,mamba-org/mamba,7109,3,estimated
2025-02-04,prefix-dev/pixi,3808,3,estimated
2025-02-05,conda/conda,6586,0,estimated
2025-02-05,mamba-org/mamba,7109,0,estimated
2025-02-05,prefix-dev/pixi,3816,8,estimated
2025-02-06,conda/conda,6588,2,estimated
2025-02-06,mamba-org/mamba,7110,1,estimated
2025-02-06,prefix-dev/pixi,3821,5,estimated
2025-02-07,conda/conda,6591,3,estimated
2025-02-07,mamba-org/mamba,7111,1,estimated
2025-02-07,prefix-dev/pixi,3829,8,estimated
2025-02-08,conda/conda,6591,0,estimated
2025-02-08,mamba-org/mamba,7112,1,estimated
2025-02-08,prefix-dev/pixi,3830,1,wayback
2025-02-09,conda/conda,6594,3,estimated
2025-02-09,mamba-org/mamba,7115,3,estimated
2025-02-09,prefix-dev/pixi,3832,2,estimated
2025-02-10,conda/conda,6597,3,wayback
2025-02-10,mamba-org/mamba,7117,2,wayback
2025-02-10,prefix-dev/pixi,3836,4,estimated
2025-02-11,conda/conda,6599,2,estimated
2025-02-11,mamba-org/mamba,7119,2,estimated
2025-02-11,prefix-dev/pixi,3843,7,estimated
2025-02-12,conda/conda,6601,2,estimated
2025-02-12,mamba-org/mamba,7121,2,estimated
2025-02-12,prefix-dev/pixi,3852,9,estimated
2025-02-13,conda/conda,6606,5,estimated
2025-02-13,mamba-org/mamba,7122,1,estimated
2025-02-13,prefix-dev/pixi,3853,1,estimated
2025-02-14,conda/conda,6609,3,estimated
2025-02-14,mamba-org/mamba,7126,4,estimated
2025-02-14,prefix-dev/pixi,3858,5,estimated
2025-02-15,conda/conda,6612,3,estimated
2025-02-15,mamba-org/mamba,7130,4,estimated
2025-02-15,prefix-dev/pixi,3862,4,estimated
2025-02-16,conda/conda,6613,1,estimated
2025-02-16,mamba-org/mamba,7130,0,estimated
2025-02-16,prefix-dev/pixi,3864,2,estimated
2025-02-17,conda/conda,6617,4,estimated
2025-02-17,mamba-org/mamba,7132,2,estimated
2025-02-17,prefix-dev/pixi,3872,8,estimated
2025-02-18,conda/conda,6621,4,estimated
2025-02-18,mamba-org/mamba,7133,1,estimated
2025-02-18,prefix-dev/pixi,3882,10,estimated
2025-02-19,conda/conda,6623,2,estimated
2025-02-19,mamba-org/mamba,7141,8,estimated
2025-02-19,prefix-dev/pixi,3891,9,estimated
2025-02-20,conda/conda,6627,4,estimated
2025-02-20,mamba-org/mamba,7143,2,estimated
2025-02-20,prefix-dev/pixi,3896,5,estimated
2025-02-21,conda/conda,6629,2,estimated
2025-02-21,mamba-org/mamba,7146,3,estimated
2025-02-21,prefix-dev/pixi,3902,6,estimated
2025-02-22,conda/conda,6629,0,estimated
2025-02-22,mamba-org/mamba,7148,2,estimated
2025-02-22,prefix-dev/pixi,3903,1,estimated
2025-02-23,conda/conda,6632,3,estimated
2025-02-23,mamba-org/mamba,7149,1,estimated
2025-02-23,prefix-dev/pixi,3904,1,estimated
2025-02-24,conda/conda,6640,8,estimated
2025-02-24,mamba-org/mamba,7152,3,estimated
2025-02-24,prefix-dev/pixi,3907,3,estimated
2025-02-25,conda/conda,6642,2,estimated
2025-02-25,mamba-org/mamba,7154,2,estimated
2025-02-25,prefix-dev/pixi,3912,5,estimated
2025-02-26,conda/conda,6643,1,estimated
2025-02-26,mamba-org/mamba,7160,6,estimated
2025-02-26,prefix-dev/pixi,3914,2,estimated
2025-02-27,conda/conda,6645,2,estimated
2025-02-27,mamba-org/mamba,7163,3,estimated
2025-02-27,prefix-dev/pixi,3919,5,estimated
2025-02-28,conda/conda,6649,4,estimated
2025-02-28,mamba-org/mamba,7169,6,estimated
2025-02-28,prefix-dev/pixi,3922,3,estimated
2025-03-01,conda/conda,6654,5,estimated
2025-03-01,mamba-org/mamba,7170,1,estimated
2025-03-01,prefix-dev/pixi,3923,1,estimated
2025-03-02,conda/conda,6657,3,estimated
2025-03-02,mamba-org/mamba,7173,3,estimated
2025-03-02,prefix-dev/pixi,3928,5,estimated
2025-03-03,conda/conda,6662,5,estimated
2025-03-03,mamba-org/mamba,7174,1,estimated
2025-03-03,prefix-dev/pixi,3939,11,estimated
2025-03-04,conda/conda,6664,2,estimated
2025-03-04,mamba-org/mamba,7175,1,wayback
2025-03-04,prefix-dev/pixi,3944,5,estimated
2025-03-05,conda/conda,6668,4,estimated
2025-03-05,mamba-org/mamba,7178,3,estimated
2025-03-05,prefix-dev/pixi,3954,10,estimated
2025-03-06,conda/conda,6674,6,estimated
2025-03-06,mamba-org/mamba,7181,3,estimated
2025-03-06,prefix-dev/pixi,3961,7,estimated
2025-03-07,conda/conda,6681,7,estimated
2025-03-07,mamba-org/mamba,7185,4,estimated
2025-03-07,prefix-dev/pixi,3967,6,estimated
2025-03-08,conda/conda,6694,13,estimated
2025-03-08,mamba-org/mamba,7189,4,estimated
2025-03-08,prefix-dev/pixi,3972,5,estimated
2025-03-09,conda/conda,6701,7,estimated
2025-03-09,mamba-org/mamba,7190,1,estimated
2025-03-09,prefix-dev/pixi,3978,6,estimated
2025-03-10,conda/conda,6708,7,estimated
2025-03-10,mamba-org/mamba,7194,4,estimated
2025-03-10,prefix-dev/pixi,3985,7,estimated
2025-03-11,conda/conda,6711,3,estimated
2025-03-11,mamba-org/mamba,7196,2,estimated
2025-03-11,prefix-dev/pixi,3991,6,estimated
2025-03-12,conda/conda,6715,4,estimated
2025-03-12,mamba-org/mamba,7197,1,estimated
2025-03-12,prefix-dev/pixi,3994,3,estimated
2025-03-13,conda/conda,6722,7,estimated
2025-03-13,mamba-org/mamba,7201,4,estimated
2025-03-13,prefix-dev/pixi,4001,7,estimated
2025-03-14,conda/conda,6726,4,estimated
2025-03-14,mamba-org/mamba,7204,3,estimated
2025-03-14,prefix-dev/pixi,4005,4,estimated
2025-03-15,conda/conda,6732,6,estimated
2025-03-15,mamba-org/mamba,7205,1,estimated
2025-03-15,prefix-dev/pixi,4010,5,estimated
2025-03-16,conda/conda,6734,2,estimated
2025-03-16,mamba-org/mamba,7208,3,estimated
2025-03-16,prefix-dev/pixi,4017,7,estimated
2025-03-17,conda/conda,6737,3,estimated
2025-03-17,mamba-org/mamba,7209,1,estimated
2025-03-17,prefix-dev/pixi,4026,9,wayback
2025-03-18,conda/conda,6738,1,wayback
2025-03-18,mamba-org/mamba,7212,3,estimated
2025-03-18,prefix-dev/pixi,4037,11,estimated
2025-03-19,conda/conda,6746,8,estimated
2025-03-19,mamba-org/mamba,7214,2,estimated
2025-03-19,prefix-dev/pixi,4043,6,estimated
2025-03-20,conda/conda,6750,4,estimated
2025-03-20,mamba-org/mamba,7215,1,estimated
2025-03-20,prefix-dev/pixi,4052,9,estimated
2025-03-21,conda/conda,6755,5,estimated
2025-03-21,mamba-org/mamba,7218,3,estimated
2025-03-21,prefix-dev/pixi,4059,7,estimated
2025-03-22,conda/conda,6758,3,estimated
2025-03-22,mamba-org/mamba,7221,3,estimated
2025-03-22,prefix-dev/pixi,4065,6,estimated
2025-03-23,conda/conda,6762,4,estimated
2025-03-23,mamba-org/mamba,7223,2,estimated
2025-03-23,prefix-dev/pixi,4070,5,estimated
2025-03-24,conda/conda,6765,3,estimated
2025-03-24,mamba-org/mamba,7226,3,estimated
2025-03-24,prefix-dev/pixi,4078,8,estimated
2025-03-25,conda/conda,6767,2,estimated
2025-03-25,mamba-org/mamba,7235,9,estimated
2025-03-25,prefix-dev/pixi,4087,9,estimated
2025-03-26,conda/conda,6768,1,estimated
2025-03-26,mamba-org/mamba,7240,5,estimated
2025-03-26,prefix-dev/pixi,4094,7,estimated
2025-03-27,conda/conda,6769,1,estimated
2025-03-27,mamba-org/mamba,7244,4,estimated
2025-03-27,prefix-dev/pixi,4101,7,estimated
2025-03-28,conda/conda,6773,4,estimated
2025-03-28,mamba-org/mamba,7245,1,estimated
2025-03-28,prefix-dev/pixi,4106,5,estimated
2025-03-29,conda/conda,6774,1,estimated
2025-03-29,mamba-org/mamba,7249,4,estimated
2025-03-29,prefix-dev/pixi,4110,4,estimated
2025-03-30,conda/conda,6777,3,estimated
2025-03-30,mamba-org/mamba,7252,3,estimated
2025-03-30,prefix-dev/pixi,4114,4,estimated
2025-03-31,conda/conda,6778,1,estimated
2025-03-31,mamba-org/mamba,7254,2,estimated
2025-03-31,prefix-dev/pixi,4122,8,estimated
2025-04-01,conda/conda,6779,1,estimated
2025-04-01,mamba-org/mamba,7256,2,estimated
2025-04-01,prefix-dev/pixi,4128,6,wayback
2025-04-02,conda/conda,6782,3,estimated
2025-04-02,mamba-org/mamba,7258,2,wayback
2025-04-02,prefix-dev/pixi,4137,9,estimated
2025-04-03,conda/conda,6783,1,estimated
2025-04-03,mamba-org/mamba,7263,5,estimated
2025-04-03,prefix-dev/pixi,4146,9,estimated
2025-04-04,conda/conda,6786,3,estimated
2025-04-04,mamba-org/mamba,7268,5,estimated
2025-04-04,prefix-dev/pixi,4150,4,estimated
2025-04-05,conda/conda,6789,3,estimated
2025-04-05,mamba-org/mamba,7270,2,estimated
2025-04-05,prefix-dev/pixi,4154,4,estimated
2025-04-06,conda/conda,6790,1,estimated
2025-04-06,mamba-org/mamba,7270,0,estimated
2025-04-06,prefix-dev/pixi,4160,6,estimated
2025-04-07,conda/conda,6793,3,estimated
2025-04-07,mamba-org/mamba,7273,3,estimated
2025-04-07,prefix-dev/pixi,4163,3,estimated
2025-04-08,conda/conda,6794,1,estimated
2025-04-08,mamba-org/mamba,7278,5,estimated
2025-04-08,prefix-dev/pixi,4167,4,estimated
2025-04-09,conda/conda,6796,2,estimated
2025-04-09,mamba-org/mamba,7280,2,estimated
2025-04-09,prefix-dev/pixi,4174,7,estimated
2025-04-10,conda/conda,6800,4,estimated
2025-04-10,mamba-org/mamba,7285,5,estimated
2025-04-10,prefix-dev/pixi,4185,11,estimated
2025-04-11,conda/conda,6801,1,estimated
2025-04-11,mamba-org/mamba,7287,2,estimated
2025-04-11,prefix-dev/pixi,4192,7,estimated
2025-04-12,conda/conda,6802,1,estimated
2025-04-12,mamba-org/mamba,7290,3,estimated
2025-04-12,prefix-dev/pixi,4195,3,estimated
2025-04-13,conda/conda,6807,5,estimated
2025-04-13,mamba-org/mamba,7292,2,estimated
2025-04-13,prefix-dev/pixi,4202,7,estimated
2025-04-14,conda/conda,6813,6,estimated
2025-04-14,mamba-org/mamba,7295,3,estimated
2025-04-14,prefix-dev/pixi,4213,11,estimated
2025-04-15,conda/conda,6816,3,wayback
2025-04-15,mamba-org/mamba,7299,4,estimated
2025-04-15,prefix-dev/pixi,4220,7,estimated
2025-04-16,conda/conda,6819,3,estimated
2025-04-16,mamba-org/mamba,7300,1,estimated
2025-04-16,prefix-dev/pixi,4226,6,estimated
2025-04-17,conda/conda,6822,3,estimated
2025-04-17,mamba-org/mamba,7304,4,estimated
2025-04-17,prefix-dev/pixi,4230,4,estimated
2025-04-18,conda/conda,6828,6,estimated
2025-04-18,mamba-org/mamba,7309,5,estimated
2025-04-18,prefix-dev/pixi,4235,5,estimated
2025-04-19,conda/conda,6828,0,estimated
2025-04-19,mamba-org/mamba,7313,4,estimated
2025-04-19,prefix-dev/pixi,4243,8,estimated
2025-04-20,conda/conda,6831,3,estimated
2025-04-20,mamba-org/mamba,7313,0,estimated
2025-04-20,prefix-dev/pixi,4243,0,estimated
2025-04-21,conda/conda,6834,3,estimated
2025-04-21,mamba-org/mamba,7317,4,estimated
2025-04-21,prefix-dev/pixi,4250,7,estimated
2025-04-22,conda/conda,6838,4,estimated
2025-04-22,mamba-org/mamba,7318,1,estimated
2025-04-22,prefix-dev/pixi,4262,12,estimated
2025-04-23,conda/conda,6842,4,estimated
2025-04-23,mamba-org/mamba,7323,5,estimated
2025-04-23,prefix-dev/pixi,4274,12,estimated
2025-04-24,conda/conda,6845,3,estimated
2025-04-24,mamba-org/mamba,7324,1,estimated
2025-04-24,prefix-dev/pixi,4283,9,estimated
2025-04-25,conda/conda,6849,4,estimated
2025-04-25,mamba-org/mamba,7327,3,estimated
2025-04-25,prefix-dev/pixi,4299,16,estimated
2025-04-26,conda/conda,6853,4,estimated
2025-04-26,mamba-org/mamba,7329,2,estimated
2025-04-26,prefix-dev/pixi,4304,5,estimated
2025-04-27,conda/conda,6857,4,estimated
2025-04-27,mamba-org/mamba,7331,2,estimated
2025-04-27,prefix-dev/pixi,4308,4,estimated
2025-04-28,conda/conda,6859,2,estimated
2025-04-28,mamba-org/mamba,7332,1,estimated
2025-04-28,prefix-dev/pixi,4312,4,estimated
2025-04-29,conda/conda,6860,1,estimated
2025-04-29,mamba-org/mamba,7334,2,estimated
2025-04-29,prefix-dev/pixi,4317,5,estimated
2025-04-30,conda/conda,6860,0,estimated
2025-04-30,mamba-org/mamba,7337,3,estimated
2025-04-30,prefix-dev/pixi,4326,9,estimated
2025-05-01,conda/conda,6862,2,estimated
2025-05-01,mamba-org/mamba,7338,1,estimated
2025-05-01,prefix-dev/pixi,4337,11,estimated
2025-05-02,conda/conda,6863,1,estimated
2025-05-02,mamba-org/mamba,7344,6,estimated
2025-05-02,prefix-dev/pixi,4341,4,estimated
2025-05-03,conda/conda,6865,2,estimated
2025-05-03,mamba-org/mamba,7347,3,estimated
2025-05-03,prefix-dev/pixi,4345,4,estimated
2025-05-04,conda/conda,6866,1,estimated
2025-05-04,mamba-org/mamba,7349,2,wayback
2025-05-04,prefix-dev/pixi,4346,1,estimated
2025-05-05,conda/conda,6868,2,estimated
2025-05-05,mamba-org/mamba,7351,2,estimated
2025-05-05,prefix-dev/pixi,4352,6,estimated
2025-05-06,conda/conda,6868,0,estimated
2025-05-06,mamba-org/mamba,7352,1,estimated
2025-05-06,prefix-dev/pixi,4357,5,estimated
2025-05-07,conda/conda,6870,2,estimated
2025-05-07,mamba-org/mamba,7352,0,estimated
2025-05-07,prefix-dev/pixi,4365,8,estimated
2025-05-08,conda/conda,6871,1,estimated
2025-05-08,mamba-org/mamba,7352,0,estimated
2025-05-08,prefix-dev/pixi,4374,9,estimated
2025-05-09,conda/conda,6874,3,estimated
2025-05-09,mamba-org/mamba,7355,3,estimated
2025-05-09,prefix-dev/pixi,4378,4,wayback
2025-05-10,conda/conda,6879,5,estimated
2025-05-10,mamba-org/mamba,7359,4,estimated
2025-05-10,prefix-dev/pixi,4382,4,estimated
2025-05-11,conda/conda,6881,2,estimated
2025-05-11,mamba-org/mamba,7359,0,estimated
2025-05-11,prefix-dev/pixi,4383,1,estimated
2025-05-12,conda/conda,6883,2,estimated
2025-05-12,mamba-org/mamba,7363,4,estimated
2025-05-12,prefix-dev/pixi,4391,8,estimated
2025-05-13,conda/conda,6886,3,estimated
2025-05-13,mamba-org/mamba,7371,8,estimated
2025-05-13,prefix-dev/pixi,4394,3,estimated
2025-05-14,conda/conda,6887,1,wayback
2025-05-14,mamba-org/mamba,7374,3,estimated
2025-05-14,prefix-dev/pixi,4404,10,estimated
2025-05-15,conda/conda,6888,1,estimated
2025-05-15,mamba-org/mamba,7375,1,estimated
2025-05-15,prefix-dev/pixi,4409,5,estimated
2025-05-16,conda/conda,6890,2,estimated
2025-05-16,mamba-org/mamba,7375,0,estimated
2025-05-16,prefix-dev/pixi,4416,7,estimated
2025-05-17,conda/conda,6895,5,estimated
2025-05-17,mamba-org/mamba,7377,2,estimated
2025-05-17,prefix-dev/pixi,4421,5,estimated
2025-05-18,conda/conda,6897,2,estimated
2025-05-18,mamba-org/mamba,7379,2,estimated
2025-05-18,prefix-dev/pixi,4430,9,estimated
2025-05-19,conda/conda,6901,4,estimated
2025-05-19,mamba-org/mamba,7382,3,estimated
2025-05-19,prefix-dev/pixi,4438,8,estimated
2025-05-20,conda/conda,6905,4,estimated
2025-05-20,mamba-org/mamba,7384,2,estimated
2025-05-20,prefix-dev/pixi,4442,4,estimated
2025-05-21,conda/conda,6907,2,estimated
2025-05-21,mamba-org/mamba,7386,2,estimated
2025-05-21,prefix-dev/pixi,4451,9,estimated
2025-05-22,conda/conda,6912,5,estimated
2025-05-22,mamba-org/mamba,7388,2,estimated
2025-05-22,prefix-dev/pixi,4464,13,estimated
2025-05-23,conda/conda,6912,0,estimated
2025-05-23,mamba-org/mamba,7388,0,estimated
2025-05-23,prefix-dev/pixi,4479,15,estimated
2025-05-24,conda/conda,6913,1,estimated
2025-05-24,mamba-org/mamba,7389,1,estimated
2025-05-24,prefix-dev/pixi,4485,6,estimated
2025-05-25,conda/conda,6913,0,estimated
2025-05-25,mamba-org/mamba,7391,2,estimated
2025-05-25,prefix-dev/pixi,4488,3,estimated
2025-05-26,conda/conda,6913,0,estimated
2025-05-26,mamba-org/mamba,7393,2,estimated
2025-05-26,prefix-dev/pixi,4495,7,estimated
2025-05-27,conda/conda,6914,1,estimated
2025-05-27,mamba-org/mamba,7395,2,estimated
2025-05-27,prefix-dev/pixi,4508,13,estimated
2025-05-28,conda/conda,6916,2,estimated
2025-05-28,mamba-org/mamba,7395,0,estimated
2025-05-28,prefix-dev/pixi,4512,4,estimated
2025-05-29,conda/conda,6920,4,estimated
2025-05-29,mamba-org/mamba,7396,1,estimated
2025-05-29,prefix-dev/pixi,4523,11,estimated
2025-05-30,conda/conda,6920,0,estimated
2025-05-30,mamba-org/mamba,7397,1,estimated
2025-05-30,prefix-dev/pixi,4530,7,estimated
2025-05-31,conda/conda,6922,2,estimated
2025-05-31,mamba-org/mamba,7400,3,estimated
2025-05-31,prefix-dev/pixi,4531,1,estimated
2025-06-01,conda/conda,6922,0,estimated
2025-06-01,mamba-org/mamba,7400,0,estimated
2025-06-01,prefix-dev/pixi,4535,4,estimated
2025-06-02,conda/conda,6922,0,estimated
2025-06-02,mamba-org/mamba,7402,2,wayback
2025-06-02,prefix-dev/pixi,4538,3,estimated
2025-06-03,conda/conda,6925,3,estimated
2025-06-03,mamba-org/mamba,7406,4,estimated
2025-06-03,prefix-dev/pixi,4549,11,estimated
2025-06-04,conda/conda,6928,3,wayback
2025-06-04,mamba-org/mamba,7408,2,estimated
2025-06-04,prefix-dev/pixi,4551,2,estimated
2025-06-05,conda/conda,6936,8,estimated
2025-06-05,mamba-org/mamba,7408,0,estimated
2025-06-05,prefix-dev/pixi,4555,4,estimated
2025-06-06,conda/conda,6938,2,estimated
2025-06-06,mamba-org/mamba,7410,2,estimated
2025-06-06,prefix-dev/pixi,4558,3,estimated
2025-06-07,conda/conda,6938,0,estimated
2025-06-07,mamba-org/mamba,7411,1,estimated
2025-06-07,prefix-dev/pixi,4562,4,wayback
2025-06-08,conda/conda,6938,0,estimated
2025-06-08,mamba-org/mamba,7413,2,estimated
2025-06-08,prefix-dev/pixi,4567,5,estimated
2025-06-09,conda/conda,6938,0,estimated
2025-06-09,mamba-org/mamba,7418,5,estimated
2025-06-09,prefix-dev/pixi,4577,10,estimated
2025-06-10,conda/conda,6943,5,estimated
2025-06-10,mamba-org/mamba,7420,2,estimated
2025-06-10,prefix-dev/pixi,4582,5,estimated
2025-06-11,conda/conda,6945,2,estimated
2025-06-11,mamba-org/mamba,7420,0,estimated
2025-06-11,prefix-dev/pixi,4592,10,estimated
2025-06-12,conda/conda,6947,2,estimated
2025-06-12,mamba-org/mamba,7423,3,estimated
2025-06-12,prefix-dev/pixi,4594,2,estimated
2025-06-13,conda/conda,6949,2,estimated
2025-06-13,mamba-org/mamba,7429,6,estimated
2025-06-13,prefix-dev/pixi,4600,6,estimated
2025-06-14,conda/conda,6951,2,estimated
2025-06-14,mamba-org/mamba,7433,4,estimated
2025-06-14,prefix-dev/pixi,4604,4,estimated
2025-06-15,conda/conda,6953,2,estimated
2025-06-15,mamba-org/mamba,7435,2,estimated
2025-06-15,prefix-dev/pixi,4605,1,estimated
2025-06-16,conda/conda,6957,4,estimated
2025-06-16,mamba-org/mamba,7440,5,estimated
2025-06-16,prefix-dev/pixi,4613,8,estimated
2025-06-17,conda/conda,6959,2,estimated
2025-06-17,mamba-org/mamba,7442,2,estimated
2025-06-17,prefix-dev/pixi,4613,0,estimated
2025-06-18,conda/conda,6959,0,estimated
2025-06-18,mamba-org/mamba,7443,1,estimated
2025-06-18,prefix-dev/pixi,4618,5,estimated
2025-06-19,conda/conda,6961,2,estimated
2025-06-19,mamba-org/mamba,7446,3,estimated
2025-06-19,prefix-dev/pixi,4628,10,estimated
2025-06-20,conda/conda,6963,2,estimated
2025-06-20,mamba-org/mamba,7446,0,estimated
2025-06-20,prefix-dev/pixi,4647,19,estimated
2025-06-21,conda/conda,6965,2,estimated
2025-06-21,mamba-org/mamba,7452,6,estimated
2025-06-21,prefix-dev/pixi,4658,11,estimated
2025-06-22,conda/conda,6965,0,estimated
2025-06-22,mamba-org/mamba,7453,1,estimated
2025-06-22,prefix-dev/pixi,4662,4,estimated
2025-06-23,conda/conda,6968,3,estimated
2025-06-23,mamba-org/mamba,7453,0,estimated
2025-06-23,prefix-dev/pixi,4673,11,estimated
2025-06-24,conda/conda,6968,0,estimated
2025-06-24,mamba-org/mamba,7453,0,estimated
2025-06-24,prefix-dev/pixi,4692,19,estimated
2025-06-25,conda/conda,6972,4,estimated
2025-06-25,mamba-org/mamba,7456,3,estimated
2025-06-25,prefix-dev/pixi,4696,4,estimated
2025-06-26,conda/conda,6972,0,estimated
2025-06-26,mamba-org/mamba,7461,5,estimated
2025-06-26,prefix-dev/pixi,4698,2,estimated
2025-06-27,conda/conda,6972,0,estimated
2025-06-27,mamba-org/mamba,7462,1,estimated
2025-06-27,prefix-dev/pixi,4701,3,estimated
2025-06-28,conda/conda,6972,0,estimated
2025-06-28,mamba-org/mamba,7462,0,estimated
2025-06-28,prefix-dev/pixi,4706,5,estimated
2025-06-29,conda/conda,6974,2,estimated
2025-06-29,mamba-org/mamba,7463,1,estimated
2025-06-29,prefix-dev/pixi,4711,5,estimated
2025-06-30,conda/conda,6978,4,estimated
2025-06-30,mamba-org/mamba,7467,4,estimated
2025-06-30,prefix-dev/pixi,4720,9,estimated
2025-07-01,conda/conda,6980,2,estimated
2025-07-01,mamba-org/mamba,7467,0,estimated
2025-07-01,prefix-dev/pixi,4725,5,estimated
2025-07-02,conda/conda,6980,0,wayback
2025-07-02,mamba-org/mamba,7468,1,wayback
2025-07-02,prefix-dev/pixi,4731,6,estimated
2025-07-03,conda/conda,6980,0,estimated
2025-07-03,mamba-org/mamba,7468,0,estimated
2025-07-03,prefix-dev/pixi,4743,12,estimated
2025-07-04,conda/conda,6981,1,estimated
2025-07-04,mamba-org/mamba,7469,1,estimated
2025-07-04,prefix-dev/pixi,4746,3,estimated
2025-07-05,conda/conda,6982,1,estimated
2025-07-05,mamba-org/mamba,7472,3,estimated
2025-07-05,prefix-dev/pixi,4751,5,estimated
2025-07-06,conda/conda,6984,2,estimated
2025-07-06,mamba-org/mamba,7472,0,estimated
2025-07-06,prefix-dev/pixi,4758,7,estimated
2025-07-07,conda/conda,6984,0,estimated
2025-07-07,mamba-org/mamba,7477,5,estimated
2025-07-07,prefix-dev/pixi,4763,5,estimated
2025-07-08,conda/conda,6985,1,estimated
2025-07-08,mamba-org/mamba,7478,1,estimated
2025-07-08,prefix-dev/pixi,4770,7,estimated
2025-07-09,conda/conda,6987,2,estimated
2025-07-09,mamba-org/mamba,7483,5,estimated
2025-07-09,prefix-dev/pixi,4780,10,estimated
2025-07-10,conda/conda,6989,2,estimated
2025-07-10,mamba-org/mamba,7486,3,estimated
2025-07-10,prefix-dev/pixi,4786,6,estimated
2025-07-11,conda/conda,6990,1,estimated
2025-07-11,mamba-org/mamba,7487,1,estimated
2025-07-11,prefix-dev/pixi,4793,7,estimated
2025-07-12,conda/conda,6992,2,estimated
2025-07-12,mamba-org/mamba,7490,3,estimated
2025-07-12,prefix-dev/pixi,4799,6,estimated
2025-07-13,conda/conda,6993,1,estimated
2025-07-13,mamba-org/mamba,7492,2,estimated
2025-07-13,prefix-dev/pixi,4811,12,estimated
2025-07-14,conda/conda,6997,4,estimated
2025-07-14,mamba-org/mamba,7493,1,estimated
2025-07-14,prefix-dev/pixi,4821,10,estimated
2025-07-15,conda/conda,6997,0,estimated
2025-07-15,mamba-org/mamba,7495,2,estimated
2025-07-15,prefix-dev/pixi,4831,10,wayback
2025-07-16,conda/conda,6997,0,estimated
2025-07-16,mamba-org/mamba,7498,3,estimated
2025-07-16,prefix-dev/pixi,4840,9,estimated
2025-07-17,conda/conda,6999,2,estimated
2025-07-17,mamba-org/mamba,7509,11,estimated
2025-07-17,prefix-dev/pixi,4848,8,estimated
2025-07-18,conda/conda,7000,1,estimated
2025-07-18,mamba-org/mamba,7512,3,estimated
2025-07-18,prefix-dev/pixi,4855,7,estimated
2025-07-19,conda/conda,7000,0,estimated
2025-07-19,mamba-org/mamba,7514,2,estimated
2025-07-19,prefix-dev/pixi,4862,7,estimated
2025-07-20,conda/conda,7001,1,estimated
2025-07-20,mamba-org/mamba,7515,1,estimated
2025-07-20,prefix-dev/pixi,4864,2,estimated
2025-07-21,conda/conda,7002,1,estimated
2025-07-21,mamba-org/mamba,7515,0,estimated
2025-07-21,prefix-dev/pixi,4867,3,estimated
2025-07-22,conda/conda,7004,2,estimated
2025-07-22,mamba-org/mamba,7518,3,estimated
2025-07-22,prefix-dev/pixi,4868,1,estimated
2025-07-23,conda/conda,7006,2,estimated
2025-07-23,mamba-org/mamba,7520,2,estimated
2025-07-23,prefix-dev/pixi,4878,10,estimated
2025-07-24,conda/conda,7006,0,estimated
2025-07-24,mamba-org/mamba,7523,3,estimated
2025-07-24,prefix-dev/pixi,4885,7,estimated
2025-07-25,conda/conda,7006,0,estimated
2025-07-25,mamba-org/mamba,7524,1,estimated
2025-07-25,prefix-dev/pixi,4892,7,estimated
2025-07-26,conda/conda,7006,0,estimated
2025-07-26,mamba-org/mamba,7526,2,estimated
2025-07-26,prefix-dev/pixi,4901,9,estimated
2025-07-27,conda/conda,7006,0,estimated
2025-07-27,mamba-org/mamba,7527,1,estimated
2025-07-27,prefix-dev/pixi,4902,1,estimated
2025-07-28,conda/conda,7006,0,estimated
2025-07-28,mamba-org/mamba,7531,4,estimated
2025-07-28,prefix-dev/pixi,4907,5,estimated
2025-07-29,conda/conda,7006,0,estimated
2025-07-29,mamba-org/mamba,7533,2,estimated
2025-07-29,prefix-dev/pixi,4915,8,estimated
2025-07-30,conda/conda,7006,0,estimated
2025-07-30,mamba-org/mamba,7534,1,estimated
2025-07-30,prefix-dev/pixi,4922,7,estimated
2025-07-31,conda/conda,7010,4,estimated
2025-07-31,mamba-org/mamba,7534,0,estimated
2025-07-31,prefix-dev/pixi,4934,12,estimated
2025-08-01,conda/conda,7012,2,estimated
2025-08-01,mamba-org/mamba,7537,3,estimated
2025-08-01,prefix-dev/pixi,4942,8,estimated
2025-08-02,conda/conda,7012,0,estimated
2025-08-02,mamba-org/mamba,7537,0,estimated
2025-08-02,prefix-dev/pixi,4947,5,estimated
2025-08-03,conda/conda,7014,2,estimated
2025-08-03,mamba-org/mamba,7540,3,estimated
2025-08-03,prefix-dev/pixi,4952,5,estimated
2025-08-04,conda/conda,7015,1,wayback
2025-08-04,mamba-org/mamba,7542,2,estimated
2025-08-04,prefix-dev/pixi,4959,7,estimated
2025-08-05,conda/conda,7017,2,estimated
2025-08-05,mamba-org/mamba,7543,1,estimated
2025-08-05,prefix-dev/pixi,4962,3,estimated
2025-08-06,conda/conda,7019,2,estimated
2025-08-06,mamba-org/mamba,7543,0,estimated
2025-08-06,prefix-dev/pixi,4965,3,estimated
2025-08-07,conda/conda,7030,11,estimated
2025-08-07,mamba-org/mamba,7548,5,estimated
2025-08-07,prefix-dev/pixi,4972,7,estimated
2025-08-08,conda/conda,7030,0,estimated
2025-08-08,mamba-org/mamba,7555,7,estimated
2025-08-08,prefix-dev/pixi,4979,7,estimated
2025-08-09,conda/conda,7030,0,estimated
2025-08-09,mamba-org/mamba,7557,2,estimated
2025-08-09,prefix-dev/pixi,4989,10,estimated
2025-08-10,conda/conda,7032,2,estimated
2025-08-10,mamba-org/mamba,7564,7,estimated
2025-08-10,prefix-dev/pixi,4998,9,wayback
2025-08-11,conda/conda,7036,4,estimated
2025-08-11,mamba-org/mamba,7567,3,estimated
2025-08-11,prefix-dev/pixi,5003,5,estimated
2025-08-12,conda/conda,7036,0,estimated
2025-08-12,mamba-org/mamba,7568,1,estimated
2025-08-12,prefix-dev/pixi,5013,10,estimated
2025-08-13,conda/conda,7036,0,estimated
2025-08-13,mamba-org/mamba,7570,2,estimated
2025-08-13,prefix-dev/pixi,5016,3,estimated
2025-08-14,conda/conda,7038,2,estimated
2025-08-14,mamba-org/mamba,7576,6,estimated
2025-08-14,prefix-dev/pixi,5022,6,estimated
2025-08-15,conda/conda,7038,0,estimated
2025-08-15,mamba-org/mamba,7579,3,estimated
2025-08-15,prefix-dev/pixi,5036,14,estimated
2025-08-16,conda/conda,7040,2,estimated
2025-08-16,mamba-org/mamba,7580,1,estimated
2025-08-16,prefix-dev/pixi,5042,6,estimated
2025-08-17,conda/conda,7042,2,estimated
2025-08-17,mamba-org/mamba,7585,5,estimated
2025-08-17,prefix-dev/pixi,5053,11,estimated
2025-08-18,conda/conda,7046,4,estimated
2025-08-18,mamba-org/mamba,7588,3,estimated
2025-08-18,prefix-dev/pixi,5062,9,estimated
2025-08-19,conda/conda,7048,2,estimated
2025-08-19,mamba-org/mamba,7592,4,wayback
2025-08-19,prefix-dev/pixi,5067,5,estimated
2025-08-20,conda/conda,7049,1,estimated
2025-08-20,mamba-org/mamba,7596,4,estimated
2025-08-20,prefix-dev/pixi,5085,18,estimated
2025-08-21,conda/conda,7051,2,estimated
2025-08-21,mamba-org/mamba,7599,3,estimated
2025-08-21,prefix-dev/pixi,5096,11,estimated
2025-08-22,conda/conda,7055,4,estimated
2025-08-22,mamba-org/mamba,7605,6,estimated
2025-08-22,prefix-dev/pixi,5102,6,estimated
2025-08-23,conda/conda,7057,2,estimated
2025-08-23,mamba-org/mamba,7608,3,estimated
2025-08-23,prefix-dev/pixi,5102,0,estimated
2025-08-24,conda/conda,7059,2,estimated
2025-08-24,mamba-org/mamba,7608,0,estimated
2025-08-24,prefix-dev/pixi,5104,2,estimated
2025-08-25,conda/conda,7061,2,estimated
2025-08-25,mamba-org/mamba,7611,3,estimated
2025-08-25,prefix-dev/pixi,5109,5,estimated
2025-08-26,conda/conda,7063,2,estimated
2025-08-26,mamba-org/mamba,7614,3,estimated
2025-08-26,prefix-dev/pixi,5113,4,estimated
2025-08-27,conda/conda,7065,2,estimated
2025-08-27,mamba-org/mamba,7616,2,estimated
2025-08-27,prefix-dev/pixi,5113,0,estimated
2025-08-28,conda/conda,7065,0,estimated
2025-08-28,mamba-org/mamba,7617,1,estimated
2025-08-28,prefix-dev/pixi,5118,5,estimated
2025-08-29,conda/conda,7069,4,estimated
2025-08-29,mamba-org/mamba,7621,4,estimated
2025-08-29,prefix-dev/pixi,5124,6,estimated
2025-08-30,conda/conda,7071,2,estimated
2025-08-30,mamba-org/mamba,7622,1,estimated
2025-08-30,prefix-dev/pixi,5131,7,estimated
2025-08-31,conda/conda,7071,0,estimated
2025-08-31,mamba-org/mamba,7625,3,estimated
2025-08-31,prefix-dev/pixi,5135,4,estimated
2025-09-01,conda/conda,7072,1,estimated
2025-09-01,mamba-org/mamba,7626,1,estimated
2025-09-01,prefix-dev/pixi,5142,7,estimated
2025-09-02,conda/conda,7078,6,estimated
2025-09-02,mamba-org/mamba,7627,1,estimated
2025-09-02,prefix-dev/pixi,5157,15,estimated
2025-09-03,conda/conda,7078,0,estimated
2025-09-03,mamba-org/mamba,7629,2,estimated
2025-09-03,prefix-dev/pixi,5162,5,wayback
2025-09-04,conda/conda,7080,2,estimated
2025-09-04,mamba-org/mamba,7629,0,estimated
2025-09-04,prefix-dev/pixi,5166,4,estimated
2025-09-05,conda/conda,7082,2,wayback
2025-09-05,mamba-org/mamba,7632,3,estimated
2025-09-05,prefix-dev/pixi,5168,2,estimated
2025-09-06,conda/conda,7082,0,estimated
2025-09-06,mamba-org/mamba,7633,1,estimated
2025-09-06,prefix-dev/pixi,5181,13,estimated
2025-09-07,conda/conda,7082,0,estimated
2025-09-07,mamba-org/mamba,7634,1,estimated
2025-09-07,prefix-dev/pixi,5192,11,estimated
2025-09-08,conda/conda,7082,0,estimated
2025-09-08,mamba-org/mamba,7635,1,estimated
2025-09-08,prefix-dev/pixi,5198,6,estimated
2025-09-09,conda/conda,7082,0,estimated
2025-09-09,mamba-org/mamba,7637,2,estimated
2025-09-09,prefix-dev/pixi,5213,15,estimated
2025-09-10,conda/conda,7083,1,estimated
2025-09-10,mamba-org/mamba,7640,3,estimated
2025-09-10,prefix-dev/pixi,5218,5,estimated
2025-09-11,conda/conda,7083,0,estimated
2025-09-11,mamba-org/mamba,7641,1,estimated
2025-09-11,prefix-dev/pixi,5228,10,estimated
2025-09-12,conda/conda,7085,2,estimated
2025-09-12,mamba-org/mamba,7641,0,estimated
2025-09-12,prefix-dev/pixi,5231,3,estimated
2025-09-13,conda/conda,7088,3,estimated
2025-09-13,mamba-org/mamba,7643,2,estimated
2025-09-13,prefix-dev/pixi,5248,17,estimated
2025-09-14,conda/conda,7091,3,estimated
2025-09-14,mamba-org/mamba,7644,1,estimated
2025-09-14,prefix-dev/pixi,5258,10,estimated
2025-09-15,conda/conda,7092,1,estimated
2025-09-15,mamba-org/mamba,7644,0,estimated
2025-09-15,prefix-dev/pixi,5263,5,estimated
2025-09-16,conda/conda,7092,0,estimated
2025-09-16,mamba-org/mamba,7644,0,estimated
2025-09-16,prefix-dev/pixi,5265,2,estimated
2025-09-17,conda/conda,7092,0,estimated
2025-09-17,mamba-org/mamba,7644,0,estimated
2025-09-17,prefix-dev/pixi,5271,6,estimated
2025-09-18,conda/conda,7095,3,estimated
2025-09-18,mamba-org/mamba,7645,1,wayback
2025-09-18,prefix-dev/pixi,5282,11,estimated
2025-09-19,conda/conda,7100,5,estimated
2025-09-19,mamba-org/mamba,7648,3,estimated
2025-09-19,prefix-dev/pixi,5292,10,estimated
2025-09-20,conda/conda,7101,1,estimated
2025-09-20,mamba-org/mamba,7650,2,estimated
2025-09-20,prefix-dev/pixi,5293,1,estimated
2025-09-21,conda/conda,7103,2,estimated
2025-09-21,mamba-org/mamba,7655,5,estimated
2025-09-21,prefix-dev/pixi,5301,8,estimated
2025-09-22,conda/conda,7106,3,estimated
2025-09-22,mamba-org/mamba,7656,1,estimated
2025-09-22,prefix-dev/pixi,5305,4,estimated
2025-09-23,conda/conda,7107,1,estimated
2025-09-23,mamba-org/mamba,7661,5,estimated
2025-09-23,prefix-dev/pixi,5310,5,estimated
2025-09-24,conda/conda,7107,0,estimated
2025-09-24,mamba-org/mamba,7663,2,estimated
2025-09-24,prefix-dev/pixi,5312,2,estimated
2025-09-25,conda/conda,7109,2,estimated
2025-09-25,mamba-org/mamba,7666,3,estimated
2025-09-25,prefix-dev/pixi,5318,6,estimated
2025-09-26,conda/conda,7113,4,estimated
2025-09-26,mamba-org/mamba,7668,2,estimated
2025-09-26,prefix-dev/pixi,5322,4,estimated
2025-09-27,conda/conda,7113,0,estimated
2025-09-27,mamba-org/mamba,7671,3,estimated
2025-09-27,prefix-dev/pixi,5327,5,estimated
2025-09-28,conda/conda,7115,2,estimated
2025-09-28,mamba-org/mamba,7671,0,estimated
2025-09-28,prefix-dev/pixi,5331,4,estimated
2025-09-29,conda/conda,7115,0,estimated
2025-09-29,mamba-org/mamba,7674,3,estimated
2025-09-29,prefix-dev/pixi,5337,6,estimated
2025-09-30,conda/conda,7116,1,estimated
2025-09-30,mamba-org/mamba,7676,2,estimated
2025-09-30,prefix-dev/pixi,5338,1,estimated
2025-10-01,conda/conda,7118,2,estimated
2025-10-01,mamba-org/mamba,7678,2,estimated
2025-10-01,prefix-dev/pixi,5344,6,estimated
2025-10-02,conda/conda,7118,0,estimated
2025-10-02,mamba-org/mamba,7683,5,estimated
2025-10-02,prefix-dev/pixi,5348,4,estimated
2025-10-03,conda/conda,7119,1,estimated
2025-10-03,mamba-org/mamba,7684,1,estimated
2025-10-03,prefix-dev/pixi,5361,13,wayback
2025-10-04,conda/conda,7119,0,estimated
2025-10-04,mamba-org/mamba,7689,5,estimated
2025-10-04,prefix-dev/pixi,5364,3,estimated
2025-10-05,conda/conda,7122,3,estimated
2025-10-05,mamba-org/mamba,7691,2,estimated
2025-10-05,prefix-dev/pixi,5364,0,estimated
2025-10-06,conda/conda,7122,0,wayback
2025-10-06,mamba-org/mamba,7694,3,estimated
2025-10-06,prefix-dev/pixi,5376,12,estimated
2025-10-07,conda/conda,7122,0,estimated
2025-10-07,mamba-org/mamba,7699,5,estimated
2025-10-07,prefix-dev/pixi,5384,8,estimated
2025-10-08,conda/conda,7124,2,estimated
2025-10-08,mamba-org/mamba,7701,2,estimated
2025-10-08,prefix-dev/pixi,5387,3,estimated
2025-10-09,conda/conda,7124,0,estimated
2025-10-09,mamba-org/mamba,7701,0,estimated
2025-10-09,prefix-dev/pixi,5387,0,estimated
2025-10-10,conda/conda,7124,0,estimated
2025-10-10,mamba-org/mamba,7701,0,estimated
2025-10-10,prefix-dev/pixi,5387,0,estimated
2025-10-11,conda/conda,7124,0,estimated
2025-10-11,mamba-org/mamba,7701,0,estimated
2025-10-11,prefix-dev/pixi,5387,0,estimated
2025-10-12,conda/conda,7124,0,estimated
2025-10-12,mamba-org/mamba,7701,0,estimated
2025-10-12,prefix-dev/pixi,5387,0,estimated
2025-10-13,conda/conda,7124,0,estimated
2025-10-13,mamba-org/mamba,7701,0,estimated
2025-10-13,prefix-dev/pixi,5387,0,estimated
2025-10-14,conda/conda,7124,0,estimated
2025-10-14,mamba-org/mamba,7701,0,estimated
2025-10-14,prefix-dev/pixi,5387,0,estimated
2025-10-15,conda/conda,7124,0,estimated
2025-10-15,mamba-org/mamba,7701,0,estimated
2025-10-15,prefix-dev/pixi,5389,2,estimated
2025-10-16,conda/conda,7124,0,estimated
2025-10-16,mamba-org/mamba,7702,1,estimated
2025-10-16,prefix-dev/pixi,5394,5,estimated
2025-10-17,conda/conda,7124,0,estimated
2025-10-17,mamba-org/mamba,7702,0,estimated
2025-10-17,prefix-dev/pixi,5399,5,estimated
2025-10-18,conda/conda,7129,5,estimated
2025-10-18,mamba-org/mamba,7706,4,estimated
2025-10-18,prefix-dev/pixi,5415,16,estimated
2025-10-19,conda/conda,7129,0,estimated
2025-10-19,mamba-org/mamba,7706,0,estimated
2025-10-19,prefix-dev/pixi,5433,18,estimated
2025-10-20,conda/conda,7131,2,estimated
2025-10-20,mamba-org/mamba,7706,0,estimated
2025-10-20,prefix-dev/pixi,5443,10,estimated
2025-10-21,conda/conda,7133,2,estimated
2025-10-21,mamba-org/mamba,7714,8,estimated
2025-10-21,prefix-dev/pixi,5445,2,estimated
2025-10-22,conda/conda,7133,0,estimated
2025-10-22,mamba-org/mamba,7714,0,estimated
2025-10-22,prefix-dev/pixi,5448,3,estimated
2025-10-23,conda/conda,7137,4,estimated
2025-10-23,mamba-org/mamba,7722,8,estimated
2025-10-23,prefix-dev/pixi,5453,5,estimated
2025-10-24,conda/conda,7140,3,estimated
2025-10-24,mamba-org/mamba,7724,2,estimated
2025-10-24,prefix-dev/pixi,5458,5,estimated
2025-10-25,conda/conda,7146,6,estimated
2025-10-25,mamba-org/mamba,7724,0,estimated
2025-10-25,prefix-dev/pixi,5463,5,estimated
2025-10-26,conda/conda,7151,5,estimated
2025-10-26,mamba-org/mamba,7724,0,estimated
2025-10-26,prefix-dev/pixi,5474,11,estimated
2025-10-27,conda/conda,7151,0,estimated
2025-10-27,mamba-org/mamba,7725,1,estimated
2025-10-27,prefix-dev/pixi,5476,2,estimated
2025-10-28,conda/conda,7151,0,estimated
2025-10-28,mamba-org/mamba,7725,0,estimated
2025-10-28,prefix-dev/pixi,5484,8,estimated
2025-10-29,conda/conda,7151,0,estimated
2025-10-29,mamba-org/mamba,7725,0,estimated
2025-10-29,prefix-dev/pixi,5507,23,estimated
2025-10-30,conda/conda,7151,0,estimated
2025-10-30,mamba-org/mamba,7729,4,estimated
2025-10-30,prefix-dev/pixi,5532,25,estimated
2025-10-31,conda/conda,7155,4,estimated
2025-10-31,mamba-org/mamba,7729,0,estimated
2025-10-31,prefix-dev/pixi,5532,0,estimated
2025-11-01,conda/conda,7160,5,estimated
2025-11-01,mamba-org/mamba,7732,3,estimated
2025-11-01,prefix-dev/pixi,5538,6,estimated
2025-11-02,conda/conda,7162,2,estimated
2025-11-02,mamba-org/mamba,7732,0,estimated
2025-11-02,prefix-dev/pixi,5543,5,estimated
2025-11-03,conda/conda,7164,2,estimated
2025-11-03,mamba-org/mamba,7735,3,estimated
2025-11-03,prefix-dev/pixi,5558,15,estimated
2025-11-04,conda/conda,7171,7,estimated
2025-11-04,mamba-org/mamba,7738,3,estimated
2025-11-04,prefix-dev/pixi,5571,13,estimated
2025-11-05,conda/conda,7175,4,estimated
2025-11-05,mamba-org/mamba,7738,0,estimated
2025-11-05,prefix-dev/pixi,5578,7,estimated
2025-11-06,conda/conda,7175,0,wayback
2025-11-06,mamba-org/mamba,7740,2,estimated
2025-11-06,prefix-dev/pixi,5596,18,estimated
2025-11-07,conda/conda,7175,0,estimated
2025-11-07,mamba-org/mamba,7740,0,estimated
2025-11-07,prefix-dev/pixi,5607,11,estimated
2025-11-08,conda/conda,7177,2,estimated
2025-11-08,mamba-org/mamba,7740,0,wayback
2025-11-08,prefix-dev/pixi,5614,7,estimated
2025-11-09,conda/conda,7177,0,estimated
2025-11-09,mamba-org/mamba,7743,3,estimated
2025-11-09,prefix-dev/pixi,5625,11,estimated
2025-11-10,conda/conda,7181,4,estimated
2025-11-10,mamba-org/mamba,7743,0,estimated
2025-11-10,prefix-dev/pixi,5630,5,estimated
2025-11-11,conda/conda,7183,2,estimated
2025-11-11,mamba-org/mamba,7743,0,estimated
2025-11-11,prefix-dev/pixi,5640,10,estimated
2025-11-12,conda/conda,7183,0,estimated
2025-11-12,mamba-org/mamba,7743,0,estimated
2025-11-12,prefix-dev/pixi,5645,5,estimated
2025-11-13,conda/conda,7183,0,estimated
2025-11-13,mamba-org/mamba,7743,0,estimated
2025-11-13,prefix-dev/pixi,5653,8,estimated
2025-11-14,conda/conda,7185,2,estimated
2025-11-14,mamba-org/mamba,7752,9,estimated
2025-11-14,prefix-dev/pixi,5653,0,estimated
2025-11-15,conda/conda,7185,0,estimated
2025-11-15,mamba-org/mamba,7758,6,estimated
2025-11-15,prefix-dev/pixi,5671,18,estimated
2025-11-16,conda/conda,7185,0,estimated
2025-11-16,mamba-org/mamba,7761,3,estimated
2025-11-16,prefix-dev/pixi,5691,20,estimated
2025-11-17,conda/conda,7188,3,estimated
2025-11-17,mamba-org/mamba,7761,0,estimated
2025-11-17,prefix-dev/pixi,5696,5,estimated
2025-11-18,conda/conda,7188,0,estimated
2025-11-18,mamba-org/mamba,7761,0,estimated
2025-11-18,prefix-dev/pixi,5696,0,estimated
2025-11-19,conda/conda,7196,8,estimated
2025-11-19,mamba-org/mamba,7761,0,estimated
2025-11-19,prefix-dev/pixi,5699,3,estimated
2025-11-20,conda/conda,7196,0,estimated
2025-11-20,mamba-org/mamba,7767,6,estimated
2025-11-20,prefix-dev/pixi,5704,5,estimated
2025-11-21,conda/conda,7196,0,estimated
2025-11-21,mamba-org/mamba,7770,3,estimated
2025-11-21,prefix-dev/pixi,5706,2,estimated
2025-11-22,conda/conda,7200,4,estimated
2025-11-22,mamba-org/mamba,7773,3,estimated
2025-11-22,prefix-dev/pixi,5717,11,estimated
2025-11-23,conda/conda,7202,2,estimated
2025-11-23,mamba-org/mamba,7773,0,estimated
2025-11-23,prefix-dev/pixi,5722,5,estimated
2025-11-24,conda/conda,7204,2,estimated
2025-11-24,mamba-org/mamba,7775,2,estimated
2025-11-24,prefix-dev/pixi,5724,2,estimated
2025-11-25,conda/conda,7209,5,estimated
2025-11-25,mamba-org/mamba,7775,0,estimated
2025-11-25,prefix-dev/pixi,5735,11,estimated
2025-11-26,conda/conda,7209,0,estimated
2025-11-26,mamba-org/mamba,7778,3,estimated
2025-11-26,prefix-dev/pixi,5740,5,estimated
2025-11-27,conda/conda,7209,0,estimated
2025-11-27,mamba-org/mamba,7781,3,estimated
2025-11-27,prefix-dev/pixi,5750,10,estimated
2025-11-28,conda/conda,7211,2,estimated
2025-11-28,mamba-org/mamba,7781,0,estimated
2025-11-28,prefix-dev/pixi,5760,10,estimated
2025-11-29,conda/conda,7213,2,estimated
2025-11-29,mamba-org/mamba,7790,9,estimated
2025-11-29,prefix-dev/pixi,5765,5,estimated
2025-11-30,conda/conda,7217,4,estimated
2025-11-30,mamba-org/mamba,7793,3,estimated
2025-11-30,prefix-dev/pixi,5773,8,estimated
2025-12-01,conda/conda,7219,2,estimated
2025-12-01,mamba-org/mamba,7793,0,estimated
2025-12-01,prefix-dev/pixi,5778,5,wayback
2025-12-02,conda/conda,7219,0,wayback
2025-12-02,mamba-org/mamba,7793,0,estimated
2025-12-02,prefix-dev/pixi,5787,9,estimated
2025-12-03,conda/conda,7219,0,estimated
2025-12-03,mamba-org/mamba,7799,6,estimated
2025-12-03,prefix-dev/pixi,5794,7,estimated
2025-12-04,conda/conda,7221,2,estimated
2025-12-04,mamba-org/mamba,7802,3,estimated
2025-12-04,prefix-dev/pixi,5808,14,estimated
2025-12-05,conda/conda,7226,5,estimated
2025-12-05,mamba-org/mamba,7808,6,wayback
2025-12-05,prefix-dev/pixi,5817,9,estimated
2025-12-06,conda/conda,7226,0,estimated
2025-12-06,mamba-org/mamba,7808,0,estimated
2025-12-06,prefix-dev/pixi,5824,7,estimated
2025-12-07,conda/conda,7226,0,estimated
2025-12-07,mamba-org/mamba,7808,0,estimated
2025-12-07,prefix-dev/pixi,5830,6,estimated
2025-12-08,conda/conda,7228,2,estimated
2025-12-08,mamba-org/mamba,7810,2,estimated
2025-12-08,prefix-dev/pixi,5830,0,estimated
2025-12-09,conda/conda,7230,2,estimated
2025-12-09,mamba-org/mamba,7810,0,estimated
2025-12-09,prefix-dev/pixi,5835,5,estimated
2025-12-10,conda/conda,7232,2,estimated
2025-12-10,mamba-org/mamba,7813,3,estimated
2025-12-10,prefix-dev/pixi,5844,9,estimated
2025-12-11,conda/conda,7234,2,estimated
2025-12-11,mamba-org/mamba,7813,0,estimated
2025-12-11,prefix-dev/pixi,5858,14,estimated
2025-12-12,conda/conda,7234,0,estimated
2025-12-12,mamba-org/mamba,7817,4,estimated
2025-12-12,prefix-dev/pixi,5862,4,estimated
2025-12-13,conda/conda,7237,3,estimated
2025-12-13,mamba-org/mamba,7817,0,estimated
2025-12-13,prefix-dev/pixi,5869,7,estimated
2025-12-14,conda/conda,7237,0,estimated
2025-12-14,mamba-org/mamba,7819,2,estimated
2025-12-14,prefix-dev/pixi,5876,7,estimated
2025-12-15,conda/conda,7241,4,estimated
2025-12-15,mamba-org/mamba,7819,0,estimated
2025-12-15,prefix-dev/pixi,5880,4,estimated
2025-12-16,conda/conda,7241,0,estimated
2025-12-16,mamba-org/mamba,7822,3,estimated
2025-12-16,prefix-dev/pixi,5901,21,estimated
2025-12-17,conda/conda,7243,2,estimated
2025-12-17,mamba-org/mamba,7822,0,estimated
2025-12-17,prefix-dev/pixi,5906,5,estimated
2025-12-18,conda/conda,7243,0,estimated
2025-12-18,mamba-org/mamba,7822,0,estimated
2025-12-18,prefix-dev/pixi,5910,4,estimated
2025-12-19,conda/conda,7243,0,estimated
2025-12-19,mamba-org/mamba,7831,9,estimated
2025-12-19,prefix-dev/pixi,5924,14,estimated
2025-12-20,conda/conda,7243,0,estimated
2025-12-20,mamba-org/mamba,7833,2,estimated
2025-12-20,prefix-dev/pixi,5926,2,estimated
2025-12-21,conda/conda,7243,0,estimated
2025-12-21,mamba-org/mamba,7835,2,estimated
2025-12-21,prefix-dev/pixi,5933,7,estimated
2025-12-22,conda/conda,7243,0,estimated
2025-12-22,mamba-org/mamba,7837,2,estimated
2025-12-22,prefix-dev/pixi,5935,2,estimated
2025-12-23,conda/conda,7245,2,estimated
2025-12-23,mamba-org/mamba,7837,0,estimated
2025-12-23,prefix-dev/pixi,5940,5,estimated
2025-12-24,conda/conda,7248,3,estimated
2025-12-24,mamba-org/mamba,7840,3,estimated
2025-12-24,prefix-dev/pixi,5942,2,estimated
2025-12-25,conda/conda,7252,4,estimated
2025-12-25,mamba-org/mamba,7842,2,estimated
2025-12-25,prefix-dev/pixi,5947,5,estimated
2025-12-26,conda/conda,7256,4,estimated
2025-12-26,mamba-org/mamba,7842,0,estimated
2025-12-26,prefix-dev/pixi,5956,9,estimated
2025-12-27,conda/conda,7256,0,estimated
2025-12-27,mamba-org/mamba,7842,0,estimated
2025-12-27,prefix-dev/pixi,5956,0,estimated
2025-12-28,conda/conda,7256,0,estimated
2025-12-28,mamba-org/mamba,7844,2,estimated
2025-12-28,prefix-dev/pixi,5969,13,estimated
2025-12-29,conda/conda,7259,3,estimated
2025-12-29,mamba-org/mamba,7851,7,estimated
2025-12-29,prefix-dev/pixi,5972,3,estimated
2025-12-30,conda/conda,7259,0,estimated
2025-12-30,mamba-org/mamba,7851,0,estimated
2025-12-30,prefix-dev/pixi,5976,4,estimated
2025-12-31,conda/conda,7259,0,estimated
2025-12-31,mamba-org/mamba,7851,0,estimated
2025-12-31,prefix-dev/pixi,6001,25,estimated
2026-01-01,conda/conda,7259,0,estimated
2026-01-01,mamba-org/mamba,7851,0,wayback
2026-01-01,prefix-dev/pixi,6008,7,wayback
2026-01-02,conda/conda,7259,0,estimated
2026-01-02,mamba-org/mamba,7851,0,estimated
2026-01-02,prefix-dev/pixi,6014,6,estimated
2026-01-03,conda/conda,7259,0,estimated
2026-01-03,mamba-org/mamba,7851,0,estimated
2026-01-03,prefix-dev/pixi,6019,5,estimated
2026-01-04,conda/conda,7263,4,estimated
2026-01-04,mamba-org/mamba,7851,0,estimated
2026-01-04,prefix-dev/pixi,6025,6,estimated
2026-01-05,conda/conda,7267,4,estimated
2026-01-05,mamba-org/mamba,7853,2,estimated
2026-01-05,prefix-dev/pixi,6030,5,estimated
2026-01-06,conda/conda,7267,0,estimated
2026-01-06,mamba-org/mamba,7856,3,estimated
2026-01-06,prefix-dev/pixi,6044,14,estimated
2026-01-07,conda/conda,7270,3,estimated
2026-01-07,mamba-org/mamba,7856,0,estimated
2026-01-07,prefix-dev/pixi,6047,3,estimated
2026-01-08,conda/conda,7272,2,estimated
2026-01-08,mamba-org/mamba,7858,2,estimated
2026-01-08,prefix-dev/pixi,6061,14,estimated
2026-01-09,conda/conda,7274,2,estimated
2026-01-09,mamba-org/mamba,7863,5,estimated
2026-01-09,prefix-dev/pixi,6070,9,estimated
2026-01-10,conda/conda,7274,0,estimated
2026-01-10,mamba-org/mamba,7863,0,estimated
2026-01-10,prefix-dev/pixi,6078,8,estimated
2026-01-11,conda/conda,7274,0,wayback
2026-01-11,mamba-org/mamba,7863,0,estimated
2026-01-11,prefix-dev/pixi,6081,3,estimated
2026-01-12,conda/conda,7274,0,estimated
2026-01-12,mamba-org/mamba,7863,0,estimated
2026-01-12,prefix-dev/pixi,6084,3,estimated
2026-01-13,conda/conda,7274,0,estimated
2026-01-13,mamba-org/mamba,7863,0,estimated
2026-01-13,prefix-dev/pixi,6089,5,estimated
2026-01-14,conda/conda,7274,0,estimated
2026-01-14,mamba-org/mamba,7865,2,estimated
2026-01-14,prefix-dev/pixi,6098,9,estimated
2026-01-15,conda/conda,7274,0,estimated
2026-01-15,mamba-org/mamba,7867,2,estimated
2026-01-15,prefix-dev/pixi,6120,22,estimated
2026-01-16,conda/conda,7278,4,estimated
2026-01-16,mamba-org/mamba,7867,0,estimated
2026-01-16,prefix-dev/pixi,6148,28,estimated
2026-01-17,conda/conda,7279,1,estimated
2026-01-17,mamba-org/mamba,7870,3,estimated
2026-01-17,prefix-dev/pixi,6162,14,estimated
2026-01-18,conda/conda,7279,0,estimated
2026-01-18,mamba-org/mamba,7872,2,estimated
2026-01-18,prefix-dev/pixi,6171,9,estimated
2026-01-19,conda/conda,7279,0,estimated
2026-01-19,mamba-org/mamba,7874,2,estimated
2026-01-19,prefix-dev/pixi,6179,8,estimated
2026-01-20,conda/conda,7279,0,estimated
2026-01-20,mamba-org/mamba,7874,0,estimated
2026-01-20,prefix-dev/pixi,6185,6,estimated
2026-01-21,conda/conda,7279,0,estimated
2026-01-21,mamba-org/mamba,7877,3,estimated
2026-01-21,prefix-dev/pixi,6188,3,estimated
2026-01-22,conda/conda,7279,0,estimated
2026-01-22,mamba-org/mamba,7879,2,estimated
2026-01-22,prefix-dev/pixi,6196,8,estimated
2026-01-23,conda/conda,7279,0,estimated
2026-01-23,mamba-org/mamba,7879,0,estimated
2026-01-23,prefix-dev/pixi,6204,8,estimated
2026-01-24,conda/conda,7283,4,estimated
2026-01-24,mamba-org/mamba,7881,2,estimated
2026-01-24,prefix-dev/pixi,6207,3,estimated
2026-01-25,conda/conda,7283,0,estimated
2026-01-25,mamba-org/mamba,7884,3,estimated
2026-01-25,prefix-dev/pixi,6207,0,estimated
2026-01-26,conda/conda,7285,2,estimated
2026-01-26,mamba-org/mamba,7884,0,estimated
2026-01-26,prefix-dev/pixi,6213,6,estimated
2026-01-27,conda/conda,7287,2,estimated
2026-01-27,mamba-org/mamba,7888,4,estimated
2026-01-27,prefix-dev/pixi,6221,8,estimated
2026-01-28,conda/conda,7287,0,estimated
2026-01-28,mamba-org/mamba,7891,3,estimated
2026-01-28,prefix-dev/pixi,6235,14,estimated
2026-01-29,conda/conda,7287,0,estimated
2026-01-29,mamba-org/mamba,7891,0,estimated
2026-01-29,prefix-dev/pixi,6244,9,estimated
2026-01-30,conda/conda,7287,0,estimated
2026-01-30,mamba-org/mamba,7893,2,estimated
2026-01-30,prefix-dev/pixi,6255,11,estimated
2026-01-31,conda/conda,7290,3,estimated
2026-01-31,mamba-org/mamba,7893,0,estimated
2026-01-31,prefix-dev/pixi,6266,11,estimated
2026-02-01,conda/conda,7290,0,estimated
2026-02-01,mamba-org/mamba,7895,2,estimated
2026-02-01,prefix-dev/pixi,6269,3,wayback
2026-02-02,conda/conda,7292,2,wayback
2026-02-02,mamba-org/mamba,7898,3,estimated
2026-02-02,prefix-dev/pixi,6282,13,estimated
2026-02-03,conda/conda,7292,0,estimated
2026-02-03,mamba-org/mamba,7900,2,estimated
2026-02-03,prefix-dev/pixi,6294,12,estimated
2026-02-04,conda/conda,7292,0,estimated
2026-02-04,mamba-org/mamba,7900,0,estimated
2026-02-04,prefix-dev/pixi,6303,9,estimated
2026-02-05,conda/conda,7292,0,estimated
2026-02-05,mamba-org/mamba,7900,0,estimated
2026-02-05,prefix-dev/pixi,6307,4,estimated
2026-02-06,conda/conda,7294,2,estimated
2026-02-06,mamba-org/mamba,7902,2,estimated
2026-02-06,prefix-dev/pixi,6328,21,estimated
2026-02-07,conda/conda,7294,0,estimated
2026-02-07,mamba-org/mamba,7907,5,wayback
2026-02-07,prefix-dev/pixi,6341,13,estimated
2026-02-08,conda/conda,7299,5,estimated
2026-02-08,mamba-org/mamba,7912,5,estimated
2026-02-08,prefix-dev/pixi,6349,8,estimated
2026-02-09,conda/conda,7299,0,estimated
2026-02-09,mamba-org/mamba,7912,0,estimated
2026-02-09,prefix-dev/pixi,6358,9,estimated
2026-02-10,conda/conda,7304,5,estimated
2026-02-10,mamba-org/mamba,7914,2,estimated
2026-02-10,prefix-dev/pixi,6358,0,estimated
2026-02-11,conda/conda,7306,2,estimated
2026-02-11,mamba-org/mamba,7917,3,estimated
2026-02-11,prefix-dev/pixi,6366,8,estimated
2026-02-12,conda/conda,7308,2,estimated
2026-02-12,mamba-org/mamba,7917,0,estimated
2026-02-12,prefix-dev/pixi,6371,5,estimated
2026-02-13,conda/conda,7308,0,estimated
2026-02-13,mamba-org/mamba,7917,0,estimated
2026-02-13,prefix-dev/pixi,6375,4,estimated
2026-02-14,conda/conda,7311,3,estimated
2026-02-14,mamba-org/mamba,7917,0,estimated
2026-02-14,prefix-dev/pixi,6383,8,estimated
2026-02-15,conda/conda,7311,0,estimated
2026-02-15,mamba-org/mamba,7917,0,estimated
2026-02-15,prefix-dev/pixi,6383,0,estimated
2026-02-16,conda/conda,7311,0,estimated
2026-02-16,mamba-org/mamba,7917,0,estimated
2026-02-16,prefix-dev/pixi,6383,0,estimated
2026-02-17,conda/conda,7311,0,estimated
2026-02-17,mamba-org/mamba,7917,0,estimated
2026-02-17,prefix-dev/pixi,6387,4,estimated
2026-02-18,conda/conda,7311,0,estimated
2026-02-18,mamba-org/mamba,7917,0,estimated
2026-02-18,prefix-dev/pixi,6387,0,estimated
2026-02-19,conda/conda,7311,0,estimated
2026-02-19,mamba-org/mamba,7919,2,estimated
2026-02-19,prefix-dev/pixi,6392,5,estimated
2026-02-20,conda/conda,7313,2,estimated
2026-02-20,mamba-org/mamba,7919,0,estimated
2026-02-20,prefix-dev/pixi,6404,12,estimated
2026-02-21,conda/conda,7315,2,estimated
2026-02-21,mamba-org/mamba,7919,0,estimated
2026-02-21,prefix-dev/pixi,6413,9,estimated
2026-02-22,conda/conda,7318,3,estimated
2026-02-22,mamba-org/mamba,7922,3,estimated
2026-02-22,prefix-dev/pixi,6421,8,estimated
2026-02-23,conda/conda,7320,2,estimated
2026-02-23,mamba-org/mamba,7922,0,estimated
2026-02-23,prefix-dev/pixi,6421,0,estimated
2026-02-24,conda/conda,7320,0,estimated
2026-02-24,mamba-org/mamba,7924,2,estimated
2026-02-24,prefix-dev/pixi,6426,5,estimated
2026-02-25,conda/conda,7320,0,estimated
2026-02-25,mamba-org/mamba,7932,8,estimated
2026-02-25,prefix-dev/pixi,6430,4,estimated
2026-02-26,conda/conda,7320,0,estimated
2026-02-26,mamba-org/mamba,7934,2,estimated
2026-02-26,prefix-dev/pixi,6442,12,estimated
2026-02-27,conda/conda,7320,0,estimated
2026-02-27,mamba-org/mamba,7934,0,estimated
2026-02-27,prefix-dev/pixi,6451,9,estimated
2026-02-28,conda/conda,7320,0,estimated
2026-02-28,mamba-org/mamba,7934,0,estimated
2026-02-28,prefix-dev/pixi,6455,4,estimated
2026-03-01,conda/conda,7320,0,estimated
2026-03-01,mamba-org/mamba,7934,0,estimated
2026-03-01,prefix-dev/pixi,6459,4,estimated
2026-03-02,conda/conda,7320,0,wayback
2026-03-02,mamba-org/mamba,7939,5,estimated
2026-03-02,prefix-dev/pixi,6472,13,estimated
2026-03-03,conda/conda,7325,5,estimated
2026-03-03,mamba-org/mamba,7941,2,estimated
2026-03-03,prefix-dev/pixi,6497,25,estimated
2026-03-04,conda/conda,7330,5,estimated
2026-03-04,mamba-org/mamba,7944,3,estimated
2026-03-04,prefix-dev/pixi,6506,9,estimated
2026-03-05,conda/conda,7330,0,estimated
2026-03-05,mamba-org/mamba,7944,0,estimated
2026-03-05,prefix-dev/pixi,6519,13,estimated
2026-03-06,conda/conda,7332,2,estimated
2026-03-06,mamba-org/mamba,7944,0,estimated
2026-03-06,prefix-dev/pixi,6531,12,estimated
2026-03-07,conda/conda,7335,3,estimated
2026-03-07,mamba-org/mamba,7946,2,estimated
2026-03-07,prefix-dev/pixi,6531,0,estimated
2026-03-08,conda/conda,7340,5,estimated
2026-03-08,mamba-org/mamba,7949,3,estimated
2026-03-08,prefix-dev/pixi,6531,0,estimated
2026-03-09,conda/conda,7340,0,estimated
2026-03-09,mamba-org/mamba,7949,0,estimated
2026-03-09,prefix-dev/pixi,6536,5,estimated
2026-03-10,conda/conda,7340,0,estimated
2026-03-10,mamba-org/mamba,7951,2,estimated
2026-03-10,prefix-dev/pixi,6536,0,estimated
2026-03-11,conda/conda,7340,0,estimated
2026-03-11,mamba-org/mamba,7951,0,estimated
2026-03-11,prefix-dev/pixi,6544,8,wayback
2026-03-12,conda/conda,7345,5,estimated
2026-03-12,mamba-org/mamba,7951,0,estimated
2026-03-12,prefix-dev/pixi,6556,12,estimated
2026-03-13,conda/conda,7345,0,estimated
2026-03-13,mamba-org/mamba,7951,0,estimated
2026-03-13,prefix-dev/pixi,6568,12,estimated
2026-03-14,conda/conda,7347,2,estimated
2026-03-14,mamba-org/mamba,7951,0,estimated
2026-03-14,prefix-dev/pixi,6592,24,estimated
2026-03-15,conda/conda,7347,0,estimated
2026-03-15,mamba-org/mamba,7956,5,estimated
2026-03-15,prefix-dev/pixi,6598,6,estimated
2026-03-16,conda/conda,7350,3,estimated
2026-03-16,mamba-org/mamba,7956,0,estimated
2026-03-16,prefix-dev/pixi,6616,18,estimated
2026-03-17,conda/conda,7350,0,estimated
2026-03-17,mamba-org/mamba,7961,5,estimated
2026-03-17,prefix-dev/pixi,6628,12,estimated
2026-03-18,conda/conda,7350,0,estimated
2026-03-18,mamba-org/mamba,7961,0,estimated
2026-03-18,prefix-dev/pixi,6646,18,estimated
2026-03-19,conda/conda,7350,0,estimated
2026-03-19,mamba-org/mamba,7961,0,wayback
2026-03-19,prefix-dev/pixi,6652,6,estimated
2026-03-20,conda/conda,7350,0,estimated
2026-03-20,mamba-org/mamba,7961,0,estimated
2026-03-20,prefix-dev/pixi,6664,12,estimated
2026-03-21,conda/conda,7352,2,estimated
2026-03-21,mamba-org/mamba,7961,0,estimated
2026-03-21,prefix-dev/pixi,6682,18,estimated
2026-03-22,conda/conda,7352,0,estimated
2026-03-22,mamba-org/mamba,7961,0,estimated
2026-03-22,prefix-dev/pixi,6688,6,estimated
2026-03-23,conda/conda,7352,0,estimated
2026-03-23,mamba-org/mamba,7961,0,estimated
2026-03-23,prefix-dev/pixi,6688,0,estimated
2026-03-24,conda/conda,7352,0,estimated
2026-03-24,mamba-org/mamba,7971,10,estimated
2026-03-24,prefix-dev/pixi,6688,0,estimated
2026-03-25,conda/conda,7352,0,estimated
2026-03-25,mamba-org/mamba,7971,0,estimated
2026-03-25,prefix-dev/pixi,6694,6,estimated
2026-03-26,conda/conda,7352,0,estimated
2026-03-26,mamba-org/mamba,7971,0,estimated
2026-03-26,prefix-dev/pixi,6694,0,estimated
2026-03-27,conda/conda,7352,0,estimated
2026-03-27,mamba-org/mamba,7981,10,estimated
2026-03-27,prefix-dev/pixi,6700,6,estimated
2026-03-28,conda/conda,7352,0,estimated
2026-03-28,mamba-org/mamba,7981,0,estimated
2026-03-28,prefix-dev/pixi,6700,0,estimated
2026-03-29,conda/conda,7352,0,estimated
2026-03-29,mamba-org/mamba,7981,0,estimated
2026-03-29,prefix-dev/pixi,6700,0,estimated
2026-03-30,conda/conda,7352,0,estimated
2026-03-30,mamba-org/mamba,7981,0,estimated
2026-03-30,prefix-dev/pixi,6700,0,estimated
2026-03-31,conda/conda,7355,3,estimated
2026-03-31,mamba-org/mamba,7981,0,estimated
2026-03-31,prefix-dev/pixi,6700,0,estimated
2026-04-01,conda/conda,7355,0,estimated
2026-04-01,mamba-org/mamba,7981,0,estimated
2026-04-01,prefix-dev/pixi,6718,18,estimated
2026-04-02,conda/conda,7355,0,estimated
2026-04-02,mamba-org/mamba,7981,0,estimated
2026-04-02,prefix-dev/pixi,6718,0,estimated
2026-04-03,conda/conda,7357,2,estimated
2026-04-03,mamba-org/mamba,7981,0,estimated
2026-04-03,prefix-dev/pixi,6742,24,estimated
2026-04-04,conda/conda,7357,0,wayback
2026-04-04,mamba-org/mamba,7981,0,wayback
2026-04-04,prefix-dev/pixi,6760,18,estimated
2026-04-05,conda/conda,7363,6,estimated
2026-04-05,mamba-org/mamba,7981,0,estimated
2026-04-05,prefix-dev/pixi,6766,6,estimated
2026-04-06,conda/conda,7363,0,estimated
2026-04-06,mamba-org/mamba,7981,0,estimated
2026-04-06,prefix-dev/pixi,6766,0,estimated
2026-04-07,conda/conda,7363,0,estimated
2026-04-07,mamba-org/mamba,7981,0,estimated
2026-04-07,prefix-dev/pixi,6766,0,wayback
2026-04-08,conda/conda,7363,0,estimated
2026-04-08,mamba-org/mamba,7984,3,estimated
2026-04-08,prefix-dev/pixi,6782,16,estimated
2026-04-09,conda/conda,7363,0,estimated
2026-04-09,mamba-org/mamba,7984,0,estimated
2026-04-09,prefix-dev/pixi,6782,0,estimated
2026-04-10,conda/conda,7363,0,estimated
2026-04-10,mamba-org/mamba,7984,0,estimated
2026-04-10,prefix-dev/pixi,6799,17,estimated
2026-04-11,conda/conda,7369,6,estimated
2026-04-11,mamba-org/mamba,7984,0,estimated
2026-04-11,prefix-dev/pixi,6815,16,estimated
2026-04-12,conda/conda,7369,0,estimated
2026-04-12,mamba-org/mamba,7984,0,estimated
2026-04-12,prefix-dev/pixi,6815,0,estimated
2026-04-13,conda/conda,7375,6,estimated
2026-04-13,mamba-org/mamba,7984,0,estimated
2026-04-13,prefix-dev/pixi,6840,25,estimated
2026-04-14,conda/conda,7382,7,estimated
2026-04-14,mamba-org/mamba,7988,4,estimated
2026-04-14,prefix-dev/pixi,6840,0,estimated
2026-04-15,conda/conda,7382,0,estimated
2026-04-15,mamba-org/mamba,7988,0,estimated
2026-04-15,prefix-dev/pixi,6840,0,estimated
2026-04-16,conda/conda,7382,0,estimated
2026-04-16,mamba-org/mamba,7988,0,estimated
2026-04-16,prefix-dev/pixi,6864,24,estimated
2026-04-17,conda/conda,7382,0,estimated
2026-04-17,mamba-org/mamba,7991,3,estimated
2026-04-17,prefix-dev/pixi,6872,8,estimated
2026-04-18,conda/conda,7382,0,estimated
2026-04-18,mamba-org/mamba,7994,3,estimated
2026-04-18,prefix-dev/pixi,6880,8,estimated
2026-04-19,conda/conda,7382,0,estimated
2026-04-19,mamba-org/mamba,7994,0,estimated
2026-04-19,prefix-dev/pixi,6880,0,estimated
2026-04-20,conda/conda,7382,0,estimated
2026-04-20,mamba-org/mamba,7994,0,estimated
2026-04-20,prefix-dev/pixi,6889,9,estimated
2026-04-21,conda/conda,7388,6,estimated
2026-04-21,mamba-org/mamba,7994,0,estimated
2026-04-21,prefix-dev/pixi,6897,8,estimated
2026-04-22,conda/conda,7388,0,estimated
2026-04-22,mamba-org/mamba,7994,0,estimated
2026-04-22,prefix-dev/pixi,6897,0,estimated
2026-04-23,conda/conda,7388,0,estimated
2026-04-23,mamba-org/mamba,7994,0,estimated
2026-04-23,prefix-dev/pixi,6897,0,estimated
2026-04-24,conda/conda,7388,0,estimated
2026-04-24,mamba-org/mamba,7994,0,estimated
2026-04-24,prefix-dev/pixi,6897,0,estimated
2026-04-25,conda/conda,7388,0,estimated
2026-04-25,mamba-org/mamba,7994,0,estimated
2026-04-25,prefix-dev/pixi,6905,8,estimated
2026-04-26,conda/conda,7388,0,estimated
2026-04-26,mamba-org/mamba,7994,0,estimated
2026-04-26,prefix-dev/pixi,6921,16,estimated
2026-04-27,conda/conda,7388,0,estimated
2026-04-27,mamba-org/mamba,7994,0,estimated
2026-04-27,prefix-dev/pixi,6921,0,estimated
2026-04-28,conda/conda,7394,6,estimated
2026-04-28,mamba-org/mamba,7994,0,estimated
2026-04-28,prefix-dev/pixi,6921,0,estimated
2026-04-29,conda/conda,7394,0,estimated
2026-04-29,mamba-org/mamba,7994,0,estimated
2026-04-29,prefix-dev/pixi,6938,17,estimated
2026-04-30,conda/conda,7394,0,estimated
2026-04-30,mamba-org/mamba,7994,0,estimated
2026-04-30,prefix-dev/pixi,6954,16,estimated
2026-05-01,conda/conda,7394,0,estimated
2026-05-01,mamba-org/mamba,7994,0,estimated
2026-05-01,prefix-dev/pixi,6962,8,estimated
2026-05-02,conda/conda,7394,0,estimated
2026-05-02,mamba-org/mamba,8001,7,wayback
2026-05-02,prefix-dev/pixi,6987,25,estimated
2026-05-03,conda/conda,7394,0,estimated
2026-05-03,mamba-org/mamba,8001,0,estimated
2026-05-03,prefix-dev/pixi,6995,8,estimated
2026-05-04,conda/conda,7394,0,estimated
2026-05-04,mamba-org/mamba,8001,0,estimated
2026-05-04,prefix-dev/pixi,6995,0,estimated
2026-05-05,conda/conda,7394,0,estimated
2026-05-05,mamba-org/mamba,8001,0,estimated
2026-05-05,prefix-dev/pixi,6995,0,estimated
2026-05-06,conda/conda,7394,0,estimated
2026-05-06,mamba-org/mamba,8001,0,estimated
2026-05-06,prefix-dev/pixi,6995,0,estimated
2026-05-07,conda/conda,7394,0,estimated
2026-05-07,mamba-org/mamba,8001,0,estimated
2026-05-07,prefix-dev/pixi,6995,0,estimated
2026-05-08,conda/conda,7394,0,estimated
2026-05-08,mamba-org/mamba,8007,6,estimated
2026-05-08,prefix-dev/pixi,7003,8,estimated
2026-05-09,conda/conda,7394,0,estimated
2026-05-09,mamba-org/mamba,8007,0,estimated
2026-05-09,prefix-dev/pixi,7019,16,estimated
2026-05-10,conda/conda,7394,0,estimated
2026-05-10,mamba-org/mamba,8007,0,estimated
2026-05-10,prefix-dev/pixi,7036,17,estimated
2026-05-11,conda/conda,7400,6,estimated
2026-05-11,mamba-org/mamba,8010,3,estimated
2026-05-11,prefix-dev/pixi,7060,24,estimated
2026-05-12,conda/conda,7400,0,wayback
2026-05-12,mamba-org/mamba,8010,0,estimated
2026-05-12,prefix-dev/pixi,7060,0,estimated
2026-05-13,conda/conda,7409,9,estimated
2026-05-13,mamba-org/mamba,8010,0,estimated
2026-05-13,prefix-dev/pixi,7060,0,estimated
2026-05-14,conda/conda,7409,0,estimated
2026-05-14,mamba-org/mamba,8010,0,estimated
2026-05-14,prefix-dev/pixi,7069,9,estimated
2026-05-15,conda/conda,7409,0,estimated
2026-05-15,mamba-org/mamba,8010,0,estimated
2026-05-15,prefix-dev/pixi,7069,0,estimated
2026-05-16,conda/conda,7409,0,estimated
2026-05-16,mamba-org/mamba,8013,3,estimated
2026-05-16,prefix-dev/pixi,7077,8,estimated
2026-05-17,conda/conda,7409,0,estimated
2026-05-17,mamba-org/mamba,8013,0,estimated
2026-05-17,prefix-dev/pixi,7085,8,estimated
2026-05-18,conda/conda,7409,0,estimated
2026-05-18,mamba-org/mamba,8013,0,estimated
2026-05-18,prefix-dev/pixi,7085,0,estimated
2026-05-19,conda/conda,7409,0,estimated
2026-05-19,mamba-org/mamba,8013,0,estimated
2026-05-19,prefix-dev/pixi,7109,24,estimated
2026-05-20,conda/conda,7409,0,estimated
2026-05-20,mamba-org/mamba,8013,0,estimated
2026-05-20,prefix-dev/pixi,7134,25,estimated
2026-05-21,conda/conda,7409,0,estimated
2026-05-21,mamba-org/mamba,8013,0,estimated
2026-05-21,prefix-dev/pixi,7150,16,estimated
2026-05-22,conda/conda,7409,0,estimated
2026-05-22,mamba-org/mamba,8013,0,estimated
2026-05-22,prefix-dev/pixi,7150,0,estimated
2026-05-23,conda/conda,7409,0,estimated
2026-05-23,mamba-org/mamba,8013,0,estimated
2026-05-23,prefix-dev/pixi,7167,17,estimated
2026-05-24,conda/conda,7409,0,estimated
2026-05-24,mamba-org/mamba,8016,3,estimated
2026-05-24,prefix-dev/pixi,7175,8,estimated
2026-05-25,conda/conda,7409,0,estimated
2026-05-25,mamba-org/mamba,8016,0,estimated
2026-05-25,prefix-dev/pixi,7183,8,estimated
2026-05-26,conda/conda,7409,0,estimated
2026-05-26,mamba-org/mamba,8016,0,estimated
2026-05-26,prefix-dev/pixi,7183,0,estimated
2026-05-27,conda/conda,7409,0,estimated
2026-05-27,mamba-org/mamba,8016,0,estimated
2026-05-27,prefix-dev/pixi,7183,0,wayback
2026-05-28,conda/conda,7409,0,estimated
2026-05-28,mamba-org/mamba,8019,3,estimated
2026-05-28,prefix-dev/pixi,7200,17,estimated
2026-05-29,conda/conda,7418,9,estimated
2026-05-29,mamba-org/mamba,8019,0,estimated
2026-05-29,prefix-dev/pixi,7200,0,estimated
2026-05-30,conda/conda,7418,0,estimated
2026-05-30,mamba-org/mamba,8019,0,estimated
2026-05-30,prefix-dev/pixi,7200,0,estimated
2026-05-31,conda/conda,7418,0,estimated
2026-05-31,mamba-org/mamba,8019,0,estimated
2026-05-31,prefix-dev/pixi,7217,17,estimated
2026-06-01,conda/conda,7418,0,wayback
2026-06-01,mamba-org/mamba,8019,0,estimated
2026-06-01,prefix-dev/pixi,7217,0,estimated
2026-06-02,conda/conda,7418,0,estimated
2026-06-02,mamba-org/mamba,8022,3,estimated
2026-06-02,prefix-dev/pixi,7217,0,estimated
2026-06-03,conda/conda,7418,0,estimated
2026-06-03,mamba-org/mamba,8022,0,estimated
2026-06-03,prefix-dev/pixi,7217,0,estimated
2026-06-04,conda/conda,7418,0,estimated
2026-06-04,mamba-org/mamba,8022,0,estimated
2026-06-04,prefix-dev/pixi,7217,0,estimated
2026-06-05,conda/conda,7436,18,estimated
2026-06-05,mamba-org/mamba,8022,0,wayback
2026-06-05,prefix-dev/pixi,7251,34,estimated
2026-06-06,conda/conda,7436,0,estimated
2026-06-06,mamba-org/mamba,8022,0,estimated
2026-06-06,prefix-dev/pixi,7251,0,estimated
2026-06-07,conda/conda,7455,19,estimated
2026-06-07,mamba-org/mamba,8022,0,estimated
2026-06-07,prefix-dev/pixi,7251,0,estimated
2026-06-08,conda/conda,7455,0,estimated
2026-06-08,mamba-org/mamba,8022,0,estimated
2026-06-08,prefix-dev/pixi,7268,17,estimated
2026-06-09,conda/conda,7455,0,estimated
2026-06-09,mamba-org/mamba,8038,16,estimated
2026-06-09,prefix-dev/pixi,7268,0,estimated
2026-06-10,conda/conda,7455,0,estimated
2026-06-10,mamba-org/mamba,8038,0,estimated
2026-06-10,prefix-dev/pixi,7285,17,estimated
2026-06-11,conda/conda,7455,0,estimated
2026-06-11,mamba-org/mamba,8038,0,estimated
2026-06-11,prefix-dev/pixi,7285,0,estimated
2026-06-12,conda/conda,7455,0,estimated
2026-06-12,mamba-org/mamba,8038,0,estimated
2026-06-12,prefix-dev/pixi,7285,0,estimated
2026-06-13,conda/conda,7455,0,estimated
2026-06-13,mamba-org/mamba,8038,0,estimated
2026-06-13,prefix-dev/pixi,7285,0,estimated
2026-06-14,conda/conda,7455,0,estimated
2026-06-14,mamba-org/mamba,8053,15,estimated
2026-06-14,prefix-dev/pixi,7285,0,estimated
2026-06-15,conda/conda,7455,0,estimated
2026-06-15,mamba-org/mamba,8053,0,estimated
2026-06-15,prefix-dev/pixi,7285,0,estimated
2026-06-16,conda/conda,7455,0,estimated
2026-06-16,mamba-org/mamba,8053,0,estimated
2026-06-16,prefix-dev/pixi,7285,0,wayback
2026-06-17,conda/conda,7455,0,estimated
2026-06-17,mamba-org/mamba,8053,0,estimated
2026-06-17,prefix-dev/pixi,7285,0,estimated
2026-06-18,conda/conda,7455,0,estimated
2026-06-18,mamba-org/mamba,8053,0,estimated
2026-06-18,prefix-dev/pixi,7285,0,estimated
2026-06-19,conda/conda,7455,0,estimated
2026-06-19,mamba-org/mamba,8053,0,estimated
2026-06-19,prefix-dev/pixi,7285,0,estimated
2026-06-20,conda/conda,7455,0,estimated
2026-06-20,mamba-org/mamba,8053,0,estimated
2026-06-20,prefix-dev/pixi,7384,99,estimated
2026-06-21,conda/conda,7455,0,estimated
2026-06-21,mamba-org/mamba,8053,0,estimated
2026-06-21,prefix-dev/pixi,7384,0,estimated
2026-06-22,conda/conda,7455,0,estimated
2026-06-22,mamba-org/mamba,8053,0,estimated
2026-06-22,prefix-dev/pixi,7384,0,estimated
2026-06-23,conda/conda,7455,0,estimated
2026-06-23,mamba-org/mamba,8069,16,estimated
2026-06-23,prefix-dev/pixi,7384,0,estimated
2026-06-24,conda/conda,7455,0,estimated
2026-06-24,mamba-org/mamba,8069,0,estimated
2026-06-24,prefix-dev/pixi,7384,0,estimated
2026-06-25,conda/conda,7473,18,estimated
2026-06-25,mamba-org/mamba,8069,0,estimated
2026-06-25,prefix-dev/pixi,7384,0,estimated
2026-06-26,conda/conda,7473,0,estimated
2026-06-26,mamba-org/mamba,8069,0,estimated
2026-06-26,prefix-dev/pixi,7384,0,estimated
2026-06-27,conda/conda,7473,0,estimated
2026-06-27,mamba-org/mamba,8069,0,estimated
2026-06-27,prefix-dev/pixi,7384,0,estimated
2026-06-28,conda/conda,7473,0,estimated
2026-06-28,mamba-org/mamba,8069,0,estimated
2026-06-28,prefix-dev/pixi,7384,0,estimated
2026-06-29,conda/conda,7473,0,estimated
2026-06-29,mamba-org/mamba,8069,0,estimated
2026-06-29,prefix-dev/pixi,7384,0,estimated
2026-06-30,conda/conda,7473,0,estimated
2026-06-30,mamba-org/mamba,8069,0,estimated
2026-06-30,prefix-dev/pixi,7384,0,estimated
2026-07-01,conda/conda,7473,0,estimated
2026-07-01,mamba-org/mamba,8069,0,estimated
2026-07-01,prefix-dev/pixi,7384,0,estimated
2026-07-02,conda/conda,7473,0,estimated
2026-07-02,mamba-org/mamba,8069,0,estimated
2026-07-02,prefix-dev/pixi,7434,50,estimated
2026-07-03,conda/conda,7473,0,estimated
2026-07-03,mamba-org/mamba,8069,0,estimated
2026-07-03,prefix-dev/pixi,7434,0,estimated
2026-07-04,conda/conda,7473,0,estimated
2026-07-04,mamba-org/mamba,8069,0,estimated
2026-07-04,prefix-dev/pixi,7434,0,estimated
2026-07-05,conda/conda,7473,0,estimated
2026-07-05,mamba-org/mamba,8069,0,estimated
2026-07-05,prefix-dev/pixi,7434,0,estimated
2026-07-06,conda/conda,7473,0,estimated
2026-07-06,mamba-org/mamba,8069,0,estimated
2026-07-06,prefix-dev/pixi,7434,0,estimated
2026-07-07,conda/conda,7473,0,estimated
2026-07-07,mamba-org/mamba,8069,0,estimated
2026-07-07,prefix-dev/pixi,7434,0,estimated
2026-07-08,conda/conda,7473,0,estimated
2026-07-08,mamba-org/mamba,8069,0,estimated
2026-07-08,prefix-dev/pixi,7434,0,estimated
2026-07-09,conda/conda,7473,0,estimated
2026-07-09,mamba-org/mamba,8069,0,estimated
2026-07-09,prefix-dev/pixi,7434,0,estimated
2026-07-10,conda/conda,7473,0,estimated
2026-07-10,mamba-org/mamba,8069,0,estimated
2026-07-10,prefix-dev/pixi,7434,0,estimated
2026-07-11,conda/conda,7473,0,estimated
2026-07-11,mamba-org/mamba,8069,0,estimated
2026-07-11,prefix-dev/pixi,7434,0,estimated
2026-07-12,conda/conda,7473,0,estimated
2026-07-12,mamba-org/mamba,8069,0,estimated
2026-07-12,prefix-dev/pixi,7434,0,estimated
2026-07-13,conda/conda,7473,0,estimated
2026-07-13,mamba-org/mamba,8069,0,estimated
2026-07-13,prefix-dev/pixi,7434,0,estimated
2026-07-14,conda/conda,7473,0,estimated
2026-07-14,mamba-org/mamba,8069,0,estimated
2026-07-14,prefix-dev/pixi,7434,0,estimated
2026-07-15,conda/conda,7473,0,estimated
2026-07-15,mamba-org/mamba,8069,0,estimated
2026-07-15,prefix-dev/pixi,7434,0,estimated
2026-07-16,conda/conda,7473,0,snapshot
2026-07-16,mamba-org/mamba,8069,0,snapshot
2026-07-16,prefix-dev/pixi,7436,2,snapshot
2026-07-17,conda/conda,7474,1,snapshot
2026-07-17,mamba-org/mamba,8070,1,snapshot
2026-07-17,prefix-dev/pixi,7447,11,snapshot
2026-07-18,conda/conda,7474,0,snapshot
2026-07-18,mamba-org/mamba,8070,0,snapshot
2026-07-18,prefix-dev/pixi,7452,5,snapshot
2026-07-19,conda/conda,7473,-1,snapshot
2026-07-19,mamba-org/mamba,8073,3,snapshot
2026-07-19,prefix-dev/pixi,7456,4,snapshot
2026-07-20,conda/conda,7473,0,snapshot
2026-07-20,mamba-org/mamba,8072,-1,snapshot
2026-07-20,prefix-dev/pixi,7463,7,snapshot
2026-07-21,conda/conda,7475,2,snapshot
2026-07-21,mamba-org/mamba,8072,0,snapshot
2026-07-21,prefix-dev/pixi,7477,14,snapshot
2026-07-22,conda/conda,7475,0,snapshot
2026-07-22,mamba-org/mamba,8071,-1,snapshot
2026-07-22,prefix-dev/pixi,7486,9,snapshot
2026-07-23,conda/conda,7475,0,snapshot
2026-07-23,mamba-org/mamba,8070,-1,snapshot
2026-07-23,prefix-dev/pixi,7494,8,snapshot
2026-07-24,conda/conda,7477,2,snapshot
2026-07-24,mamba-org/mamba,8072,2,snapshot
2026-07-24,prefix-dev/pixi,7501,7,snapshot
2026-07-25,conda/conda,7479,2,snapshot
2026-07-25,mamba-org/mamba,8073,1,snapshot
2026-07-25,prefix-dev/pixi,7502,1,snapshot
2026-07-26,conda/conda,7479,0,snapshot
2026-07-26,mamba-org/mamba,8075,2,snapshot
2026-07-26,prefix-dev/pixi,7506,4,snapshot
2026-07-27,conda/conda,7479,0,snapshot
2026-07-27,mamba-org/mamba,8074,-1,snapshot
2026-07-27,prefix-dev/pixi,7506,0,snapshot
